trade_id,timestamp,symbol,direction,status,outcome,risk_tier,margin_allocated,leverage,notional_position,dynamic_tp_pct,dynamic_sl_pct,actual_mfe_pct,actual_mae_pct,gross_return_pct,gross_pnl,fees_paid,slippage_cost,friction_tax,net_pnl,account_equity,drawdown_pct,rejection_reason
1,2026-07-23 09:00:00+00:00,ETHUSDT,LONG,EXECUTED,TIME_CLOSE_EXIT,LOW_RISK,0.5,3.8,1.88,0.42,0.8,0.12,0.57,1.0,0.02,0.0,0.0,0.0,0.02,100.02,0.0,
2,2026-07-23 09:00:00+00:00,XRPUSDT,LONG,EXECUTED,TIME_CLOSE_EXIT,LOW_RISK,0.5,3.8,1.88,0.42,0.8,0.11,0.29,1.0,0.02,0.0,0.0,0.0,0.02,100.03,0.0,
3,2026-07-23 09:30:00+00:00,BTCUSDT,LONG,EXECUTED,TIME_CLOSE_EXIT,LOW_RISK,0.5,3.8,1.88,0.42,0.8,0.09,0.28,5.0,0.09,0.0,0.0,0.0,0.09,100.12,0.0,
4,2026-07-23 09:30:00+00:00,SOLUSDT,LONG,REJECTED,,,,,,,,,,,,,,,0.0,100.12115515635514,,High Risk + Low Quality + Low Profit
5,2026-07-23 09:45:00+00:00,XRPUSDT,SHORT,EXECUTED,TIME_CLOSE_EXIT,LOW_RISK,0.5,3.8,1.88,0.42,0.8,0.11,0.33,1.0,0.02,0.0,0.0,0.0,0.02,100.14,0.0,
6,2026-07-23 11:00:00+00:00,XRPUSDT,LONG,EXECUTED,TIME_CLOSE_EXIT,LOW_RISK,0.5,3.8,1.88,0.42,0.8,0.0,0.18,1.0,0.02,0.0,0.0,0.0,0.02,100.15,0.0,
7,2026-07-23 11:15:00+00:00,XRPUSDT,SHORT,EXECUTED,TAKE_PROFIT_HIT,LOW_RISK,2.0,3.8,7.51,2.03,0.8,2.93,0.22,2.03,0.15,0.01,0.01,0.01,0.14,100.29,0.0,
8,2026-07-23 11:30:00+00:00,BTCUSDT,SHORT,EXECUTED,TAKE_PROFIT_HIT,LOW_RISK,2.01,3.8,7.52,1.05,0.8,1.38,0.13,1.05,0.08,0.01,0.01,0.01,0.07,100.36,0.0,
9,2026-07-23 12:15:00+00:00,ETHUSDT,SHORT,EXECUTED,TAKE_PROFIT_HIT,LOW_RISK,2.01,3.8,7.53,2.58,0.8,3.1,0.27,2.58,0.19,0.01,0.01,0.01,0.18,100.54,0.0,
10,2026-07-23 12:30:00+00:00,SOLUSDT,SHORT,EXECUTED,TAKE_PROFIT_HIT,HIGH_RISK,0.5,1.5,0.75,1.61,0.93,1.91,0.83,1.61,0.01,0.0,0.0,0.0,0.01,100.55,0.0,
11,2026-07-23 20:00:00+00:00,BTCUSDT,LONG,EXECUTED,TIME_CLOSE_EXIT,LOW_RISK,0.5,3.8,1.89,0.42,0.8,0.28,0.34,13.0,0.25,0.0,0.0,0.0,0.24,100.79,0.0,
12,2026-07-23 20:30:00+00:00,XRPUSDT,LONG,EXECUTED,TIME_CLOSE_EXIT,LOW_RISK,1.51,3.8,5.67,0.42,0.8,0.29,0.41,2.0,0.11,0.0,0.01,0.01,0.1,100.89,0.0,
13,2026-07-23 21:30:00+00:00,SOLUSDT,LONG,EXECUTED,TIME_CLOSE_EXIT,LOW_RISK,0.5,3.8,1.89,0.42,0.8,0.26,0.54,7.0,0.13,0.0,0.0,0.0,0.13,101.02,0.0,
14,2026-07-23 23:45:00+00:00,XRPUSDT,SHORT,EXECUTED,TIME_CLOSE_EXIT,LOW_RISK,1.52,3.8,5.68,0.42,0.8,0.35,0.28,3.0,0.17,0.0,0.01,0.01,0.16,101.18,0.0,
15,2026-07-24 00:00:00+00:00,SOLUSDT,SHORT,EXECUTED,TAKE_PROFIT_HIT,LOW_RISK,0.51,3.8,1.9,0.48,0.8,0.58,0.51,0.48,0.01,0.0,0.0,0.0,0.01,101.19,0.0,
16,2026-07-24 00:15:00+00:00,BTCUSDT,SHORT,EXECUTED,TIME_CLOSE_EXIT,LOW_RISK,0.51,3.8,1.9,0.42,0.8,0.18,0.47,1.0,0.02,0.0,0.0,0.0,0.02,101.2,0.0,
17,2026-07-24 02:00:00+00:00,BTCUSDT,LONG,EXECUTED,TAKE_PROFIT_HIT,LOW_RISK,2.02,3.8,7.59,0.82,0.8,0.98,0.38,0.82,0.06,0.01,0.01,0.01,0.05,101.25,0.0,
18,2026-07-24 02:15:00+00:00,XRPUSDT,LONG,EXECUTED,TIME_CLOSE_EXIT,LOW_RISK,0.51,3.8,1.9,0.42,0.8,0.04,0.32,0.0,0.0,0.0,0.0,0.0,-0.0,101.25,0.0,
19,2026-07-24 02:30:00+00:00,XRPUSDT,SHORT,EXECUTED,TIME_CLOSE_EXIT,LOW_RISK,0.51,3.8,1.9,0.42,0.8,0.29,0.36,1.0,0.02,0.0,0.0,0.0,0.02,101.26,0.0,
20,2026-07-24 03:15:00+00:00,XRPUSDT,LONG,EXECUTED,TIME_CLOSE_EXIT,LOW_RISK,0.51,3.8,1.9,0.42,0.8,0.13,0.43,2.0,0.04,0.0,0.0,0.0,0.03,101.3,0.0,
21,2026-07-24 03:30:00+00:00,DOGEUSDT,LONG,EXECUTED,TIME_CLOSE_EXIT,LOW_RISK,0.51,3.8,1.9,0.42,0.8,0.06,0.48,1.0,0.02,0.0,0.0,0.0,0.02,101.31,0.0,
22,2026-07-24 03:30:00+00:00,ETHUSDT,LONG,EXECUTED,TAKE_PROFIT_HIT,LOW_RISK,2.03,3.8,7.6,1.22,0.8,1.53,0.4,1.22,0.09,0.01,0.01,0.01,0.08,101.39,0.0,
23,2026-07-24 04:00:00+00:00,DOGEUSDT,SHORT,EXECUTED,TIME_CLOSE_EXIT,LOW_RISK,0.51,3.8,1.9,0.42,0.8,0.35,0.38,4.0,0.08,0.0,0.0,0.0,0.07,101.46,0.0,
24,2026-07-24 04:45:00+00:00,XRPUSDT,SHORT,EXECUTED,TIME_CLOSE_EXIT,LOW_RISK,0.51,3.8,1.9,0.42,0.8,0.09,0.32,1.0,0.02,0.0,0.0,0.0,0.02,101.48,0.0,
25,2026-07-24 05:45:00+00:00,XRPUSDT,LONG,EXECUTED,TAKE_PROFIT_HIT,LOW_RISK,2.03,3.8,7.61,0.82,0.8,1.03,0.19,0.82,0.06,0.01,0.01,0.01,0.05,101.53,0.0,
26,2026-07-24 06:00:00+00:00,SOLUSDT,LONG,EXECUTED,TAKE_PROFIT_HIT,MEDIUM_RISK,1.02,3.0,3.05,0.55,0.8,0.75,0.67,0.55,0.02,0.0,0.0,0.01,0.01,101.54,0.0,
27,2026-07-24 06:30:00+00:00,DOGEUSDT,LONG,EXECUTED,TAKE_PROFIT_HIT,LOW_RISK,2.03,3.8,7.62,0.99,0.8,1.26,0.14,0.99,0.08,0.01,0.01,0.01,0.06,101.6,0.0,
28,2026-07-24 09:00:00+00:00,BTCUSDT,SHORT,EXECUTED,TAKE_PROFIT_HIT,LOW_RISK,2.03,3.8,7.62,1.61,0.8,2.01,0.41,1.61,0.12,0.01,0.01,0.01,0.11,101.71,0.0,
29,2026-07-24 09:00:00+00:00,SOLUSDT,SHORT,EXECUTED,TAKE_PROFIT_HIT,LOW_RISK,2.03,3.8,7.63,2.03,0.8,2.72,0.45,2.03,0.15,0.01,0.01,0.01,0.14,101.85,0.0,
30,2026-07-24 09:15:00+00:00,XRPUSDT,SHORT,EXECUTED,TAKE_PROFIT_HIT,LOW_RISK,2.04,3.8,7.64,1.61,0.8,2.19,0.07,1.61,0.12,0.01,0.01,0.01,0.11,101.96,0.0,
31,2026-07-24 10:00:00+00:00,ETHUSDT,SHORT,EXECUTED,TAKE_PROFIT_HIT,LOW_RISK,2.04,3.8,7.65,1.3,0.8,1.87,0.28,1.3,0.1,0.01,0.01,0.01,0.09,102.05,0.0,
32,2026-07-24 11:30:00+00:00,DOGEUSDT,SHORT,EXECUTED,TAKE_PROFIT_HIT,LOW_RISK,2.04,3.8,7.65,1.3,0.8,1.71,0.39,1.3,0.1,0.01,0.01,0.01,0.09,102.13,0.0,
33,2026-07-24 18:00:00+00:00,DOGEUSDT,LONG,EXECUTED,TIME_CLOSE_EXIT,LOW_RISK,0.51,3.8,1.91,0.42,0.8,0.3,0.43,8.0,0.15,0.0,0.0,0.0,0.15,102.28,0.0,
34,2026-07-24 19:30:00+00:00,BTCUSDT,LONG,EXECUTED,TIME_CLOSE_EXIT,LOW_RISK,0.51,3.8,1.92,0.42,0.8,0.06,0.19,2.0,0.04,0.0,0.0,0.0,0.03,102.32,0.0,
35,2026-07-24 20:30:00+00:00,XRPUSDT,LONG,EXECUTED,TAKE_PROFIT_HIT,LOW_RISK,1.83,3.8,6.88,0.42,0.8,0.51,0.22,0.43,0.03,0.01,0.01,0.01,0.02,102.33,0.0,
36,2026-07-24 21:00:00+00:00,BTCUSDT,SHORT,EXECUTED,TIME_CLOSE_EXIT,LOW_RISK,0.51,3.8,1.92,0.42,0.8,0.23,0.16,17.0,0.33,0.0,0.0,0.0,0.32,102.66,0.0,
37,2026-07-24 21:30:00+00:00,DOGEUSDT,SHORT,EXECUTED,TIME_CLOSE_EXIT,LOW_RISK,1.54,3.8,5.77,0.42,0.8,0.35,0.41,2.0,0.12,0.0,0.01,0.01,0.11,102.76,0.0,
38,2026-07-24 22:30:00+00:00,DOGEUSDT,LONG,EXECUTED,TAKE_PROFIT_HIT,LOW_RISK,2.06,3.8,7.71,0.55,0.8,0.75,0.12,0.55,0.04,0.01,0.01,0.01,0.03,102.79,0.0,
39,2026-07-24 23:30:00+00:00,SOLUSDT,LONG,EXECUTED,TAKE_PROFIT_HIT,LOW_RISK,2.06,3.8,7.71,0.46,0.8,0.57,0.11,0.46,0.04,0.01,0.01,0.01,0.02,102.81,0.0,
40,2026-07-25 00:00:00+00:00,ETHUSDT,LONG,EXECUTED,TIME_CLOSE_EXIT,LOW_RISK,0.51,3.8,1.93,0.42,0.8,0.09,0.33,2.0,0.04,0.0,0.0,0.0,0.04,102.85,0.0,
41,2026-07-25 01:00:00+00:00,ETHUSDT,SHORT,EXECUTED,TIME_CLOSE_EXIT,LOW_RISK,0.51,3.8,1.93,0.42,0.8,0.18,0.23,11.0,0.21,0.0,0.0,0.0,0.21,103.06,0.0,
42,2026-07-25 04:30:00+00:00,BTCUSDT,LONG,EXECUTED,TIME_CLOSE_EXIT,LOW_RISK,0.52,3.8,1.93,0.42,0.8,0.02,0.33,1.0,0.02,0.0,0.0,0.0,0.02,103.07,0.0,
43,2026-07-25 04:45:00+00:00,ETHUSDT,LONG,EXECUTED,TIME_CLOSE_EXIT,LOW_RISK,0.52,3.8,1.93,0.42,0.8,0.09,0.22,1.0,0.02,0.0,0.0,0.0,0.02,103.09,0.0,
44,2026-07-25 05:30:00+00:00,XRPUSDT,SHORT,EXECUTED,TAKE_PROFIT_HIT,LOW_RISK,1.84,3.8,6.89,0.42,0.8,0.51,0.16,0.43,0.03,0.01,0.01,0.01,0.02,103.1,0.0,
45,2026-07-25 05:30:00+00:00,DOGEUSDT,SHORT,EXECUTED,TIME_CLOSE_EXIT,LOW_RISK,0.52,3.8,1.93,0.42,0.8,0.26,0.38,10.0,0.19,0.0,0.0,0.0,0.19,103.29,0.0,
46,2026-07-25 05:30:00+00:00,ETHUSDT,SHORT,EXECUTED,TIME_CLOSE_EXIT,LOW_RISK,1.55,3.8,5.81,0.42,0.8,0.37,0.15,13.0,0.76,0.0,0.01,0.01,0.74,104.04,0.0,
47,2026-07-25 05:45:00+00:00,SOLUSDT,SHORT,EXECUTED,TAKE_PROFIT_HIT,LOW_RISK,2.08,3.8,7.8,0.48,0.8,0.58,0.09,0.48,0.04,0.01,0.01,0.01,0.02,104.06,0.0,
48,2026-07-25 05:45:00+00:00,BTCUSDT,SHORT,EXECUTED,TIME_CLOSE_EXIT,LOW_RISK,1.85,3.8,6.95,0.42,0.8,0.33,0.07,12.0,0.83,0.01,0.01,0.01,0.82,104.88,0.0,
49,2026-07-25 09:15:00+00:00,DOGEUSDT,LONG,EXECUTED,TIME_CLOSE_EXIT,LOW_RISK,0.52,3.8,1.97,0.42,0.8,0.03,0.4,1.0,0.02,0.0,0.0,0.0,0.02,104.9,0.0,
50,2026-07-25 10:15:00+00:00,SOLUSDT,LONG,EXECUTED,TIME_CLOSE_EXIT,LOW_RISK,0.52,3.8,1.97,0.42,0.8,0.08,0.18,3.0,0.06,0.0,0.0,0.0,0.06,104.96,0.0,
51,2026-07-25 10:30:00+00:00,XRPUSDT,LONG,EXECUTED,TAKE_PROFIT_HIT,LOW_RISK,2.1,3.8,7.87,1.22,0.8,1.63,0.09,1.22,0.1,0.01,0.01,0.01,0.08,105.04,0.0,
52,2026-07-25 10:30:00+00:00,ETHUSDT,LONG,EXECUTED,TAKE_PROFIT_HIT,LOW_RISK,2.1,3.8,7.88,0.82,0.8,1.07,0.02,0.82,0.06,0.01,0.01,0.01,0.05,105.09,0.0,
53,2026-07-25 10:45:00+00:00,BTCUSDT,LONG,EXECUTED,TAKE_PROFIT_HIT,LOW_RISK,2.1,3.8,7.88,0.67,0.8,0.83,0.08,0.67,0.05,0.01,0.01,0.01,0.04,105.13,0.0,
54,2026-07-25 11:30:00+00:00,SOLUSDT,SHORT,EXECUTED,TIME_CLOSE_EXIT,LOW_RISK,0.53,3.8,1.97,0.42,0.8,0.08,0.22,4.0,0.08,0.0,0.0,0.0,0.08,105.2,0.0,
55,2026-07-25 12:00:00+00:00,DOGEUSDT,LONG,EXECUTED,TAKE_PROFIT_HIT,LOW_RISK,2.1,2.9,6.13,3.43,1.03,5.94,0.19,3.43,0.21,0.0,0.01,0.01,0.2,105.4,0.0,
56,2026-07-25 13:15:00+00:00,SOLUSDT,LONG,EXECUTED,TIME_CLOSE_EXIT,LOW_RISK,1.89,3.8,7.08,0.42,0.8,0.3,0.27,2.0,0.14,0.01,0.01,0.01,0.13,105.53,0.0,
57,2026-07-25 14:15:00+00:00,SOLUSDT,SHORT,EXECUTED,TIME_CLOSE_EXIT,LOW_RISK,0.53,3.8,1.98,0.42,0.8,0.08,0.3,0.0,0.0,0.0,0.0,0.0,-0.0,105.53,0.0,
58,2026-07-25 14:45:00+00:00,SOLUSDT,LONG,EXECUTED,TAKE_PROFIT_HIT,LOW_RISK,2.11,3.8,7.91,0.67,0.8,0.9,0.19,0.67,0.05,0.01,0.01,0.01,0.04,105.57,0.0,
59,2026-07-25 20:45:00+00:00,XRPUSDT,SHORT,EXECUTED,TIME_CLOSE_EXIT,LOW_RISK,0.53,3.8,1.98,0.42,0.8,0.12,0.25,13.0,0.26,0.0,0.0,0.0,0.25,105.82,0.0,
60,2026-07-25 21:15:00+00:00,ETHUSDT,SHORT,EXECUTED,TIME_CLOSE_EXIT,LOW_RISK,0.53,3.8,1.98,0.42,0.8,0.08,0.26,0.0,0.0,0.0,0.0,0.0,-0.0,105.82,0.0,
61,2026-07-25 22:00:00+00:00,ETHUSDT,LONG,EXECUTED,TAKE_PROFIT_HIT,LOW_RISK,2.12,3.8,7.94,0.67,0.8,0.81,0.1,0.67,0.05,0.01,0.01,0.01,0.04,105.85,0.0,
62,2026-07-25 22:15:00+00:00,SOLUSDT,SHORT,EXECUTED,TIME_CLOSE_EXIT,LOW_RISK,0.53,3.8,1.98,0.42,0.8,0.11,0.2,1.0,0.02,0.0,0.0,0.0,0.02,105.87,0.0,
63,2026-07-25 22:15:00+00:00,DOGEUSDT,SHORT,EXECUTED,TAKE_PROFIT_HIT,MEDIUM_RISK,1.06,3.0,3.18,0.71,0.8,0.9,0.71,0.71,0.02,0.0,0.0,0.01,0.02,105.89,0.0,
64,2026-07-25 23:00:00+00:00,SOLUSDT,LONG,EXECUTED,TIME_CLOSE_EXIT,LOW_RISK,0.53,3.8,1.99,0.42,0.8,0.04,0.09,2.0,0.04,0.0,0.0,0.0,0.04,105.92,0.0,
65,2026-07-25 23:30:00+00:00,SOLUSDT,SHORT,EXECUTED,TIME_CLOSE_EXIT,LOW_RISK,0.53,3.8,1.99,0.42,0.8,0.0,0.13,1.0,0.02,0.0,0.0,0.0,0.02,105.94,0.0,
66,2026-07-25 23:45:00+00:00,SOLUSDT,LONG,EXECUTED,TAKE_PROFIT_HIT,LOW_RISK,2.12,3.8,7.95,0.67,0.8,0.95,0.12,0.67,0.05,0.01,0.01,0.01,0.04,105.98,0.0,
67,2026-07-26 01:45:00+00:00,XRPUSDT,LONG,EXECUTED,TIME_CLOSE_EXIT,LOW_RISK,0.53,3.8,1.99,0.42,0.8,0.08,0.12,0.0,0.0,0.0,0.0,0.0,-0.0,105.98,0.0,
68,2026-07-26 02:15:00+00:00,DOGEUSDT,LONG,EXECUTED,TAKE_PROFIT_HIT,MEDIUM_RISK,1.06,3.0,3.18,1.22,0.8,1.77,0.71,1.22,0.04,0.0,0.0,0.01,0.03,106.01,0.0,
69,2026-07-26 02:30:00+00:00,XRPUSDT,SHORT,EXECUTED,TIME_CLOSE_EXIT,LOW_RISK,0.53,3.8,1.99,0.42,0.8,0.04,0.19,0.0,0.0,0.0,0.0,0.0,-0.0,106.01,0.0,
70,2026-07-26 02:45:00+00:00,XRPUSDT,LONG,EXECUTED,TIME_CLOSE_EXIT,LOW_RISK,1.59,3.8,5.96,0.42,0.8,0.35,0.3,8.0,0.48,0.0,0.01,0.01,0.47,106.47,0.0,
71,2026-07-26 05:45:00+00:00,BTCUSDT,SHORT,EXECUTED,TIME_CLOSE_EXIT,LOW_RISK,0.53,3.8,2.0,0.42,0.8,0.19,0.14,2.0,0.04,0.0,0.0,0.0,0.04,106.51,0.0,
72,2026-07-26 06:00:00+00:00,XRPUSDT,SHORT,EXECUTED,TIME_CLOSE_EXIT,LOW_RISK,0.53,3.8,2.0,0.42,0.8,0.16,0.36,1.0,0.02,0.0,0.0,0.0,0.02,106.52,0.0,
73,2026-07-26 07:45:00+00:00,SOLUSDT,SHORT,EXECUTED,TIME_CLOSE_EXIT,LOW_RISK,0.53,3.8,2.0,0.42,0.8,0.03,0.33,0.0,0.0,0.0,0.0,0.0,-0.0,106.52,0.0,
74,2026-07-26 07:45:00+00:00,ETHUSDT,SHORT,EXECUTED,TIME_CLOSE_EXIT,LOW_RISK,0.53,3.8,2.0,0.42,0.8,0.15,0.22,2.0,0.04,0.0,0.0,0.0,0.04,106.56,0.0,
75,2026-07-26 09:00:00+00:00,SOLUSDT,LONG,EXECUTED,TIME_CLOSE_EXIT,LOW_RISK,1.91,3.8,7.16,0.42,0.8,0.35,0.16,2.0,0.14,0.01,0.01,0.01,0.13,106.69,0.0,
76,2026-07-26 09:00:00+00:00,BTCUSDT,LONG,EXECUTED,TIME_CLOSE_EXIT,LOW_RISK,1.91,3.8,7.17,0.42,0.8,0.25,0.13,12.0,0.86,0.01,0.01,0.01,0.85,107.53,0.0,
77,2026-07-26 09:30:00+00:00,ETHUSDT,LONG,EXECUTED,TAKE_PROFIT_HIT,LOW_RISK,2.15,2.9,6.26,3.43,1.03,5.12,0.16,3.43,0.22,0.01,0.01,0.01,0.2,107.74,0.0,
78,2026-07-26 09:30:00+00:00,XRPUSDT,LONG,EXECUTED,TIME_CLOSE_EXIT,LOW_RISK,1.62,3.8,6.06,0.42,0.8,0.26,0.14,10.0,0.61,0.0,0.01,0.01,0.6,108.33,0.0,
79,2026-07-26 11:45:00+00:00,SOLUSDT,SHORT,EXECUTED,TIME_CLOSE_EXIT,LOW_RISK,0.54,3.8,2.03,0.42,0.8,0.27,0.37,7.0,0.14,0.0,0.0,0.0,0.14,108.47,0.0,
80,2026-07-26 12:45:00+00:00,XRPUSDT,SHORT,EXECUTED,TIME_CLOSE_EXIT,LOW_RISK,0.54,3.8,2.03,0.42,0.8,0.24,0.47,7.0,0.14,0.0,0.0,0.0,0.14,108.61,0.0,
81,2026-07-26 13:00:00+00:00,BTCUSDT,SHORT,EXECUTED,TIME_CLOSE_EXIT,LOW_RISK,0.54,3.8,2.04,0.42,0.8,0.01,0.21,0.0,0.0,0.0,0.0,0.0,-0.0,108.61,0.0,
82,2026-07-26 13:00:00+00:00,DOGEUSDT,SHORT,EXECUTED,TIME_CLOSE_EXIT,LOW_RISK,0.54,3.8,2.04,0.42,0.8,0.42,0.47,6.0,0.12,0.0,0.0,0.0,0.12,108.73,0.0,
83,2026-07-26 13:30:00+00:00,BTCUSDT,LONG,EXECUTED,TAKE_PROFIT_HIT,LOW_RISK,2.17,3.8,8.15,0.46,0.8,0.6,0.16,0.46,0.04,0.01,0.01,0.01,0.02,108.75,0.0,
84,2026-07-26 14:45:00+00:00,SOLUSDT,LONG,EXECUTED,TAKE_PROFIT_HIT,LOW_RISK,2.17,3.8,8.16,1.94,0.8,2.72,0.12,1.94,0.16,0.01,0.01,0.01,0.14,108.89,0.0,
85,2026-07-26 15:15:00+00:00,XRPUSDT,LONG,EXECUTED,TIME_CLOSE_EXIT,LOW_RISK,0.54,3.8,2.04,0.42,0.8,0.39,0.21,5.0,0.1,0.0,0.0,0.0,0.1,108.99,0.0,
86,2026-07-26 16:30:00+00:00,DOGEUSDT,LONG,EXECUTED,TIME_CLOSE_EXIT,LOW_RISK,1.95,3.8,7.32,0.42,0.8,0.31,0.36,0.0,0.0,0.01,0.01,0.01,-0.01,108.98,0.01,
87,2026-07-26 17:00:00+00:00,DOGEUSDT,LONG,EXECUTED,TIME_CLOSE_EXIT,LOW_RISK,0.54,3.8,2.04,0.42,0.8,0.14,0.48,3.0,0.06,0.0,0.0,0.0,0.06,109.04,0.0,
88,2026-07-26 18:00:00+00:00,DOGEUSDT,SHORT,REJECTED,,,,,,,,,,,,,,,0.0,109.0351602958522,,High Risk + Low Quality + Low Profit
89,2026-07-26 20:15:00+00:00,BTCUSDT,SHORT,EXECUTED,TIME_CLOSE_EXIT,LOW_RISK,0.55,3.8,2.04,0.42,0.8,0.03,0.32,0.0,0.0,0.0,0.0,0.0,-0.0,109.03,0.0,
90,2026-07-26 20:30:00+00:00,XRPUSDT,SHORT,EXECUTED,TIME_CLOSE_EXIT,LOW_RISK,0.55,3.8,2.04,0.42,0.8,0.1,0.27,2.0,0.04,0.0,0.0,0.0,0.04,109.07,0.0,
91,2026-07-26 21:15:00+00:00,BTCUSDT,LONG,EXECUTED,TAKE_PROFIT_HIT,LOW_RISK,2.18,3.8,8.18,0.99,0.8,1.43,0.19,0.99,0.08,0.01,0.01,0.01,0.07,109.13,0.0,
92,2026-07-26 21:15:00+00:00,XRPUSDT,LONG,EXECUTED,TAKE_PROFIT_HIT,LOW_RISK,2.18,3.8,8.19,0.99,0.8,1.18,0.24,0.99,0.08,0.01,0.01,0.01,0.07,109.2,0.0,
93,2026-07-26 22:00:00+00:00,DOGEUSDT,LONG,EXECUTED,TAKE_PROFIT_HIT,LOW_RISK,0.55,3.8,2.05,0.46,0.8,0.55,0.52,0.46,0.01,0.0,0.0,0.0,0.01,109.21,0.0,
94,2026-07-27 01:15:00+00:00,DOGEUSDT,SHORT,EXECUTED,TIME_CLOSE_EXIT,LOW_RISK,0.55,3.8,2.05,0.42,0.8,0.33,0.51,7.0,0.14,0.0,0.0,0.0,0.14,109.35,0.0,
95,2026-07-27 01:30:00+00:00,XRPUSDT,SHORT,EXECUTED,TIME_CLOSE_EXIT,LOW_RISK,0.55,3.8,2.05,0.42,0.8,0.24,0.43,0.0,0.0,0.0,0.0,0.0,-0.0,109.34,0.0,
96,2026-07-27 04:30:00+00:00,XRPUSDT,LONG,EXECUTED,TIME_CLOSE_EXIT,LOW_RISK,0.55,3.8,2.05,0.42,0.8,0.01,0.26,0.0,0.0,0.0,0.0,0.0,-0.0,109.34,0.01,
97,2026-07-27 04:45:00+00:00,XRPUSDT,SHORT,EXECUTED,TIME_CLOSE_EXIT,LOW_RISK,0.55,3.8,2.05,0.42,0.8,0.0,0.25,1.0,0.02,0.0,0.0,0.0,0.02,109.36,0.0,
98,2026-07-27 05:00:00+00:00,XRPUSDT,LONG,EXECUTED,TAKE_PROFIT_HIT,LOW_RISK,2.19,3.8,8.2,0.46,0.8,0.64,0.2,0.46,0.04,0.01,0.01,0.01,0.02,109.38,0.0,
99,2026-07-27 05:45:00+00:00,DOGEUSDT,LONG,EXECUTED,TAKE_PROFIT_HIT,LOW_RISK,1.96,3.8,7.35,0.55,0.8,0.78,0.59,0.55,0.04,0.01,0.01,0.01,0.03,109.41,0.0,
100,2026-07-27 07:45:00+00:00,BTCUSDT,SHORT,EXECUTED,TIME_CLOSE_EXIT,LOW_RISK,0.55,3.8,2.05,0.42,0.8,0.19,0.3,5.0,0.1,0.0,0.0,0.0,0.1,109.5,0.0,
101,2026-07-27 08:00:00+00:00,XRPUSDT,SHORT,EXECUTED,TIME_CLOSE_EXIT,LOW_RISK,0.55,3.8,2.05,0.42,0.8,0.25,0.25,4.0,0.08,0.0,0.0,0.0,0.08,109.58,0.0,
102,2026-07-27 08:00:00+00:00,DOGEUSDT,SHORT,EXECUTED,TAKE_PROFIT_HIT,LOW_RISK,0.55,3.8,2.05,0.48,0.8,0.58,0.58,0.48,0.01,0.0,0.0,0.0,0.01,109.59,0.0,
103,2026-07-27 08:15:00+00:00,SOLUSDT,SHORT,EXECUTED,TIME_CLOSE_EXIT,LOW_RISK,1.95,3.8,7.32,0.42,0.8,0.34,0.35,3.0,0.22,0.01,0.01,0.01,0.21,109.8,0.0,
104,2026-07-27 10:30:00+00:00,SOLUSDT,LONG,EXECUTED,TAKE_PROFIT_HIT,HIGH_RISK,0.55,1.5,0.82,0.82,1.16,1.11,1.11,0.82,0.01,0.0,0.0,0.0,0.01,109.8,0.0,
105,2026-07-27 10:30:00+00:00,BTCUSDT,LONG,EXECUTED,TIME_CLOSE_EXIT,LOW_RISK,0.55,3.8,2.06,0.42,0.8,0.03,0.43,1.0,0.02,0.0,0.0,0.0,0.02,109.82,0.0,
106,2026-07-27 11:00:00+00:00,XRPUSDT,LONG,EXECUTED,TIME_CLOSE_EXIT,LOW_RISK,0.55,3.8,2.06,0.42,0.8,0.01,0.39,1.0,0.02,0.0,0.0,0.0,0.02,109.83,0.0,
107,2026-07-27 11:15:00+00:00,BTCUSDT,SHORT,EXECUTED,TAKE_PROFIT_HIT,HIGH_RISK,0.41,1.5,0.62,0.42,1.03,0.45,0.9,0.43,0.0,0.0,0.0,0.0,0.0,109.84,0.0,
108,2026-07-27 11:15:00+00:00,XRPUSDT,SHORT,REJECTED,,,,,,,,,,,,,,,0.0,109.8360946438726,,High Risk + Low Quality + Low Profit
109,2026-07-27 11:30:00+00:00,ETHUSDT,SHORT,EXECUTED,TAKE_PROFIT_HIT,HIGH_RISK,0.55,1.5,0.82,0.71,1.03,0.87,0.92,0.71,0.01,0.0,0.0,0.0,0.0,109.84,0.0,
110,2026-07-27 12:45:00+00:00,DOGEUSDT,LONG,EXECUTED,TIME_CLOSE_EXIT,LOW_RISK,0.55,3.8,2.06,0.42,0.8,0.12,0.63,0.0,0.0,0.0,0.0,0.0,-0.0,109.84,0.0,
111,2026-07-27 13:15:00+00:00,DOGEUSDT,SHORT,REJECTED,,,,,,,,,,,,,,,0.0,109.83678646280478,,High Risk + Low Quality + Low Profit
112,2026-07-27 13:30:00+00:00,DOGEUSDT,LONG,REJECTED,,,,,,,,,,,,,,,0.0,109.83678646280478,,High Risk + Low Quality + Low Profit
113,2026-07-27 13:45:00+00:00,BTCUSDT,LONG,EXECUTED,TAKE_PROFIT_HIT,LOW_RISK,2.2,3.8,8.24,0.55,0.8,0.77,0.53,0.55,0.05,0.01,0.01,0.01,0.03,109.87,0.0,
114,2026-07-27 13:45:00+00:00,XRPUSDT,LONG,EXECUTED,TAKE_PROFIT_HIT,HIGH_RISK,0.55,1.5,0.82,0.46,1.16,0.54,1.01,0.46,0.0,0.0,0.0,0.0,0.0,109.87,0.0,
115,2026-07-27 14:00:00+00:00,ETHUSDT,LONG,REJECTED,,,,,,,,,,,,,,,0.0,109.86977109187683,,High Risk + Low Quality + Low Profit
116,2026-07-27 14:15:00+00:00,SOLUSDT,SHORT,EXECUTED,TAKE_PROFIT_HIT,HIGH_RISK,0.14,1.5,0.21,0.87,1.76,1.04,1.56,0.87,0.0,0.0,0.0,0.0,0.0,109.87,0.0,
117,2026-07-27 14:15:00+00:00,BTCUSDT,SHORT,EXECUTED,TAKE_PROFIT_HIT,HIGH_RISK,0.14,1.5,0.21,0.58,0.93,0.7,0.81,0.58,0.0,0.0,0.0,0.0,0.0,109.87,0.0,
118,2026-07-27 14:15:00+00:00,ETHUSDT,SHORT,EXECUTED,TAKE_PROFIT_HIT,HIGH_RISK,0.14,1.5,0.21,0.71,1.5,0.97,1.43,0.71,0.0,0.0,0.0,0.0,0.0,109.87,0.0,
119,2026-07-27 14:15:00+00:00,DOGEUSDT,SHORT,EXECUTED,TAKE_PROFIT_HIT,HIGH_RISK,0.14,1.5,0.21,1.05,1.31,1.36,1.28,1.05,0.0,0.0,0.0,0.0,0.0,109.87,0.0,
120,2026-07-27 14:15:00+00:00,XRPUSDT,SHORT,EXECUTED,TAKE_PROFIT_HIT,HIGH_RISK,0.55,1.5,0.82,3.51,1.05,4.72,0.99,3.51,0.03,0.0,0.0,0.0,0.03,109.9,0.0,
121,2026-07-27 17:45:00+00:00,BTCUSDT,LONG,EXECUTED,TIME_CLOSE_EXIT,LOW_RISK,0.55,3.8,2.06,0.42,0.8,0.09,0.41,7.0,0.14,0.0,0.0,0.0,0.14,110.04,0.0,
122,2026-07-27 19:15:00+00:00,ETHUSDT,LONG,REJECTED,,,,,,,,,,,,,,,0.0,110.04287237807905,,High Risk + Low Quality + Low Profit
123,2026-07-27 20:00:00+00:00,SOLUSDT,LONG,EXECUTED,TIME_CLOSE_EXIT,LOW_RISK,1.65,3.8,6.19,0.42,0.8,0.32,0.42,1.0,0.06,0.0,0.01,0.01,0.05,110.09,0.0,
124,2026-07-27 20:15:00+00:00,DOGEUSDT,LONG,EXECUTED,TIME_CLOSE_EXIT,LOW_RISK,0.55,3.8,2.06,0.42,0.8,0.11,0.42,3.0,0.06,0.0,0.0,0.0,0.06,110.15,0.0,
125,2026-07-27 21:15:00+00:00,SOLUSDT,SHORT,EXECUTED,TAKE_PROFIT_HIT,LOW_RISK,2.2,3.8,8.26,2.58,0.8,3.6,0.42,2.58,0.21,0.01,0.01,0.01,0.2,110.35,0.0,
126,2026-07-27 21:15:00+00:00,BTCUSDT,SHORT,EXECUTED,TAKE_PROFIT_HIT,LOW_RISK,2.21,3.8,8.28,2.03,0.8,2.73,0.12,2.03,0.17,0.01,0.01,0.01,0.15,110.5,0.0,
127,2026-07-27 21:30:00+00:00,DOGEUSDT,SHORT,EXECUTED,TAKE_PROFIT_HIT,LOW_RISK,2.21,3.8,8.29,2.58,0.8,3.53,0.13,2.58,0.21,0.01,0.01,0.01,0.2,110.7,0.0,
128,2026-07-27 22:00:00+00:00,ETHUSDT,SHORT,EXECUTED,TAKE_PROFIT_HIT,LOW_RISK,2.21,3.8,8.3,2.58,0.8,3.72,0.18,2.58,0.21,0.01,0.01,0.01,0.2,110.9,0.0,
129,2026-07-28 06:15:00+00:00,BTCUSDT,LONG,EXECUTED,TIME_CLOSE_EXIT,LOW_RISK,0.55,3.8,2.08,0.42,0.8,0.23,0.18,3.0,0.06,0.0,0.0,0.0,0.06,110.96,0.0,
130,2026-07-28 06:30:00+00:00,ETHUSDT,LONG,EXECUTED,TIME_CLOSE_EXIT,LOW_RISK,0.55,3.8,2.08,0.42,0.8,0.16,0.28,2.0,0.04,0.0,0.0,0.0,0.04,111.0,0.0,
131,2026-07-28 06:45:00+00:00,DOGEUSDT,LONG,EXECUTED,TIME_CLOSE_EXIT,LOW_RISK,0.55,3.8,2.08,0.42,0.8,0.14,0.53,1.0,0.02,0.0,0.0,0.0,0.02,111.01,0.0,
132,2026-07-28 08:00:00+00:00,ETHUSDT,SHORT,EXECUTED,TIME_CLOSE_EXIT,LOW_RISK,0.56,3.8,2.08,0.42,0.8,0.0,0.25,1.0,0.02,0.0,0.0,0.0,0.02,111.03,0.0,
133,2026-07-28 08:15:00+00:00,ETHUSDT,LONG,EXECUTED,TIME_CLOSE_EXIT,LOW_RISK,0.56,3.8,2.08,0.42,0.8,0.06,0.23,2.0,0.04,0.0,0.0,0.0,0.04,111.07,0.0,
134,2026-07-28 08:45:00+00:00,BTCUSDT,SHORT,EXECUTED,TIME_CLOSE_EXIT,LOW_RISK,0.56,3.8,2.08,0.42,0.8,0.05,0.24,1.0,0.02,0.0,0.0,0.0,0.02,111.09,0.0,
135,2026-07-28 09:00:00+00:00,ETHUSDT,SHORT,EXECUTED,TIME_CLOSE_EXIT,LOW_RISK,0.56,3.8,2.08,0.42,0.8,0.12,0.12,0.0,0.0,0.0,0.0,0.0,-0.0,111.08,0.0,
136,2026-07-28 09:15:00+00:00,DOGEUSDT,SHORT,EXECUTED,TIME_CLOSE_EXIT,LOW_RISK,0.56,3.8,2.08,0.42,0.8,0.07,0.21,0.0,0.0,0.0,0.0,0.0,-0.0,111.08,0.01,
137,2026-07-28 09:15:00+00:00,ETHUSDT,LONG,EXECUTED,TIME_CLOSE_EXIT,LOW_RISK,0.56,3.8,2.08,0.42,0.8,0.05,0.14,1.0,0.02,0.0,0.0,0.0,0.02,111.1,0.0,
138,2026-07-28 09:15:00+00:00,SOLUSDT,LONG,EXECUTED,TIME_CLOSE_EXIT,LOW_RISK,0.56,3.8,2.08,0.42,0.8,0.11,0.31,0.0,0.0,0.0,0.0,0.0,-0.0,111.09,0.0,
139,2026-07-28 09:30:00+00:00,ETHUSDT,SHORT,EXECUTED,TAKE_PROFIT_HIT,LOW_RISK,2.22,3.8,8.33,0.48,0.8,0.56,0.57,0.48,0.04,0.01,0.01,0.01,0.02,111.12,0.0,
140,2026-07-28 09:30:00+00:00,DOGEUSDT,LONG,EXECUTED,TIME_CLOSE_EXIT,LOW_RISK,0.56,3.8,2.08,0.42,0.8,0.04,0.26,1.0,0.02,0.0,0.0,0.0,0.02,111.13,0.0,
141,2026-07-28 09:30:00+00:00,BTCUSDT,LONG,EXECUTED,TIME_CLOSE_EXIT,LOW_RISK,0.56,3.8,2.08,0.42,0.8,0.1,0.24,0.0,0.0,0.0,0.0,0.0,-0.0,111.13,0.0,
142,2026-07-28 09:45:00+00:00,BTCUSDT,SHORT,EXECUTED,TIME_CLOSE_EXIT,LOW_RISK,0.56,3.8,2.08,0.42,0.8,0.16,0.31,2.0,0.04,0.0,0.0,0.0,0.04,111.17,0.0,
143,2026-07-28 09:45:00+00:00,DOGEUSDT,SHORT,EXECUTED,TAKE_PROFIT_HIT,HIGH_RISK,0.56,1.5,0.83,1.05,1.31,1.3,1.18,1.05,0.01,0.0,0.0,0.0,0.01,111.17,0.0,
144,2026-07-28 09:45:00+00:00,SOLUSDT,SHORT,EXECUTED,TAKE_PROFIT_HIT,LOW_RISK,1.98,3.8,7.43,0.42,0.8,0.51,0.27,0.43,0.03,0.01,0.01,0.01,0.02,111.19,0.0,
145,2026-07-28 12:45:00+00:00,BTCUSDT,LONG,EXECUTED,TIME_CLOSE_EXIT,LOW_RISK,0.56,3.8,2.08,0.42,0.8,0.07,0.38,1.0,0.02,0.0,0.0,0.0,0.02,111.21,0.0,
146,2026-07-28 12:45:00+00:00,SOLUSDT,LONG,EXECUTED,TIME_CLOSE_EXIT,LOW_RISK,0.56,3.8,2.09,0.42,0.8,0.1,0.53,0.0,0.0,0.0,0.0,0.0,-0.0,111.21,0.0,
147,2026-07-28 12:45:00+00:00,ETHUSDT,LONG,REJECTED,,,,,,,,,,,,,,,0.0,111.20651529087252,,High Risk + Low Quality + Low Profit
148,2026-07-28 13:15:00+00:00,SOLUSDT,SHORT,EXECUTED,TAKE_PROFIT_HIT,HIGH_RISK,0.5,1.5,0.74,0.71,1.16,0.89,1.01,0.71,0.01,0.0,0.0,0.0,0.0,111.21,0.0,
149,2026-07-28 13:15:00+00:00,BTCUSDT,SHORT,EXECUTED,TAKE_PROFIT_HIT,HIGH_RISK,0.56,1.5,0.83,0.71,1.16,0.9,1.07,0.71,0.01,0.0,0.0,0.0,0.0,111.21,0.0,
150,2026-07-28 13:45:00+00:00,ETHUSDT,SHORT,EXECUTED,TAKE_PROFIT_HIT,HIGH_RISK,0.56,1.5,0.83,0.71,1.16,0.92,1.03,0.71,0.01,0.0,0.0,0.0,0.0,111.22,0.0,
151,2026-07-28 14:45:00+00:00,ETHUSDT,LONG,EXECUTED,TAKE_PROFIT_HIT,LOW_RISK,2.22,3.8,8.34,1.53,0.8,2.16,0.24,1.53,0.13,0.01,0.01,0.02,0.11,111.33,0.0,
152,2026-07-28 15:00:00+00:00,SOLUSDT,LONG,EXECUTED,TAKE_PROFIT_HIT,LOW_RISK,2.23,3.8,8.35,0.99,0.8,1.22,0.52,0.99,0.08,0.01,0.01,0.02,0.07,111.4,0.0,
153,2026-07-28 15:00:00+00:00,XRPUSDT,LONG,EXECUTED,TAKE_PROFIT_HIT,LOW_RISK,2.23,3.8,8.35,0.99,0.8,1.17,0.32,0.99,0.08,0.01,0.01,0.02,0.07,111.47,0.0,
154,2026-07-28 15:15:00+00:00,DOGEUSDT,LONG,EXECUTED,TAKE_PROFIT_HIT,HIGH_RISK,0.14,1.5,0.21,0.67,1.16,0.85,1.06,0.67,0.0,0.0,0.0,0.0,0.0,111.47,0.0,
155,2026-07-28 15:15:00+00:00,BTCUSDT,LONG,EXECUTED,TAKE_PROFIT_HIT,LOW_RISK,0.56,3.8,2.09,0.46,0.8,0.54,0.6,0.46,0.01,0.0,0.0,0.0,0.01,111.47,0.0,
156,2026-07-28 18:30:00+00:00,XRPUSDT,SHORT,EXECUTED,TIME_CLOSE_EXIT,LOW_RISK,0.56,3.8,2.09,0.42,0.8,0.11,0.24,1.0,0.02,0.0,0.0,0.0,0.02,111.49,0.0,
157,2026-07-28 19:15:00+00:00,XRPUSDT,LONG,EXECUTED,TAKE_PROFIT_HIT,LOW_RISK,2.23,3.8,8.36,2.53,0.8,3.26,0.17,2.53,0.21,0.01,0.01,0.02,0.2,111.69,0.0,
158,2026-07-28 22:30:00+00:00,SOLUSDT,SHORT,EXECUTED,TAKE_PROFIT_HIT,LOW_RISK,2.23,3.8,8.38,1.05,0.8,1.41,0.58,1.05,0.09,0.01,0.01,0.02,0.07,111.76,0.0,
159,2026-07-28 22:45:00+00:00,DOGEUSDT,SHORT,REJECTED,,,,,,,,,,,,,,,0.0,111.75985708829482,,High Risk + Low Quality + Low Profit
160,2026-07-28 23:00:00+00:00,ETHUSDT,SHORT,REJECTED,,,,,,,,,,,,,,,0.0,111.75985708829482,,High Risk + Low Quality + Low Profit
161,2026-07-28 23:00:00+00:00,BTCUSDT,SHORT,REJECTED,,,,,,,,,,,,,,,0.0,111.75985708829482,,High Risk + Low Quality + Low Profit
162,2026-07-28 23:45:00+00:00,ETHUSDT,LONG,EXECUTED,TIME_CLOSE_EXIT,LOW_RISK,0.56,3.8,2.1,0.42,0.8,0.33,0.63,1.0,0.02,0.0,0.0,0.0,0.02,111.78,0.0,
163,2026-07-29 00:00:00+00:00,BTCUSDT,LONG,EXECUTED,TIME_CLOSE_EXIT,LOW_RISK,0.56,3.8,2.1,0.42,0.8,0.28,0.51,0.0,0.0,0.0,0.0,0.0,-0.0,111.77,0.0,
164,2026-07-29 00:00:00+00:00,DOGEUSDT,LONG,EXECUTED,TIME_CLOSE_EXIT,HIGH_RISK,0.42,1.5,0.63,0.42,0.94,0.34,0.83,0.0,0.0,0.0,0.0,0.0,-0.0,111.77,0.0,
165,2026-07-29 01:00:00+00:00,ETHUSDT,SHORT,EXECUTED,TAKE_PROFIT_HIT,LOW_RISK,2.24,3.8,8.38,1.05,0.8,1.36,0.48,1.05,0.09,0.01,0.01,0.02,0.07,111.84,0.0,
166,2026-07-29 01:45:00+00:00,BTCUSDT,SHORT,EXECUTED,TIME_CLOSE_EXIT,LOW_RISK,0.56,3.8,2.1,0.42,0.8,0.07,0.5,1.0,0.02,0.0,0.0,0.0,0.02,111.86,0.0,
167,2026-07-29 01:45:00+00:00,DOGEUSDT,SHORT,REJECTED,,,,,,,,,,,,,,,0.0,111.86188619575262,,High Risk + Low Quality + Low Profit
168,2026-07-29 02:15:00+00:00,BTCUSDT,LONG,EXECUTED,TIME_CLOSE_EXIT,LOW_RISK,0.56,3.8,2.1,0.42,0.8,0.17,0.53,1.0,0.02,0.0,0.0,0.0,0.02,111.88,0.0,
169,2026-07-29 02:30:00+00:00,DOGEUSDT,LONG,EXECUTED,TIME_CLOSE_EXIT,LOW_RISK,0.56,3.8,2.1,0.42,0.8,0.17,0.44,0.0,0.0,0.0,0.0,0.0,-0.0,111.88,0.0,
170,2026-07-29 03:15:00+00:00,DOGEUSDT,SHORT,EXECUTED,TAKE_PROFIT_HIT,LOW_RISK,1.99,3.8,7.48,0.71,0.8,0.88,0.52,0.71,0.05,0.01,0.01,0.01,0.04,111.92,0.0,
171,2026-07-29 03:30:00+00:00,BTCUSDT,SHORT,EXECUTED,TIME_CLOSE_EXIT,LOW_RISK,0.56,3.8,2.1,0.42,0.8,0.28,0.38,2.0,0.04,0.0,0.0,0.0,0.04,111.95,0.0,
172,2026-07-29 05:00:00+00:00,BTCUSDT,LONG,EXECUTED,TAKE_PROFIT_HIT,LOW_RISK,2.24,3.8,8.4,0.99,0.8,1.17,0.17,0.99,0.08,0.01,0.01,0.02,0.07,112.02,0.0,
173,2026-07-29 05:45:00+00:00,ETHUSDT,LONG,EXECUTED,TAKE_PROFIT_HIT,LOW_RISK,2.24,3.8,8.4,0.55,0.8,0.69,0.19,0.55,0.05,0.01,0.01,0.02,0.03,112.05,0.0,
174,2026-07-29 05:45:00+00:00,SOLUSDT,LONG,EXECUTED,TAKE_PROFIT_HIT,LOW_RISK,2.24,3.8,8.4,0.67,0.8,0.88,0.2,0.67,0.06,0.01,0.01,0.02,0.04,112.09,0.0,
175,2026-07-29 06:15:00+00:00,DOGEUSDT,LONG,EXECUTED,TIME_CLOSE_EXIT,LOW_RISK,0.56,3.8,2.1,0.42,0.8,0.28,0.62,7.0,0.15,0.0,0.0,0.0,0.14,112.24,0.0,
176,2026-07-29 10:45:00+00:00,DOGEUSDT,SHORT,EXECUTED,TAKE_PROFIT_HIT,LOW_RISK,2.24,3.8,8.42,0.58,0.8,0.82,0.26,0.58,0.05,0.01,0.01,0.02,0.03,112.27,0.0,
177,2026-07-29 11:15:00+00:00,ETHUSDT,SHORT,EXECUTED,TAKE_PROFIT_HIT,LOW_RISK,2.25,3.8,8.42,1.05,0.8,1.38,0.18,1.05,0.09,0.01,0.01,0.02,0.07,112.34,0.0,
178,2026-07-29 11:30:00+00:00,XRPUSDT,SHORT,EXECUTED,TAKE_PROFIT_HIT,LOW_RISK,2.25,3.8,8.43,1.3,0.8,1.67,0.17,1.3,0.11,0.01,0.01,0.02,0.09,112.44,0.0,
179,2026-07-29 12:00:00+00:00,SOLUSDT,SHORT,EXECUTED,TAKE_PROFIT_HIT,LOW_RISK,2.25,3.8,8.43,0.87,0.8,1.19,0.23,0.87,0.07,0.01,0.01,0.02,0.06,112.5,0.0,
180,2026-07-29 12:30:00+00:00,BTCUSDT,SHORT,EXECUTED,TIME_CLOSE_EXIT,LOW_RISK,1.69,3.8,6.33,0.42,0.8,0.3,0.52,3.0,0.19,0.01,0.01,0.01,0.18,112.67,0.0,
181,2026-07-29 13:45:00+00:00,BTCUSDT,LONG,EXECUTED,TIME_CLOSE_EXIT,LOW_RISK,0.56,3.8,2.11,0.42,0.8,0.0,0.66,1.0,0.02,0.0,0.0,0.0,0.02,112.69,0.0,
182,2026-07-29 14:00:00+00:00,BTCUSDT,SHORT,EXECUTED,TAKE_PROFIT_HIT,MEDIUM_RISK,0.85,3.0,2.54,0.71,0.8,1.0,0.71,0.71,0.02,0.0,0.0,0.0,0.01,112.71,0.0,
183,2026-07-29 17:45:00+00:00,ETHUSDT,LONG,EXECUTED,TAKE_PROFIT_HIT,HIGH_RISK,0.14,1.5,0.21,0.82,1.77,1.02,1.69,0.82,0.0,0.0,0.0,0.0,0.0,112.71,0.0,
184,2026-07-29 17:45:00+00:00,XRPUSDT,LONG,EXECUTED,TAKE_PROFIT_HIT,HIGH_RISK,0.5,1.5,0.76,0.82,1.77,0.99,1.58,0.82,0.01,0.0,0.0,0.0,0.0,112.71,0.0,
185,2026-07-29 17:45:00+00:00,SOLUSDT,LONG,EXECUTED,TAKE_PROFIT_HIT,HIGH_RISK,0.14,1.5,0.21,0.67,1.77,0.8,1.64,0.67,0.0,0.0,0.0,0.0,0.0,112.71,0.0,
186,2026-07-29 17:45:00+00:00,DOGEUSDT,LONG,EXECUTED,TAKE_PROFIT_HIT,HIGH_RISK,0.5,1.5,0.76,0.55,1.51,0.75,1.33,0.55,0.0,0.0,0.0,0.0,0.0,112.72,0.0,
187,2026-07-29 18:30:00+00:00,BTCUSDT,LONG,REJECTED,,,,,,,,,,,,,,,0.0,112.71510007907935,,High Risk + Low Quality + Low Profit
188,2026-07-29 19:30:00+00:00,BTCUSDT,SHORT,EXECUTED,TAKE_PROFIT_HIT,LOW_RISK,2.25,3.8,8.45,0.71,0.8,0.95,0.4,0.71,0.06,0.01,0.01,0.02,0.05,112.76,0.0,
189,2026-07-29 19:45:00+00:00,ETHUSDT,SHORT,EXECUTED,TAKE_PROFIT_HIT,HIGH_RISK,0.14,1.5,0.21,0.71,1.31,0.88,1.22,0.71,0.0,0.0,0.0,0.0,0.0,112.76,0.0,
190,2026-07-29 19:45:00+00:00,SOLUSDT,SHORT,REJECTED,,,,,,,,,,,,,,,0.0,112.76137148858882,,High Risk + Low Quality + Low Profit
191,2026-07-29 19:45:00+00:00,DOGEUSDT,SHORT,EXECUTED,TAKE_PROFIT_HIT,HIGH_RISK,0.56,1.5,0.85,1.05,0.84,1.28,0.77,1.05,0.01,0.0,0.0,0.0,0.01,112.77,0.0,
192,2026-07-29 20:00:00+00:00,XRPUSDT,SHORT,EXECUTED,TAKE_PROFIT_HIT,HIGH_RISK,0.5,1.5,0.75,0.48,1.16,0.61,1.01,0.48,0.0,0.0,0.0,0.0,0.0,112.77,0.0,
193,2026-07-29 22:15:00+00:00,SOLUSDT,LONG,EXECUTED,TAKE_PROFIT_HIT,HIGH_RISK,0.14,1.5,0.21,0.55,0.85,0.68,0.76,0.55,0.0,0.0,0.0,0.0,0.0,112.77,0.0,
194,2026-07-29 22:15:00+00:00,ETHUSDT,LONG,EXECUTED,TAKE_PROFIT_HIT,HIGH_RISK,0.14,1.5,0.21,0.55,0.85,0.7,0.76,0.55,0.0,0.0,0.0,0.0,0.0,112.77,0.0,
195,2026-07-29 22:30:00+00:00,XRPUSDT,LONG,EXECUTED,TIME_CLOSE_EXIT,LOW_RISK,0.56,3.8,2.11,0.42,0.8,0.12,0.39,0.0,0.0,0.0,0.0,0.0,-0.0,112.77,0.0,
196,2026-07-29 22:30:00+00:00,BTCUSDT,LONG,EXECUTED,TIME_CLOSE_EXIT,LOW_RISK,0.56,3.8,2.11,0.42,0.8,0.17,0.64,7.0,0.15,0.0,0.0,0.0,0.14,112.91,0.0,
197,2026-07-29 23:00:00+00:00,XRPUSDT,SHORT,EXECUTED,TIME_CLOSE_EXIT,LOW_RISK,0.56,3.8,2.12,0.42,0.8,0.03,0.48,0.0,0.0,0.0,0.0,0.0,-0.0,112.91,0.0,
198,2026-07-29 23:15:00+00:00,DOGEUSDT,LONG,EXECUTED,TAKE_PROFIT_HIT,LOW_RISK,2.26,3.8,8.47,0.67,0.8,0.84,0.38,0.67,0.06,0.01,0.01,0.02,0.04,112.95,0.0,
199,2026-07-30 00:00:00+00:00,XRPUSDT,LONG,EXECUTED,TIME_CLOSE_EXIT,LOW_RISK,0.56,3.8,2.12,0.42,0.8,0.17,0.53,1.0,0.02,0.0,0.0,0.0,0.02,112.97,0.0,
200,2026-07-30 00:30:00+00:00,XRPUSDT,SHORT,REJECTED,,,,,,,,,,,,,,,0.0,112.96807063543785,,High Risk + Low Quality + Low Profit
201,2026-07-30 00:45:00+00:00,BTCUSDT,SHORT,REJECTED,,,,,,,,,,,,,,,0.0,112.96807063543785,,High Risk + Low Quality + Low Profit
202,2026-07-30 01:45:00+00:00,XRPUSDT,LONG,EXECUTED,TIME_CLOSE_EXIT,LOW_RISK,0.56,3.8,2.12,0.42,0.8,0.26,0.5,0.0,0.0,0.0,0.0,0.0,-0.0,112.96,0.0,
203,2026-07-30 01:45:00+00:00,BTCUSDT,LONG,EXECUTED,TIME_CLOSE_EXIT,LOW_RISK,0.56,3.8,2.12,0.42,0.8,0.23,0.51,2.0,0.04,0.0,0.0,0.0,0.04,113.0,0.0,
204,2026-07-30 04:15:00+00:00,DOGEUSDT,SHORT,EXECUTED,TAKE_PROFIT_HIT,LOW_RISK,2.26,3.8,8.48,0.48,0.8,0.66,0.2,0.48,0.04,0.01,0.01,0.02,0.03,113.03,0.0,
205,2026-07-30 04:30:00+00:00,ETHUSDT,SHORT,EXECUTED,TIME_CLOSE_EXIT,MEDIUM_RISK,0.28,3.0,0.85,0.42,0.8,0.29,0.67,9.0,0.08,0.0,0.0,0.0,0.07,113.1,0.0,
206,2026-07-30 04:30:00+00:00,SOLUSDT,SHORT,EXECUTED,TIME_CLOSE_EXIT,LOW_RISK,0.57,3.8,2.12,0.42,0.8,0.39,0.37,14.0,0.3,0.0,0.0,0.0,0.29,113.4,0.0,
207,2026-07-30 04:45:00+00:00,XRPUSDT,SHORT,EXECUTED,TIME_CLOSE_EXIT,LOW_RISK,0.57,3.8,2.13,0.42,0.8,0.17,0.28,1.0,0.02,0.0,0.0,0.0,0.02,113.41,0.0,
208,2026-07-30 05:00:00+00:00,BTCUSDT,SHORT,EXECUTED,TIME_CLOSE_EXIT,LOW_RISK,0.57,3.8,2.13,0.42,0.8,0.1,0.58,1.0,0.02,0.0,0.0,0.0,0.02,113.43,0.0,
209,2026-07-30 05:30:00+00:00,XRPUSDT,LONG,EXECUTED,TIME_CLOSE_EXIT,LOW_RISK,0.57,3.8,2.13,0.42,0.8,0.07,0.46,1.0,0.02,0.0,0.0,0.0,0.02,113.45,0.0,
210,2026-07-30 06:45:00+00:00,XRPUSDT,SHORT,EXECUTED,TIME_CLOSE_EXIT,LOW_RISK,0.57,3.8,2.13,0.42,0.8,0.14,0.32,0.0,0.0,0.0,0.0,0.0,-0.0,113.44,0.0,
211,2026-07-30 07:00:00+00:00,XRPUSDT,LONG,EXECUTED,TAKE_PROFIT_HIT,LOW_RISK,2.27,3.8,8.51,1.22,0.8,1.72,0.27,1.22,0.1,0.01,0.01,0.02,0.09,113.53,0.0,
212,2026-07-30 08:15:00+00:00,BTCUSDT,LONG,EXECUTED,TAKE_PROFIT_HIT,LOW_RISK,2.27,3.8,8.51,0.99,0.8,1.41,0.45,0.99,0.08,0.01,0.01,0.02,0.07,113.6,0.0,
213,2026-07-30 08:15:00+00:00,ETHUSDT,LONG,EXECUTED,TAKE_PROFIT_HIT,LOW_RISK,2.27,3.8,8.52,0.99,0.8,1.18,0.56,0.99,0.08,0.01,0.01,0.02,0.07,113.67,0.0,
214,2026-07-30 08:45:00+00:00,SOLUSDT,LONG,EXECUTED,TAKE_PROFIT_HIT,LOW_RISK,2.27,3.8,8.53,1.22,0.8,1.59,0.12,1.22,0.1,0.01,0.01,0.02,0.09,113.76,0.0,
215,2026-07-30 09:00:00+00:00,DOGEUSDT,LONG,EXECUTED,TIME_CLOSE_EXIT,LOW_RISK,0.57,3.8,2.13,0.42,0.8,0.24,0.58,4.0,0.09,0.0,0.0,0.0,0.08,113.84,0.0,
216,2026-07-30 11:15:00+00:00,DOGEUSDT,SHORT,EXECUTED,TIME_CLOSE_EXIT,LOW_RISK,0.57,3.8,2.13,0.42,0.8,0.24,0.57,0.0,0.0,0.0,0.0,0.0,-0.0,113.84,0.0,
217,2026-07-30 12:00:00+00:00,DOGEUSDT,LONG,EXECUTED,TAKE_PROFIT_HIT,LOW_RISK,2.04,3.8,7.65,0.82,0.8,1.0,0.58,0.82,0.06,0.01,0.01,0.01,0.05,113.89,0.0,
218,2026-07-30 15:00:00+00:00,ETHUSDT,SHORT,EXECUTED,TIME_CLOSE_EXIT,LOW_RISK,0.57,3.8,2.14,0.42,0.8,0.12,0.47,0.0,0.0,0.0,0.0,0.0,-0.0,113.88,0.0,
219,2026-07-30 17:30:00+00:00,ETHUSDT,LONG,EXECUTED,TIME_CLOSE_EXIT,LOW_RISK,0.57,3.8,2.14,0.42,0.8,0.1,0.32,0.0,0.0,0.0,0.0,0.0,-0.0,113.88,0.01,
220,2026-07-30 18:30:00+00:00,ETHUSDT,SHORT,EXECUTED,TIME_CLOSE_EXIT,LOW_RISK,0.57,3.8,2.14,0.42,0.8,0.2,0.56,1.0,0.02,0.0,0.0,0.0,0.02,113.9,0.0,
221,2026-07-30 18:45:00+00:00,BTCUSDT,SHORT,EXECUTED,TIME_CLOSE_EXIT,LOW_RISK,0.57,3.8,2.14,0.42,0.8,0.02,0.31,0.0,0.0,0.0,0.0,0.0,-0.0,113.89,0.0,
222,2026-07-30 19:00:00+00:00,XRPUSDT,SHORT,EXECUTED,TIME_CLOSE_EXIT,LOW_RISK,0.57,3.8,2.14,0.42,0.8,0.13,0.44,0.0,0.0,0.0,0.0,0.0,-0.0,113.89,0.01,
223,2026-07-30 19:15:00+00:00,ETHUSDT,LONG,EXECUTED,TIME_CLOSE_EXIT,LOW_RISK,0.57,3.8,2.14,0.42,0.8,0.15,0.48,0.0,0.0,0.0,0.0,0.0,-0.0,113.88,0.01,
224,2026-07-30 19:15:00+00:00,BTCUSDT,LONG,EXECUTED,TIME_CLOSE_EXIT,LOW_RISK,0.57,3.8,2.14,0.42,0.8,0.07,0.19,3.0,0.06,0.0,0.0,0.0,0.06,113.94,0.0,
225,2026-07-30 19:45:00+00:00,XRPUSDT,LONG,EXECUTED,TIME_CLOSE_EXIT,LOW_RISK,0.57,3.8,2.14,0.42,0.8,0.22,0.34,1.0,0.02,0.0,0.0,0.0,0.02,113.96,0.0,
226,2026-07-30 20:15:00+00:00,BTCUSDT,SHORT,EXECUTED,TIME_CLOSE_EXIT,LOW_RISK,0.57,3.8,2.14,0.42,0.8,0.05,0.13,1.0,0.02,0.0,0.0,0.0,0.02,113.98,0.0,
227,2026-07-30 20:15:00+00:00,XRPUSDT,SHORT,EXECUTED,TAKE_PROFIT_HIT,LOW_RISK,2.28,3.8,8.55,2.03,0.8,2.68,0.35,2.03,0.17,0.01,0.01,0.02,0.16,114.14,0.0,
228,2026-07-30 20:30:00+00:00,BTCUSDT,LONG,EXECUTED,TIME_CLOSE_EXIT,LOW_RISK,0.57,3.8,2.14,0.42,0.8,0.02,0.18,1.0,0.02,0.0,0.0,0.0,0.02,114.16,0.0,
229,2026-07-30 20:45:00+00:00,DOGEUSDT,SHORT,EXECUTED,TIME_CLOSE_EXIT,LOW_RISK,0.57,3.8,2.14,0.42,0.8,0.23,0.48,5.0,0.11,0.0,0.0,0.0,0.1,114.26,0.0,
230,2026-07-30 20:45:00+00:00,BTCUSDT,SHORT,EXECUTED,TIME_CLOSE_EXIT,LOW_RISK,0.57,3.8,2.14,0.42,0.8,0.12,0.3,5.0,0.11,0.0,0.0,0.0,0.1,114.36,0.0,
231,2026-07-30 20:45:00+00:00,SOLUSDT,SHORT,EXECUTED,TIME_CLOSE_EXIT,LOW_RISK,0.57,3.8,2.14,0.42,0.8,0.12,0.54,5.0,0.11,0.0,0.0,0.0,0.1,114.46,0.0,
232,2026-07-30 21:45:00+00:00,ETHUSDT,SHORT,EXECUTED,TIME_CLOSE_EXIT,LOW_RISK,0.57,3.8,2.15,0.42,0.8,0.08,0.5,1.0,0.02,0.0,0.0,0.0,0.02,114.48,0.0,
233,2026-07-30 22:00:00+00:00,BTCUSDT,LONG,EXECUTED,TIME_CLOSE_EXIT,LOW_RISK,0.57,3.8,2.15,0.42,0.8,0.24,0.4,6.0,0.13,0.0,0.0,0.0,0.12,114.61,0.0,
234,2026-07-30 22:00:00+00:00,ETHUSDT,LONG,EXECUTED,TAKE_PROFIT_HIT,LOW_RISK,0.57,3.8,2.15,0.46,0.8,0.58,0.5,0.46,0.01,0.0,0.0,0.0,0.01,114.61,0.0,
235,2026-07-30 22:15:00+00:00,DOGEUSDT,LONG,EXECUTED,TIME_CLOSE_EXIT,LOW_RISK,0.57,3.8,2.15,0.42,0.8,0.14,0.48,5.0,0.11,0.0,0.0,0.0,0.1,114.72,0.0,
236,2026-07-30 22:15:00+00:00,SOLUSDT,LONG,EXECUTED,TIME_CLOSE_EXIT,LOW_RISK,0.57,3.8,2.15,0.42,0.8,0.19,0.51,5.0,0.11,0.0,0.0,0.0,0.1,114.82,0.0,
237,2026-07-30 23:45:00+00:00,DOGEUSDT,SHORT,EXECUTED,TAKE_PROFIT_HIT,LOW_RISK,2.05,3.8,7.67,0.42,0.8,0.55,0.59,0.43,0.03,0.01,0.01,0.01,0.02,114.84,0.0,
238,2026-07-31 00:00:00+00:00,ETHUSDT,SHORT,REJECTED,,,,,,,,,,,,,,,0.0,114.83937954797773,,High Risk + Low Quality + Low Profit
239,2026-07-31 00:15:00+00:00,BTCUSDT,SHORT,REJECTED,,,,,,,,,,,,,,,0.0,114.83937954797773,,High Risk + Low Quality + Low Profit
240,2026-07-31 00:15:00+00:00,SOLUSDT,SHORT,REJECTED,,,,,,,,,,,,,,,0.0,114.83937954797773,,High Risk + Low Quality + Low Profit
241,2026-07-31 01:00:00+00:00,SOLUSDT,LONG,REJECTED,,,,,,,,,,,,,,,0.0,114.83937954797773,,High Risk + Low Quality + Low Profit
242,2026-07-31 01:00:00+00:00,BTCUSDT,LONG,REJECTED,,,,,,,,,,,,,,,0.0,114.83937954797773,,High Risk + Low Quality + Low Profit
243,2026-07-31 01:15:00+00:00,ETHUSDT,LONG,EXECUTED,TIME_CLOSE_EXIT,LOW_RISK,0.57,3.8,2.15,0.42,0.8,0.17,0.55,0.0,0.0,0.0,0.0,0.0,-0.0,114.84,0.0,
244,2026-07-31 01:15:00+00:00,DOGEUSDT,LONG,EXECUTED,TIME_CLOSE_EXIT,LOW_RISK,0.57,3.8,2.15,0.42,0.8,0.07,0.44,0.0,0.0,0.0,0.0,0.0,-0.0,114.83,0.01,
245,2026-07-31 01:30:00+00:00,DOGEUSDT,SHORT,EXECUTED,TAKE_PROFIT_HIT,LOW_RISK,2.3,3.8,8.61,2.03,0.8,2.98,0.4,2.03,0.17,0.01,0.01,0.02,0.16,114.99,0.0,
246,2026-07-31 01:30:00+00:00,ETHUSDT,SHORT,EXECUTED,TAKE_PROFIT_HIT,LOW_RISK,2.3,3.8,8.62,2.58,0.8,3.68,0.56,2.58,0.22,0.01,0.01,0.02,0.21,115.2,0.0,
247,2026-07-31 01:45:00+00:00,BTCUSDT,SHORT,EXECUTED,TAKE_PROFIT_HIT,LOW_RISK,2.3,3.8,8.64,2.58,0.8,3.25,0.51,2.58,0.22,0.01,0.01,0.02,0.21,115.4,0.0,
248,2026-07-31 02:00:00+00:00,SOLUSDT,SHORT,EXECUTED,TAKE_PROFIT_HIT,LOW_RISK,2.31,3.8,8.66,0.71,0.8,0.85,0.28,0.71,0.06,0.01,0.01,0.02,0.05,115.45,0.0,
249,2026-07-31 06:15:00+00:00,SOLUSDT,LONG,EXECUTED,TIME_CLOSE_EXIT,LOW_RISK,0.58,3.8,2.16,0.42,0.8,0.01,0.44,1.0,0.02,0.0,0.0,0.0,0.02,115.47,0.0,
250,2026-07-31 06:30:00+00:00,SOLUSDT,SHORT,EXECUTED,TAKE_PROFIT_HIT,LOW_RISK,2.31,3.8,8.66,0.87,0.8,1.13,0.55,0.87,0.08,0.01,0.01,0.02,0.06,115.53,0.0,
251,2026-07-31 13:15:00+00:00,SOLUSDT,LONG,EXECUTED,TIME_CLOSE_EXIT,LOW_RISK,0.58,3.8,2.17,0.42,0.8,0.01,0.56,1.0,0.02,0.0,0.0,0.0,0.02,115.55,0.0,
252,2026-07-31 13:30:00+00:00,SOLUSDT,SHORT,EXECUTED,TAKE_PROFIT_HIT,LOW_RISK,1.73,3.8,6.5,0.58,0.8,0.82,0.57,0.58,0.04,0.01,0.01,0.01,0.03,115.57,0.0,
253,2026-07-31 17:00:00+00:00,DOGEUSDT,LONG,EXECUTED,TAKE_PROFIT_HIT,LOW_RISK,2.31,3.8,8.67,0.82,0.8,1.02,0.29,0.82,0.07,0.01,0.01,0.02,0.06,115.63,0.0,
254,2026-07-31 17:30:00+00:00,XRPUSDT,LONG,EXECUTED,TIME_CLOSE_EXIT,LOW_RISK,1.73,3.8,6.5,0.42,0.8,0.22,0.63,0.0,0.0,0.01,0.01,0.01,-0.01,115.62,0.01,
255,2026-07-31 17:45:00+00:00,ETHUSDT,LONG,EXECUTED,TIME_CLOSE_EXIT,LOW_RISK,0.58,3.8,2.17,0.42,0.8,0.17,0.54,0.0,0.0,0.0,0.0,0.0,-0.0,115.61,0.01,
256,2026-07-31 18:00:00+00:00,SOLUSDT,LONG,EXECUTED,TIME_CLOSE_EXIT,LOW_RISK,2.07,3.8,7.77,0.42,0.8,0.25,0.12,0.0,0.0,0.01,0.01,0.01,-0.01,115.6,0.03,
257,2026-07-31 18:15:00+00:00,SOLUSDT,SHORT,EXECUTED,TAKE_PROFIT_HIT,LOW_RISK,2.31,3.8,8.67,0.71,0.8,0.89,0.33,0.71,0.06,0.01,0.01,0.02,0.05,115.64,0.0,
258,2026-07-31 18:30:00+00:00,BTCUSDT,LONG,EXECUTED,TIME_CLOSE_EXIT,LOW_RISK,0.58,3.8,2.17,0.42,0.8,0.22,0.16,1.0,0.02,0.0,0.0,0.0,0.02,115.66,0.0,
259,2026-07-31 19:00:00+00:00,XRPUSDT,SHORT,EXECUTED,TIME_CLOSE_EXIT,LOW_RISK,0.58,3.8,2.17,0.42,0.8,0.35,0.31,11.0,0.24,0.0,0.0,0.0,0.23,115.9,0.0,
260,2026-07-31 19:30:00+00:00,BTCUSDT,SHORT,EXECUTED,TIME_CLOSE_EXIT,LOW_RISK,0.58,3.8,2.17,0.42,0.8,0.25,0.1,6.0,0.13,0.0,0.0,0.0,0.13,116.02,0.0,
261,2026-07-31 19:45:00+00:00,ETHUSDT,SHORT,EXECUTED,TAKE_PROFIT_HIT,LOW_RISK,2.07,3.8,7.75,0.42,0.8,0.5,0.14,0.43,0.03,0.01,0.01,0.01,0.02,116.04,0.0,
262,2026-07-31 20:45:00+00:00,DOGEUSDT,SHORT,EXECUTED,TIME_CLOSE_EXIT,LOW_RISK,0.58,3.8,2.18,0.42,0.8,0.12,0.49,1.0,0.02,0.0,0.0,0.0,0.02,116.06,0.0,
263,2026-07-31 22:15:00+00:00,DOGEUSDT,LONG,EXECUTED,TIME_CLOSE_EXIT,LOW_RISK,0.58,3.8,2.18,0.42,0.8,0.0,0.16,0.0,0.0,0.0,0.0,0.0,-0.0,116.06,0.0,
264,2026-07-31 22:30:00+00:00,DOGEUSDT,SHORT,EXECUTED,TIME_CLOSE_EXIT,LOW_RISK,0.58,3.8,2.18,0.42,0.8,0.24,0.34,5.0,0.11,0.0,0.0,0.0,0.1,116.16,0.0,
265,2026-08-01 00:30:00+00:00,DOGEUSDT,LONG,EXECUTED,TAKE_PROFIT_HIT,LOW_RISK,0.58,3.8,2.18,0.46,0.8,0.56,0.43,0.46,0.01,0.0,0.0,0.0,0.01,116.17,0.0,
266,2026-08-01 00:30:00+00:00,ETHUSDT,LONG,EXECUTED,TIME_CLOSE_EXIT,LOW_RISK,0.58,3.8,2.18,0.42,0.8,0.26,0.21,26.0,0.57,0.0,0.0,0.0,0.56,116.73,0.0,
267,2026-08-01 01:00:00+00:00,XRPUSDT,LONG,EXECUTED,TIME_CLOSE_EXIT,LOW_RISK,0.58,3.8,2.19,0.42,0.8,0.26,0.18,15.0,0.33,0.0,0.0,0.0,0.32,117.05,0.0,
268,2026-08-01 01:00:00+00:00,SOLUSDT,LONG,EXECUTED,TIME_CLOSE_EXIT,LOW_RISK,0.59,3.8,2.19,0.42,0.8,0.08,0.25,5.0,0.11,0.0,0.0,0.0,0.11,117.16,0.0,
269,2026-08-01 02:00:00+00:00,BTCUSDT,LONG,EXECUTED,TIME_CLOSE_EXIT,LOW_RISK,0.59,3.8,2.2,0.42,0.8,0.21,0.08,27.0,0.59,0.0,0.0,0.0,0.59,117.75,0.0,
270,2026-08-01 03:15:00+00:00,SOLUSDT,SHORT,EXECUTED,TIME_CLOSE_EXIT,LOW_RISK,0.59,3.8,2.21,0.42,0.8,0.08,0.25,1.0,0.02,0.0,0.0,0.0,0.02,117.77,0.0,
271,2026-08-01 04:00:00+00:00,SOLUSDT,LONG,EXECUTED,TIME_CLOSE_EXIT,LOW_RISK,0.59,3.8,2.21,0.42,0.8,0.16,0.31,3.0,0.07,0.0,0.0,0.0,0.06,117.83,0.0,
272,2026-08-01 05:45:00+00:00,SOLUSDT,SHORT,EXECUTED,TIME_CLOSE_EXIT,LOW_RISK,0.59,3.8,2.21,0.42,0.8,0.36,0.25,17.0,0.38,0.0,0.0,0.0,0.37,118.2,0.0,
273,2026-08-01 05:45:00+00:00,XRPUSDT,SHORT,EXECUTED,TIME_CLOSE_EXIT,LOW_RISK,2.11,3.8,7.9,0.42,0.8,0.39,0.11,17.0,1.34,0.01,0.01,0.01,1.33,119.53,0.0,
274,2026-08-01 06:30:00+00:00,DOGEUSDT,SHORT,EXECUTED,TAKE_PROFIT_HIT,LOW_RISK,0.6,3.8,2.24,0.48,0.8,0.57,0.43,0.48,0.01,0.0,0.0,0.0,0.01,119.54,0.0,
275,2026-08-01 10:00:00+00:00,ETHUSDT,SHORT,EXECUTED,TIME_CLOSE_EXIT,LOW_RISK,0.6,3.8,2.24,0.42,0.8,0.08,0.29,0.0,0.0,0.0,0.0,0.0,-0.0,119.53,0.0,
276,2026-08-01 10:00:00+00:00,BTCUSDT,SHORT,EXECUTED,TIME_CLOSE_EXIT,LOW_RISK,0.6,3.8,2.24,0.42,0.8,0.03,0.18,0.0,0.0,0.0,0.0,0.0,-0.0,119.53,0.01,
277,2026-08-01 11:45:00+00:00,XRPUSDT,LONG,EXECUTED,TIME_CLOSE_EXIT,LOW_RISK,1.79,3.8,6.72,0.42,0.8,0.24,0.12,12.0,0.81,0.01,0.01,0.01,0.79,120.32,0.0,
278,2026-08-01 12:00:00+00:00,BTCUSDT,LONG,EXECUTED,TIME_CLOSE_EXIT,LOW_RISK,0.6,3.8,2.26,0.42,0.8,0.04,0.08,8.0,0.18,0.0,0.0,0.0,0.18,120.5,0.0,
279,2026-08-01 13:00:00+00:00,SOLUSDT,LONG,EXECUTED,TIME_CLOSE_EXIT,LOW_RISK,0.6,3.8,2.26,0.42,0.8,0.1,0.36,4.0,0.09,0.0,0.0,0.0,0.09,120.58,0.0,
280,2026-08-01 13:00:00+00:00,ETHUSDT,LONG,EXECUTED,TIME_CLOSE_EXIT,LOW_RISK,1.81,3.8,6.78,0.42,0.8,0.32,0.16,9.0,0.61,0.01,0.01,0.01,0.6,121.18,0.0,
281,2026-08-01 13:00:00+00:00,DOGEUSDT,LONG,EXECUTED,TIME_CLOSE_EXIT,LOW_RISK,0.61,3.8,2.27,0.42,0.8,0.23,0.56,4.0,0.09,0.0,0.0,0.0,0.09,121.27,0.0,
282,2026-08-01 15:30:00+00:00,BTCUSDT,SHORT,EXECUTED,TAKE_PROFIT_HIT,LOW_RISK,2.43,3.8,9.1,1.05,0.8,1.23,0.02,1.05,0.1,0.01,0.01,0.02,0.08,121.35,0.0,
283,2026-08-01 15:30:00+00:00,SOLUSDT,SHORT,EXECUTED,TAKE_PROFIT_HIT,LOW_RISK,2.43,3.8,9.1,2.58,0.8,3.08,0.16,2.58,0.23,0.01,0.01,0.02,0.22,121.57,0.0,
284,2026-08-01 16:00:00+00:00,XRPUSDT,SHORT,EXECUTED,TAKE_PROFIT_HIT,LOW_RISK,2.43,3.8,9.12,1.05,0.8,1.47,0.16,1.05,0.1,0.01,0.01,0.02,0.08,121.65,0.0,
285,2026-08-01 16:45:00+00:00,ETHUSDT,SHORT,EXECUTED,TAKE_PROFIT_HIT,LOW_RISK,2.43,3.8,9.12,2.03,0.8,2.5,0.08,2.03,0.19,0.01,0.01,0.02,0.17,121.81,0.0,
286,2026-08-01 17:15:00+00:00,DOGEUSDT,SHORT,EXECUTED,TAKE_PROFIT_HIT,LOW_RISK,2.44,3.8,9.14,2.58,0.8,3.05,0.19,2.58,0.24,0.01,0.01,0.02,0.22,122.03,0.0,
287,2026-08-01 21:30:00+00:00,XRPUSDT,LONG,EXECUTED,TAKE_PROFIT_HIT,LOW_RISK,2.44,3.8,9.15,1.94,0.8,2.38,0.24,1.94,0.18,0.01,0.01,0.02,0.16,122.19,0.0,
288,2026-08-01 21:30:00+00:00,BTCUSDT,LONG,EXECUTED,TAKE_PROFIT_HIT,LOW_RISK,2.44,3.8,9.16,0.99,0.8,1.33,0.05,0.99,0.09,0.01,0.01,0.02,0.07,122.27,0.0,
289,2026-08-01 22:15:00+00:00,SOLUSDT,LONG,EXECUTED,TAKE_PROFIT_HIT,LOW_RISK,2.45,3.8,9.17,1.94,0.8,2.32,0.24,1.94,0.18,0.01,0.01,0.02,0.16,122.43,0.0,
290,2026-08-01 22:30:00+00:00,DOGEUSDT,LONG,EXECUTED,TIME_CLOSE_EXIT,LOW_RISK,0.61,3.8,2.3,0.42,0.8,0.07,0.14,2.0,0.05,0.0,0.0,0.0,0.04,122.47,0.0,
291,2026-08-01 23:00:00+00:00,ETHUSDT,LONG,EXECUTED,TIME_CLOSE_EXIT,LOW_RISK,1.84,3.8,6.89,0.42,0.8,0.14,0.17,0.0,0.0,0.01,0.01,0.01,-0.01,122.46,0.01,
292,2026-08-01 23:00:00+00:00,DOGEUSDT,LONG,EXECUTED,TAKE_PROFIT_HIT,LOW_RISK,2.45,3.8,9.18,1.53,0.8,2.04,0.25,1.53,0.14,0.01,0.01,0.02,0.12,122.58,0.0,
293,2026-08-01 23:15:00+00:00,ETHUSDT,SHORT,EXECUTED,TIME_CLOSE_EXIT,LOW_RISK,0.61,3.8,2.3,0.42,0.8,0.02,0.33,0.0,0.0,0.0,0.0,0.0,-0.0,122.58,0.0,
294,2026-08-02 00:00:00+00:00,ETHUSDT,LONG,EXECUTED,TAKE_PROFIT_HIT,LOW_RISK,2.45,3.8,9.19,1.53,0.8,2.0,0.22,1.53,0.14,0.01,0.01,0.02,0.12,122.7,0.0,
295,2026-08-02 08:30:00+00:00,BTCUSDT,SHORT,EXECUTED,TIME_CLOSE_EXIT,LOW_RISK,0.61,3.8,2.3,0.42,0.8,0.39,0.26,13.0,0.3,0.0,0.0,0.0,0.29,123.0,0.0,
296,2026-08-02 08:30:00+00:00,ETHUSDT,SHORT,EXECUTED,TAKE_PROFIT_HIT,LOW_RISK,2.46,3.8,9.22,0.87,0.8,1.07,0.21,0.87,0.08,0.01,0.01,0.02,0.06,123.06,0.0,
297,2026-08-02 08:45:00+00:00,DOGEUSDT,SHORT,EXECUTED,TIME_CLOSE_EXIT,LOW_RISK,0.62,3.8,2.31,0.42,0.8,0.24,0.34,1.0,0.02,0.0,0.0,0.0,0.02,123.08,0.0,
298,2026-08-02 08:45:00+00:00,SOLUSDT,SHORT,EXECUTED,TAKE_PROFIT_HIT,LOW_RISK,1.85,3.8,6.92,0.48,0.8,0.66,0.34,0.48,0.03,0.01,0.01,0.01,0.02,123.1,0.0,
299,2026-08-02 10:30:00+00:00,XRPUSDT,SHORT,EXECUTED,TIME_CLOSE_EXIT,LOW_RISK,0.62,3.8,2.31,0.42,0.8,0.31,0.18,9.0,0.21,0.0,0.0,0.0,0.2,123.3,0.0,
300,2026-08-02 13:30:00+00:00,DOGEUSDT,LONG,EXECUTED,TAKE_PROFIT_HIT,LOW_RISK,2.47,3.8,9.25,1.53,0.8,1.94,0.1,1.53,0.14,0.01,0.01,0.02,0.12,123.43,0.0,
301,2026-08-02 14:15:00+00:00,XRPUSDT,LONG,EXECUTED,TIME_CLOSE_EXIT,LOW_RISK,0.62,3.8,2.31,0.42,0.8,0.07,0.44,1.0,0.02,0.0,0.0,0.0,0.02,123.45,0.0,
302,2026-08-02 15:15:00+00:00,SOLUSDT,LONG,EXECUTED,TIME_CLOSE_EXIT,LOW_RISK,0.62,3.8,2.31,0.42,0.8,0.11,0.11,0.0,0.0,0.0,0.0,0.0,-0.0,123.44,0.0,
303,2026-08-02 15:30:00+00:00,SOLUSDT,SHORT,EXECUTED,TIME_CLOSE_EXIT,LOW_RISK,0.62,3.8,2.31,0.42,0.8,0.22,0.3,2.0,0.05,0.0,0.0,0.0,0.04,123.49,0.0,
304,2026-08-02 16:00:00+00:00,XRPUSDT,SHORT,EXECUTED,TIME_CLOSE_EXIT,LOW_RISK,0.62,3.8,2.32,0.42,0.8,0.07,0.45,0.0,0.0,0.0,0.0,0.0,-0.0,123.48,0.0,
305,2026-08-02 16:30:00+00:00,ETHUSDT,LONG,EXECUTED,TAKE_PROFIT_HIT,LOW_RISK,2.47,3.8,9.26,1.53,0.8,1.8,0.35,1.53,0.14,0.01,0.01,0.02,0.13,123.61,0.0,
306,2026-08-02 16:45:00+00:00,BTCUSDT,LONG,EXECUTED,TAKE_PROFIT_HIT,LOW_RISK,2.47,3.8,9.27,0.82,0.8,0.97,0.04,0.82,0.08,0.01,0.01,0.02,0.06,123.67,0.0,
307,2026-08-02 16:45:00+00:00,SOLUSDT,LONG,EXECUTED,TAKE_PROFIT_HIT,LOW_RISK,2.47,3.8,9.27,1.22,0.8,1.63,0.07,1.22,0.11,0.01,0.01,0.02,0.1,123.76,0.0,
308,2026-08-02 17:15:00+00:00,XRPUSDT,LONG,EXECUTED,TAKE_PROFIT_HIT,LOW_RISK,2.48,3.8,9.28,0.42,0.8,0.46,0.18,0.43,0.04,0.01,0.01,0.02,0.02,123.79,0.0,
309,2026-08-02 20:15:00+00:00,XRPUSDT,SHORT,EXECUTED,TIME_CLOSE_EXIT,LOW_RISK,0.62,3.8,2.32,0.42,0.8,0.02,0.35,0.0,0.0,0.0,0.0,0.0,-0.0,123.78,0.0,
310,2026-08-02 21:00:00+00:00,XRPUSDT,LONG,EXECUTED,TAKE_PROFIT_HIT,LOW_RISK,2.48,3.8,9.28,0.67,0.8,0.92,0.25,0.67,0.06,0.01,0.01,0.02,0.05,123.83,0.0,
311,2026-08-02 23:45:00+00:00,SOLUSDT,SHORT,EXECUTED,TAKE_PROFIT_HIT,LOW_RISK,2.48,3.8,9.29,1.61,0.8,2.24,0.05,1.61,0.15,0.01,0.01,0.02,0.13,123.96,0.0,
312,2026-08-03 00:15:00+00:00,XRPUSDT,SHORT,EXECUTED,TAKE_PROFIT_HIT,LOW_RISK,2.48,3.8,9.3,1.3,0.8,1.76,0.3,1.3,0.12,0.01,0.01,0.02,0.1,124.06,0.0,
313,2026-08-03 00:15:00+00:00,DOGEUSDT,SHORT,EXECUTED,TAKE_PROFIT_HIT,LOW_RISK,2.48,3.8,9.3,1.61,0.8,1.96,0.43,1.61,0.15,0.01,0.01,0.02,0.13,124.2,0.0,
314,2026-08-03 00:15:00+00:00,BTCUSDT,SHORT,EXECUTED,TAKE_PROFIT_HIT,LOW_RISK,2.48,3.8,9.31,1.05,0.8,1.52,0.28,1.05,0.1,0.01,0.01,0.02,0.08,124.28,0.0,
315,2026-08-03 00:15:00+00:00,ETHUSDT,SHORT,EXECUTED,TAKE_PROFIT_HIT,LOW_RISK,2.49,3.8,9.32,2.03,0.8,2.43,0.34,2.03,0.19,0.01,0.01,0.02,0.17,124.45,0.0,
316,2026-08-03 10:15:00+00:00,BTCUSDT,LONG,EXECUTED,TIME_CLOSE_EXIT,LOW_RISK,1.87,3.8,7.0,0.42,0.8,0.15,0.32,0.0,0.0,0.01,0.01,0.01,-0.01,124.44,0.01,
317,2026-08-03 10:30:00+00:00,DOGEUSDT,LONG,EXECUTED,TIME_CLOSE_EXIT,LOW_RISK,0.62,3.8,2.33,0.42,0.8,0.04,0.4,0.0,0.0,0.0,0.0,0.0,-0.0,124.43,0.01,
318,2026-08-03 10:45:00+00:00,XRPUSDT,LONG,EXECUTED,TIME_CLOSE_EXIT,LOW_RISK,0.62,3.8,2.33,0.42,0.8,0.05,0.5,0.0,0.0,0.0,0.0,0.0,-0.0,124.43,0.02,
319,2026-08-03 11:00:00+00:00,DOGEUSDT,SHORT,EXECUTED,TIME_CLOSE_EXIT,LOW_RISK,0.62,3.8,2.33,0.42,0.8,0.22,0.35,4.0,0.09,0.0,0.0,0.0,0.09,124.52,0.0,
320,2026-08-03 11:15:00+00:00,XRPUSDT,SHORT,EXECUTED,TIME_CLOSE_EXIT,LOW_RISK,0.62,3.8,2.33,0.42,0.8,0.21,0.55,2.0,0.05,0.0,0.0,0.0,0.04,124.56,0.0,
321,2026-08-03 11:45:00+00:00,BTCUSDT,SHORT,EXECUTED,TIME_CLOSE_EXIT,LOW_RISK,0.62,3.8,2.34,0.42,0.8,0.18,0.38,1.0,0.02,0.0,0.0,0.0,0.02,124.58,0.0,
322,2026-08-03 12:30:00+00:00,DOGEUSDT,LONG,EXECUTED,TAKE_PROFIT_HIT,LOW_RISK,2.49,3.8,9.34,1.22,0.8,1.44,0.17,1.22,0.11,0.01,0.01,0.02,0.1,124.68,0.0,
323,2026-08-03 13:00:00+00:00,BTCUSDT,LONG,EXECUTED,TAKE_PROFIT_HIT,LOW_RISK,2.49,3.8,9.35,1.53,0.8,2.07,0.35,1.53,0.14,0.01,0.01,0.02,0.13,124.8,0.0,
324,2026-08-03 13:30:00+00:00,ETHUSDT,LONG,EXECUTED,TAKE_PROFIT_HIT,LOW_RISK,2.5,3.8,9.36,1.22,0.8,1.46,0.6,1.22,0.11,0.01,0.01,0.02,0.1,124.9,0.0,
325,2026-08-03 13:30:00+00:00,SOLUSDT,LONG,EXECUTED,TAKE_PROFIT_HIT,MEDIUM_RISK,1.25,3.0,3.75,1.53,0.8,2.02,0.67,1.53,0.06,0.0,0.0,0.01,0.05,124.95,0.0,
326,2026-08-03 13:30:00+00:00,XRPUSDT,LONG,EXECUTED,TAKE_PROFIT_HIT,LOW_RISK,2.5,3.8,9.37,1.22,0.8,1.5,0.51,1.22,0.11,0.01,0.01,0.02,0.1,125.05,0.0,
327,2026-08-03 21:30:00+00:00,BTCUSDT,SHORT,EXECUTED,TAKE_PROFIT_HIT,LOW_RISK,2.5,3.8,9.38,0.48,0.8,0.56,0.39,0.48,0.04,0.01,0.01,0.02,0.03,125.08,0.0,
328,2026-08-03 21:45:00+00:00,ETHUSDT,SHORT,EXECUTED,TAKE_PROFIT_HIT,LOW_RISK,2.5,3.8,9.38,0.58,0.8,0.82,0.33,0.58,0.05,0.01,0.01,0.02,0.04,125.11,0.0,
329,2026-08-03 22:00:00+00:00,XRPUSDT,SHORT,EXECUTED,TAKE_PROFIT_HIT,LOW_RISK,0.63,3.8,2.35,0.48,0.8,0.56,0.46,0.48,0.01,0.0,0.0,0.0,0.01,125.12,0.0,
330,2026-08-03 22:00:00+00:00,SOLUSDT,SHORT,EXECUTED,TAKE_PROFIT_HIT,LOW_RISK,2.5,3.8,9.38,0.58,0.8,0.69,0.42,0.58,0.05,0.01,0.01,0.02,0.04,125.16,0.0,
331,2026-08-03 22:15:00+00:00,DOGEUSDT,SHORT,EXECUTED,TAKE_PROFIT_HIT,LOW_RISK,1.88,3.8,7.04,0.42,0.8,0.48,0.43,0.43,0.03,0.01,0.01,0.01,0.02,125.18,0.0,
332,2026-08-04 01:45:00+00:00,BTCUSDT,LONG,EXECUTED,TAKE_PROFIT_HIT,LOW_RISK,2.24,3.8,8.41,0.46,0.8,0.62,0.31,0.46,0.04,0.01,0.01,0.02,0.02,125.2,0.0,
333,2026-08-04 01:45:00+00:00,DOGEUSDT,LONG,EXECUTED,TIME_CLOSE_EXIT,LOW_RISK,0.63,3.8,2.35,0.42,0.8,0.23,0.43,3.0,0.07,0.0,0.0,0.0,0.07,125.27,0.0,
334,2026-08-04 02:00:00+00:00,ETHUSDT,LONG,EXECUTED,TAKE_PROFIT_HIT,LOW_RISK,2.51,3.8,9.39,0.67,0.8,0.91,0.53,0.67,0.06,0.01,0.01,0.02,0.05,125.31,0.0,
335,2026-08-04 02:00:00+00:00,SOLUSDT,LONG,EXECUTED,TAKE_PROFIT_HIT,LOW_RISK,2.51,3.8,9.4,0.42,0.8,0.49,0.47,0.43,0.04,0.01,0.01,0.02,0.02,125.34,0.0,
336,2026-08-04 02:30:00+00:00,XRPUSDT,LONG,EXECUTED,TIME_CLOSE_EXIT,LOW_RISK,0.63,3.8,2.35,0.42,0.8,0.28,0.44,9.0,0.21,0.0,0.0,0.0,0.21,125.54,0.0,
337,2026-08-04 05:15:00+00:00,DOGEUSDT,SHORT,EXECUTED,TIME_CLOSE_EXIT,LOW_RISK,0.63,3.8,2.35,0.42,0.8,0.37,0.3,8.0,0.19,0.0,0.0,0.0,0.18,125.73,0.0,
338,2026-08-04 06:15:00+00:00,XRPUSDT,SHORT,EXECUTED,TIME_CLOSE_EXIT,LOW_RISK,0.63,3.8,2.36,0.42,0.8,0.33,0.41,4.0,0.09,0.0,0.0,0.0,0.09,125.82,0.0,
339,2026-08-04 06:30:00+00:00,ETHUSDT,SHORT,REJECTED,,,,,,,,,,,,,,,0.0,125.8166280498025,,High Risk + Low Quality + Low Profit
340,2026-08-04 06:30:00+00:00,SOLUSDT,SHORT,EXECUTED,TAKE_PROFIT_HIT,LOW_RISK,0.63,3.8,2.36,0.42,0.8,0.46,0.44,0.43,0.01,0.0,0.0,0.0,0.01,125.82,0.0,
341,2026-08-04 06:45:00+00:00,BTCUSDT,SHORT,EXECUTED,TIME_CLOSE_EXIT,LOW_RISK,0.63,3.8,2.36,0.42,0.8,0.34,0.27,14.0,0.33,0.0,0.0,0.0,0.33,126.15,0.0,
342,2026-08-04 08:00:00+00:00,XRPUSDT,LONG,EXECUTED,TIME_CLOSE_EXIT,LOW_RISK,2.26,3.8,8.48,0.42,0.8,0.24,0.2,0.0,0.0,0.01,0.01,0.02,-0.02,126.13,0.01,
343,2026-08-04 08:15:00+00:00,XRPUSDT,SHORT,EXECUTED,TAKE_PROFIT_HIT,LOW_RISK,2.25,3.8,8.43,0.42,0.8,0.48,0.16,0.43,0.04,0.01,0.01,0.02,0.02,126.15,0.0,
344,2026-08-04 10:45:00+00:00,ETHUSDT,LONG,EXECUTED,TAKE_PROFIT_HIT,LOW_RISK,2.52,3.8,9.46,0.67,0.8,0.81,0.44,0.67,0.06,0.01,0.01,0.02,0.05,126.2,0.0,
345,2026-08-04 10:45:00+00:00,DOGEUSDT,LONG,EXECUTED,TAKE_PROFIT_HIT,LOW_RISK,2.26,3.8,8.48,0.42,0.8,0.48,0.55,0.43,0.04,0.01,0.01,0.02,0.02,126.22,0.0,
346,2026-08-04 11:00:00+00:00,BTCUSDT,LONG,EXECUTED,TAKE_PROFIT_HIT,LOW_RISK,2.52,3.8,9.47,0.99,0.8,1.26,0.2,0.99,0.09,0.01,0.01,0.02,0.08,126.3,0.0,
347,2026-08-04 11:15:00+00:00,SOLUSDT,LONG,EXECUTED,TAKE_PROFIT_HIT,LOW_RISK,2.26,3.8,8.49,0.82,0.8,0.98,0.54,0.82,0.07,0.01,0.01,0.02,0.05,126.35,0.0,
348,2026-08-04 11:30:00+00:00,XRPUSDT,LONG,EXECUTED,TIME_CLOSE_EXIT,LOW_RISK,0.63,3.8,2.37,0.42,0.8,0.29,0.43,1.0,0.02,0.0,0.0,0.0,0.02,126.37,0.0,
349,2026-08-04 13:45:00+00:00,XRPUSDT,SHORT,EXECUTED,TIME_CLOSE_EXIT,LOW_RISK,0.63,3.8,2.37,0.42,0.8,0.1,0.48,1.0,0.02,0.0,0.0,0.0,0.02,126.39,0.0,
350,2026-08-04 14:00:00+00:00,DOGEUSDT,SHORT,EXECUTED,TIME_CLOSE_EXIT,MEDIUM_RISK,0.32,3.0,0.95,0.42,0.8,0.41,0.73,1.0,0.01,0.0,0.0,0.0,0.01,126.4,0.0,
351,2026-08-04 14:45:00+00:00,XRPUSDT,LONG,EXECUTED,TIME_CLOSE_EXIT,LOW_RISK,0.63,3.8,2.37,0.42,0.8,0.07,0.13,1.0,0.02,0.0,0.0,0.0,0.02,126.42,0.0,
352,2026-08-04 15:00:00+00:00,XRPUSDT,SHORT,EXECUTED,TIME_CLOSE_EXIT,LOW_RISK,0.63,3.8,2.37,0.42,0.8,0.21,0.2,2.0,0.05,0.0,0.0,0.0,0.04,126.46,0.0,
353,2026-08-04 15:30:00+00:00,XRPUSDT,LONG,EXECUTED,TIME_CLOSE_EXIT,LOW_RISK,0.63,3.8,2.37,0.42,0.8,0.33,0.43,1.0,0.02,0.0,0.0,0.0,0.02,126.48,0.0,
354,2026-08-04 16:45:00+00:00,XRPUSDT,SHORT,EXECUTED,TIME_CLOSE_EXIT,LOW_RISK,0.63,3.8,2.37,0.42,0.8,0.09,0.36,0.0,0.0,0.0,0.0,0.0,-0.0,126.48,0.0,
355,2026-08-04 17:00:00+00:00,XRPUSDT,LONG,EXECUTED,TIME_CLOSE_EXIT,LOW_RISK,0.63,3.8,2.37,0.42,0.8,0.17,0.35,0.0,0.0,0.0,0.0,0.0,-0.0,126.47,0.01,
356,2026-08-04 17:00:00+00:00,DOGEUSDT,LONG,EXECUTED,TIME_CLOSE_EXIT,LOW_RISK,0.63,3.8,2.37,0.42,0.8,0.34,0.43,5.0,0.12,0.0,0.0,0.0,0.11,126.59,0.0,
357,2026-08-04 17:45:00+00:00,XRPUSDT,SHORT,EXECUTED,TIME_CLOSE_EXIT,LOW_RISK,0.63,3.8,2.37,0.42,0.8,0.1,0.4,0.0,0.0,0.0,0.0,0.0,-0.0,126.58,0.0,
358,2026-08-04 18:00:00+00:00,XRPUSDT,LONG,EXECUTED,TAKE_PROFIT_HIT,LOW_RISK,0.63,3.8,2.37,0.42,0.8,0.44,0.4,0.43,0.01,0.0,0.0,0.0,0.01,126.59,0.0,
359,2026-08-04 21:00:00+00:00,DOGEUSDT,SHORT,EXECUTED,TIME_CLOSE_EXIT,LOW_RISK,0.63,3.8,2.37,0.42,0.8,0.07,0.4,1.0,0.02,0.0,0.0,0.0,0.02,126.61,0.0,
360,2026-08-04 21:45:00+00:00,ETHUSDT,SHORT,EXECUTED,TIME_CLOSE_EXIT,LOW_RISK,0.63,3.8,2.37,0.42,0.8,0.21,0.25,1.0,0.02,0.0,0.0,0.0,0.02,126.63,0.0,
361,2026-08-04 22:00:00+00:00,XRPUSDT,SHORT,EXECUTED,TAKE_PROFIT_HIT,LOW_RISK,2.53,3.8,9.5,1.61,0.8,1.94,0.29,1.61,0.15,0.01,0.01,0.02,0.14,126.76,0.0,
362,2026-08-04 22:30:00+00:00,ETHUSDT,LONG,EXECUTED,TIME_CLOSE_EXIT,LOW_RISK,0.63,3.8,2.38,0.42,0.8,0.22,0.25,3.0,0.07,0.0,0.0,0.0,0.07,126.83,0.0,
363,2026-08-04 23:00:00+00:00,DOGEUSDT,LONG,EXECUTED,TIME_CLOSE_EXIT,LOW_RISK,0.63,3.8,2.38,0.42,0.8,0.04,0.38,1.0,0.02,0.0,0.0,0.0,0.02,126.85,0.0,
364,2026-08-04 23:15:00+00:00,SOLUSDT,SHORT,EXECUTED,TAKE_PROFIT_HIT,MEDIUM_RISK,0.32,3.0,0.95,0.58,0.8,0.69,0.66,0.58,0.01,0.0,0.0,0.0,0.0,126.85,0.0,
365,2026-08-04 23:15:00+00:00,DOGEUSDT,SHORT,EXECUTED,TAKE_PROFIT_HIT,LOW_RISK,1.9,3.8,7.14,0.58,0.8,0.74,0.44,0.58,0.04,0.01,0.01,0.01,0.03,126.88,0.0,
366,2026-08-04 23:15:00+00:00,ETHUSDT,SHORT,EXECUTED,TAKE_PROFIT_HIT,LOW_RISK,0.63,3.8,2.38,0.42,0.8,0.47,0.6,0.43,0.01,0.0,0.0,0.0,0.01,126.89,0.0,
367,2026-08-04 23:45:00+00:00,BTCUSDT,SHORT,EXECUTED,TIME_CLOSE_EXIT,LOW_RISK,0.63,3.8,2.38,0.42,0.8,0.24,0.62,5.0,0.12,0.0,0.0,0.0,0.11,127.0,0.0,
368,2026-08-05 02:00:00+00:00,SOLUSDT,LONG,EXECUTED,TIME_CLOSE_EXIT,MEDIUM_RISK,0.32,3.0,0.95,0.42,0.8,0.35,0.7,3.0,0.03,0.0,0.0,0.0,0.03,127.03,0.0,
369,2026-08-05 02:00:00+00:00,BTCUSDT,LONG,EXECUTED,TIME_CLOSE_EXIT,LOW_RISK,0.64,3.8,2.38,0.42,0.8,0.07,0.64,0.0,0.0,0.0,0.0,0.0,-0.0,127.02,0.0,
370,2026-08-05 02:15:00+00:00,ETHUSDT,LONG,EXECUTED,TIME_CLOSE_EXIT,LOW_RISK,0.64,3.8,2.38,0.42,0.8,0.13,0.55,0.0,0.0,0.0,0.0,0.0,-0.0,127.02,0.01,
371,2026-08-05 02:30:00+00:00,DOGEUSDT,LONG,EXECUTED,TIME_CLOSE_EXIT,LOW_RISK,0.64,3.8,2.38,0.42,0.8,0.09,0.58,1.0,0.02,0.0,0.0,0.0,0.02,127.04,0.0,
372,2026-08-05 03:00:00+00:00,DOGEUSDT,SHORT,EXECUTED,TAKE_PROFIT_HIT,LOW_RISK,0.64,3.8,2.38,0.48,0.8,0.56,0.46,0.48,0.01,0.0,0.0,0.0,0.01,127.05,0.0,
373,2026-08-05 03:15:00+00:00,ETHUSDT,SHORT,EXECUTED,TIME_CLOSE_EXIT,MEDIUM_RISK,0.32,3.0,0.95,0.42,0.8,0.07,0.67,0.0,0.0,0.0,0.0,0.0,-0.0,127.04,0.0,
374,2026-08-05 03:45:00+00:00,BTCUSDT,SHORT,EXECUTED,TIME_CLOSE_EXIT,LOW_RISK,0.64,3.8,2.38,0.42,0.8,0.15,0.22,2.0,0.05,0.0,0.0,0.0,0.04,127.09,0.0,
375,2026-08-05 03:45:00+00:00,SOLUSDT,SHORT,EXECUTED,TIME_CLOSE_EXIT,MEDIUM_RISK,0.95,3.0,2.86,0.42,0.8,0.22,0.7,2.0,0.06,0.0,0.0,0.01,0.05,127.14,0.0,
376,2026-08-05 05:00:00+00:00,BTCUSDT,LONG,EXECUTED,TIME_CLOSE_EXIT,LOW_RISK,0.64,3.8,2.38,0.42,0.8,0.32,0.41,1.0,0.02,0.0,0.0,0.0,0.02,127.16,0.0,
377,2026-08-05 05:15:00+00:00,ETHUSDT,LONG,EXECUTED,TIME_CLOSE_EXIT,LOW_RISK,0.64,3.8,2.38,0.42,0.8,0.17,0.42,0.0,0.0,0.0,0.0,0.0,-0.0,127.15,0.0,
378,2026-08-05 05:15:00+00:00,SOLUSDT,LONG,EXECUTED,TIME_CLOSE_EXIT,LOW_RISK,0.64,3.8,2.38,0.42,0.8,0.16,0.66,0.0,0.0,0.0,0.0,0.0,-0.0,127.15,0.01,
379,2026-08-05 07:00:00+00:00,ETHUSDT,SHORT,EXECUTED,TIME_CLOSE_EXIT,LOW_RISK,0.64,3.8,2.38,0.42,0.8,0.24,0.35,1.0,0.02,0.0,0.0,0.0,0.02,127.17,0.0,
380,2026-08-05 07:15:00+00:00,BTCUSDT,SHORT,REJECTED,,,,,,,,,,,,,,,0.0,127.17002574779329,,High Risk + Low Quality + Low Profit
381,2026-08-05 07:15:00+00:00,SOLUSDT,SHORT,EXECUTED,TIME_CLOSE_EXIT,LOW_RISK,0.64,3.8,2.38,0.42,0.8,0.07,0.58,1.0,0.02,0.0,0.0,0.0,0.02,127.19,0.0,
382,2026-08-05 08:15:00+00:00,SOLUSDT,LONG,EXECUTED,TIME_CLOSE_EXIT,LOW_RISK,0.64,3.8,2.38,0.42,0.8,0.11,0.46,5.0,0.12,0.0,0.0,0.0,0.11,127.3,0.0,
383,2026-08-05 09:00:00+00:00,ETHUSDT,LONG,EXECUTED,TIME_CLOSE_EXIT,LOW_RISK,0.64,3.8,2.39,0.42,0.8,0.24,0.29,6.0,0.14,0.0,0.0,0.0,0.14,127.44,0.0,
384,2026-08-05 09:15:00+00:00,DOGEUSDT,LONG,EXECUTED,TIME_CLOSE_EXIT,LOW_RISK,0.64,3.8,2.39,0.42,0.8,0.1,0.3,0.0,0.0,0.0,0.0,0.0,-0.0,127.44,0.0,
385,2026-08-05 10:00:00+00:00,DOGEUSDT,SHORT,EXECUTED,TIME_CLOSE_EXIT,LOW_RISK,0.64,3.8,2.39,0.42,0.8,0.19,0.32,3.0,0.07,0.0,0.0,0.0,0.07,127.51,0.0,
386,2026-08-05 10:45:00+00:00,SOLUSDT,SHORT,REJECTED,,,,,,,,,,,,,,,0.0,127.50652901607788,,High Risk + Low Quality + Low Profit
387,2026-08-05 11:15:00+00:00,ETHUSDT,SHORT,REJECTED,,,,,,,,,,,,,,,0.0,127.50652901607788,,High Risk + Low Quality + Low Profit
388,2026-08-05 12:00:00+00:00,DOGEUSDT,LONG,EXECUTED,TAKE_PROFIT_HIT,HIGH_RISK,0.57,1.5,0.86,0.42,1.04,0.5,0.93,0.43,0.0,0.0,0.0,0.0,0.0,127.51,0.0,
389,2026-08-05 12:15:00+00:00,ETHUSDT,LONG,EXECUTED,TAKE_PROFIT_HIT,HIGH_RISK,0.64,1.5,0.96,1.94,1.51,2.4,1.45,1.94,0.02,0.0,0.0,0.0,0.02,127.53,0.0,
390,2026-08-05 12:15:00+00:00,BTCUSDT,LONG,EXECUTED,TAKE_PROFIT_HIT,HIGH_RISK,0.16,1.5,0.24,0.67,1.04,0.79,0.99,0.67,0.0,0.0,0.0,0.0,0.0,127.53,0.0,
391,2026-08-05 12:30:00+00:00,SOLUSDT,LONG,EXECUTED,TIME_CLOSE_EXIT,LOW_RISK,1.91,3.8,7.17,0.42,0.8,0.24,0.58,0.0,0.0,0.01,0.01,0.01,-0.01,127.51,0.01,
392,2026-08-05 13:15:00+00:00,SOLUSDT,SHORT,EXECUTED,TAKE_PROFIT_HIT,LOW_RISK,2.55,3.8,9.56,0.58,0.8,0.7,0.6,0.58,0.06,0.01,0.01,0.02,0.04,127.55,0.0,
393,2026-08-05 13:30:00+00:00,DOGEUSDT,SHORT,EXECUTED,TAKE_PROFIT_HIT,LOW_RISK,1.91,3.8,7.17,0.42,0.8,0.55,0.55,0.43,0.03,0.01,0.01,0.01,0.02,127.57,0.0,
394,2026-08-05 14:00:00+00:00,DOGEUSDT,LONG,EXECUTED,TIME_CLOSE_EXIT,LOW_RISK,0.64,3.8,2.39,0.42,0.8,0.06,0.39,1.0,0.02,0.0,0.0,0.0,0.02,127.59,0.0,
395,2026-08-05 14:15:00+00:00,DOGEUSDT,SHORT,EXECUTED,TIME_CLOSE_EXIT,LOW_RISK,0.64,3.8,2.39,0.42,0.8,0.1,0.36,0.0,0.0,0.0,0.0,0.0,-0.0,127.58,0.0,
396,2026-08-05 14:45:00+00:00,DOGEUSDT,LONG,EXECUTED,TIME_CLOSE_EXIT,LOW_RISK,0.64,3.8,2.39,0.42,0.8,0.24,0.39,1.0,0.02,0.0,0.0,0.0,0.02,127.6,0.0,
397,2026-08-05 15:00:00+00:00,XRPUSDT,LONG,EXECUTED,TIME_CLOSE_EXIT,LOW_RISK,2.29,3.8,8.57,0.42,0.8,0.28,0.37,0.0,0.0,0.01,0.01,0.02,-0.02,127.59,0.01,
398,2026-08-05 15:15:00+00:00,SOLUSDT,LONG,EXECUTED,TAKE_PROFIT_HIT,LOW_RISK,2.55,3.8,9.57,0.82,0.8,1.09,0.23,0.82,0.08,0.01,0.01,0.02,0.06,127.65,0.0,
399,2026-08-05 15:45:00+00:00,XRPUSDT,SHORT,EXECUTED,TIME_CLOSE_EXIT,LOW_RISK,0.64,3.8,2.39,0.42,0.8,0.02,0.39,0.0,0.0,0.0,0.0,0.0,-0.0,127.65,0.0,
400,2026-08-05 15:45:00+00:00,DOGEUSDT,SHORT,REJECTED,,,,,,,,,,,,,,,0.0,127.6454340401314,,High Risk + Low Quality + Low Profit
401,2026-08-05 16:00:00+00:00,XRPUSDT,LONG,EXECUTED,TAKE_PROFIT_HIT,LOW_RISK,2.29,3.8,8.58,0.67,0.8,0.8,0.39,0.67,0.06,0.01,0.01,0.02,0.04,127.69,0.0,
402,2026-08-05 16:15:00+00:00,DOGEUSDT,LONG,EXECUTED,TIME_CLOSE_EXIT,LOW_RISK,0.64,3.8,2.39,0.42,0.8,0.4,0.51,17.0,0.41,0.0,0.0,0.0,0.4,128.09,0.0,
403,2026-08-05 21:15:00+00:00,XRPUSDT,SHORT,EXECUTED,TAKE_PROFIT_HIT,LOW_RISK,2.56,3.8,9.61,1.61,0.8,2.33,0.39,1.61,0.15,0.01,0.01,0.02,0.14,128.23,0.0,
404,2026-08-05 21:15:00+00:00,SOLUSDT,SHORT,EXECUTED,TAKE_PROFIT_HIT,LOW_RISK,2.56,3.8,9.62,0.71,0.8,1.01,0.28,0.71,0.07,0.01,0.01,0.02,0.05,128.28,0.0,
405,2026-08-05 21:45:00+00:00,DOGEUSDT,SHORT,EXECUTED,TAKE_PROFIT_HIT,LOW_RISK,2.57,3.8,9.62,0.71,0.8,0.86,0.16,0.71,0.07,0.01,0.01,0.02,0.05,128.33,0.0,
406,2026-08-05 22:00:00+00:00,BTCUSDT,SHORT,EXECUTED,TIME_CLOSE_EXIT,LOW_RISK,1.92,3.8,7.22,0.42,0.8,0.38,0.15,17.0,1.23,0.01,0.01,0.01,1.21,129.54,0.0,
407,2026-08-05 22:45:00+00:00,ETHUSDT,SHORT,EXECUTED,TAKE_PROFIT_HIT,LOW_RISK,1.94,3.8,7.29,0.48,0.8,0.62,0.57,0.48,0.03,0.01,0.01,0.01,0.02,129.57,0.0,
408,2026-08-06 04:30:00+00:00,BTCUSDT,LONG,EXECUTED,TAKE_PROFIT_HIT,LOW_RISK,2.59,3.8,9.72,0.42,0.8,0.52,0.05,0.43,0.04,0.01,0.01,0.02,0.02,129.59,0.0,
409,2026-08-06 05:00:00+00:00,ETHUSDT,LONG,EXECUTED,TIME_CLOSE_EXIT,LOW_RISK,0.65,3.8,2.43,0.42,0.8,0.29,0.47,15.0,0.36,0.0,0.0,0.0,0.36,129.95,0.0,
410,2026-08-06 05:00:00+00:00,SOLUSDT,LONG,EXECUTED,TIME_CLOSE_EXIT,LOW_RISK,0.65,3.8,2.44,0.42,0.8,0.16,0.63,1.0,0.02,0.0,0.0,0.0,0.02,129.97,0.0,
411,2026-08-06 06:45:00+00:00,XRPUSDT,LONG,EXECUTED,TIME_CLOSE_EXIT,LOW_RISK,0.65,3.8,2.44,0.42,0.8,0.03,0.32,0.0,0.0,0.0,0.0,0.0,-0.0,129.97,0.0,
412,2026-08-06 07:30:00+00:00,XRPUSDT,SHORT,REJECTED,,,,,,,,,,,,,,,0.0,129.9652890954441,,High Risk + Low Quality + Low Profit
413,2026-08-06 08:00:00+00:00,SOLUSDT,SHORT,EXECUTED,TAKE_PROFIT_HIT,LOW_RISK,2.6,3.8,9.75,1.05,0.8,1.25,0.47,1.05,0.1,0.01,0.01,0.02,0.08,130.05,0.0,
414,2026-08-06 08:00:00+00:00,DOGEUSDT,SHORT,EXECUTED,TIME_CLOSE_EXIT,LOW_RISK,0.65,3.8,2.44,0.42,0.8,0.07,0.47,1.0,0.02,0.0,0.0,0.0,0.02,130.07,0.0,
415,2026-08-06 08:30:00+00:00,XRPUSDT,LONG,REJECTED,,,,,,,,,,,,,,,0.0,130.06964794784827,,High Risk + Low Quality + Low Profit
416,2026-08-06 08:45:00+00:00,DOGEUSDT,LONG,REJECTED,,,,,,,,,,,,,,,0.0,130.06964794784827,,High Risk + Low Quality + Low Profit
417,2026-08-06 09:00:00+00:00,DOGEUSDT,SHORT,EXECUTED,TAKE_PROFIT_HIT,MEDIUM_RISK,1.3,3.0,3.9,1.3,0.8,1.83,0.72,1.3,0.05,0.0,0.0,0.01,0.04,130.11,0.0,
418,2026-08-06 09:15:00+00:00,XRPUSDT,SHORT,EXECUTED,TAKE_PROFIT_HIT,LOW_RISK,2.32,3.8,8.7,0.42,0.8,0.54,0.39,0.43,0.04,0.01,0.01,0.02,0.02,130.13,0.0,
419,2026-08-06 09:30:00+00:00,BTCUSDT,SHORT,EXECUTED,TAKE_PROFIT_HIT,LOW_RISK,2.6,3.8,9.76,0.58,0.8,0.77,0.28,0.58,0.06,0.01,0.01,0.02,0.04,130.17,0.0,
420,2026-08-06 09:30:00+00:00,ETHUSDT,SHORT,EXECUTED,TAKE_PROFIT_HIT,LOW_RISK,2.6,3.8,9.76,0.58,0.8,0.73,0.34,0.58,0.06,0.01,0.01,0.02,0.04,130.21,0.0,
421,2026-08-06 11:45:00+00:00,XRPUSDT,LONG,EXECUTED,TIME_CLOSE_EXIT,LOW_RISK,0.65,3.8,2.44,0.42,0.8,0.08,0.31,0.0,0.0,0.0,0.0,0.0,-0.0,130.21,0.0,
422,2026-08-06 12:00:00+00:00,XRPUSDT,SHORT,EXECUTED,TAKE_PROFIT_HIT,LOW_RISK,0.65,3.8,2.44,0.42,0.8,0.44,0.34,0.43,0.01,0.0,0.0,0.0,0.01,130.21,0.0,
423,2026-08-06 14:15:00+00:00,ETHUSDT,LONG,EXECUTED,TAKE_PROFIT_HIT,HIGH_RISK,0.16,1.5,0.24,0.55,0.85,0.67,0.78,0.55,0.0,0.0,0.0,0.0,0.0,130.21,0.0,
424,2026-08-06 14:45:00+00:00,BTCUSDT,LONG,EXECUTED,TIME_CLOSE_EXIT,LOW_RISK,0.65,3.8,2.44,0.42,0.8,0.32,0.47,1.0,0.02,0.0,0.0,0.0,0.02,130.23,0.0,
425,2026-08-06 15:00:00+00:00,XRPUSDT,LONG,EXECUTED,TIME_CLOSE_EXIT,MEDIUM_RISK,0.33,3.0,0.98,0.42,0.8,0.36,0.69,3.0,0.03,0.0,0.0,0.0,0.03,130.26,0.0,
426,2026-08-06 15:00:00+00:00,SOLUSDT,LONG,EXECUTED,TIME_CLOSE_EXIT,LOW_RISK,0.65,3.8,2.44,0.42,0.8,0.16,0.56,0.0,0.0,0.0,0.0,0.0,-0.0,130.26,0.0,
427,2026-08-06 15:30:00+00:00,DOGEUSDT,LONG,EXECUTED,TIME_CLOSE_EXIT,LOW_RISK,0.65,3.8,2.44,0.42,0.8,0.26,0.17,1.0,0.02,0.0,0.0,0.0,0.02,130.28,0.0,
428,2026-08-06 16:00:00+00:00,DOGEUSDT,SHORT,EXECUTED,TIME_CLOSE_EXIT,LOW_RISK,0.65,3.8,2.44,0.42,0.8,0.03,0.28,1.0,0.02,0.0,0.0,0.0,0.02,130.3,0.0,
429,2026-08-06 16:00:00+00:00,SOLUSDT,SHORT,EXECUTED,TIME_CLOSE_EXIT,LOW_RISK,0.65,3.8,2.44,0.42,0.8,0.05,0.48,0.0,0.0,0.0,0.0,0.0,-0.0,130.29,0.0,
430,2026-08-06 16:00:00+00:00,XRPUSDT,SHORT,EXECUTED,TAKE_PROFIT_HIT,MEDIUM_RISK,1.3,3.0,3.91,1.05,0.8,1.33,0.67,1.05,0.04,0.0,0.0,0.01,0.03,130.33,0.0,
431,2026-08-06 16:15:00+00:00,DOGEUSDT,LONG,EXECUTED,TIME_CLOSE_EXIT,LOW_RISK,0.65,3.8,2.44,0.42,0.8,0.38,0.51,3.0,0.07,0.0,0.0,0.0,0.07,130.4,0.0,
432,2026-08-06 16:45:00+00:00,SOLUSDT,LONG,EXECUTED,TIME_CLOSE_EXIT,LOW_RISK,0.65,3.8,2.44,0.42,0.8,0.14,0.52,1.0,0.02,0.0,0.0,0.0,0.02,130.42,0.0,
433,2026-08-06 17:30:00+00:00,SOLUSDT,SHORT,EXECUTED,TAKE_PROFIT_HIT,LOW_RISK,2.61,3.8,9.78,0.87,0.8,1.11,0.33,0.87,0.08,0.01,0.01,0.02,0.07,130.48,0.0,
434,2026-08-06 18:00:00+00:00,BTCUSDT,SHORT,EXECUTED,TAKE_PROFIT_HIT,LOW_RISK,2.33,3.8,8.72,0.42,0.8,0.53,0.13,0.43,0.04,0.01,0.01,0.02,0.02,130.51,0.0,
435,2026-08-06 18:30:00+00:00,ETHUSDT,SHORT,EXECUTED,TAKE_PROFIT_HIT,LOW_RISK,1.96,3.8,7.34,0.48,0.8,0.6,0.3,0.48,0.03,0.01,0.01,0.01,0.02,130.53,0.0,
436,2026-08-06 18:30:00+00:00,DOGEUSDT,SHORT,EXECUTED,TIME_CLOSE_EXIT,LOW_RISK,0.65,3.8,2.45,0.42,0.8,0.23,0.45,1.0,0.02,0.0,0.0,0.0,0.02,130.55,0.0,
437,2026-08-06 21:30:00+00:00,DOGEUSDT,LONG,EXECUTED,TIME_CLOSE_EXIT,LOW_RISK,0.65,3.8,2.45,0.42,0.8,0.14,0.23,1.0,0.02,0.0,0.0,0.0,0.02,130.57,0.0,
438,2026-08-06 23:30:00+00:00,DOGEUSDT,SHORT,EXECUTED,TIME_CLOSE_EXIT,LOW_RISK,0.65,3.8,2.45,0.42,0.8,0.06,0.26,0.0,0.0,0.0,0.0,0.0,-0.0,130.56,0.0,
439,2026-08-06 23:45:00+00:00,DOGEUSDT,LONG,EXECUTED,TAKE_PROFIT_HIT,LOW_RISK,2.34,3.8,8.77,0.46,0.8,0.58,0.28,0.46,0.04,0.01,0.01,0.02,0.02,130.59,0.0,
440,2026-08-07 01:15:00+00:00,XRPUSDT,LONG,EXECUTED,TIME_CLOSE_EXIT,MEDIUM_RISK,0.33,3.0,0.98,0.42,0.8,0.06,0.72,1.0,0.01,0.0,0.0,0.0,0.01,130.6,0.0,
441,2026-08-07 02:00:00+00:00,BTCUSDT,LONG,EXECUTED,TIME_CLOSE_EXIT,LOW_RISK,0.65,3.8,2.45,0.42,0.8,0.06,0.22,1.0,0.02,0.0,0.0,0.0,0.02,130.62,0.0,
442,2026-08-07 02:15:00+00:00,XRPUSDT,SHORT,EXECUTED,TAKE_PROFIT_HIT,LOW_RISK,2.61,3.8,9.8,1.3,0.8,1.62,0.62,1.3,0.13,0.01,0.01,0.02,0.11,130.72,0.0,
443,2026-08-07 02:15:00+00:00,BTCUSDT,SHORT,EXECUTED,TIME_CLOSE_EXIT,LOW_RISK,0.65,3.8,2.45,0.42,0.8,0.01,0.36,1.0,0.02,0.0,0.0,0.0,0.02,130.74,0.0,
444,2026-08-07 02:30:00+00:00,BTCUSDT,LONG,EXECUTED,TIME_CLOSE_EXIT,LOW_RISK,0.65,3.8,2.45,0.42,0.8,0.09,0.24,1.0,0.02,0.0,0.0,0.0,0.02,130.77,0.0,
445,2026-08-07 03:15:00+00:00,BTCUSDT,SHORT,EXECUTED,TIME_CLOSE_EXIT,LOW_RISK,0.65,3.8,2.45,0.42,0.8,0.24,0.22,6.0,0.15,0.0,0.0,0.0,0.14,130.91,0.0,
446,2026-08-07 04:00:00+00:00,DOGEUSDT,SHORT,EXECUTED,TIME_CLOSE_EXIT,LOW_RISK,0.65,3.8,2.45,0.42,0.8,0.3,0.42,6.0,0.15,0.0,0.0,0.0,0.14,131.05,0.0,
447,2026-08-07 05:00:00+00:00,SOLUSDT,LONG,EXECUTED,TIME_CLOSE_EXIT,LOW_RISK,0.66,3.8,2.46,0.42,0.8,0.06,0.25,0.0,0.0,0.0,0.0,0.0,-0.0,131.05,0.0,
448,2026-08-07 05:15:00+00:00,SOLUSDT,SHORT,EXECUTED,TIME_CLOSE_EXIT,LOW_RISK,0.66,3.8,2.46,0.42,0.8,0.18,0.54,1.0,0.02,0.0,0.0,0.0,0.02,131.07,0.0,
449,2026-08-07 05:45:00+00:00,SOLUSDT,LONG,EXECUTED,TAKE_PROFIT_HIT,LOW_RISK,2.62,3.8,9.83,1.53,0.8,2.02,0.25,1.53,0.15,0.01,0.01,0.02,0.13,131.2,0.0,
450,2026-08-07 06:00:00+00:00,DOGEUSDT,LONG,EXECUTED,TAKE_PROFIT_HIT,HIGH_RISK,0.66,1.5,0.98,1.22,0.94,1.47,0.85,1.22,0.01,0.0,0.0,0.0,0.01,131.21,0.0,
451,2026-08-07 06:15:00+00:00,ETHUSDT,LONG,EXECUTED,TAKE_PROFIT_HIT,LOW_RISK,2.62,3.8,9.84,1.53,0.8,1.96,0.2,1.53,0.15,0.01,0.01,0.02,0.13,131.34,0.0,
452,2026-08-07 06:15:00+00:00,BTCUSDT,LONG,EXECUTED,TAKE_PROFIT_HIT,LOW_RISK,2.63,3.8,9.85,1.22,0.8,1.51,0.24,1.22,0.12,0.01,0.01,0.02,0.1,131.45,0.0,
453,2026-08-07 07:15:00+00:00,XRPUSDT,LONG,EXECUTED,TAKE_PROFIT_HIT,LOW_RISK,2.63,3.8,9.86,1.22,0.8,1.48,0.22,1.22,0.12,0.01,0.01,0.02,0.1,131.55,0.0,
454,2026-08-07 14:15:00+00:00,XRPUSDT,SHORT,EXECUTED,TAKE_PROFIT_HIT,LOW_RISK,2.63,3.8,9.87,1.3,0.8,1.88,0.19,1.3,0.13,0.01,0.01,0.02,0.11,131.66,0.0,
455,2026-08-07 14:45:00+00:00,ETHUSDT,SHORT,EXECUTED,TAKE_PROFIT_HIT,LOW_RISK,0.66,3.8,2.47,0.42,0.8,0.43,0.6,0.43,0.01,0.0,0.0,0.0,0.01,131.66,0.0,
456,2026-08-07 15:45:00+00:00,BTCUSDT,SHORT,EXECUTED,TAKE_PROFIT_HIT,LOW_RISK,2.35,3.8,8.8,0.48,0.8,0.6,0.25,0.48,0.04,0.01,0.01,0.02,0.03,131.69,0.0,
457,2026-08-07 16:45:00+00:00,SOLUSDT,SHORT,EXECUTED,TAKE_PROFIT_HIT,LOW_RISK,0.66,3.8,2.47,0.42,0.8,0.54,0.43,0.43,0.01,0.0,0.0,0.0,0.01,131.7,0.0,
458,2026-08-07 17:00:00+00:00,DOGEUSDT,SHORT,EXECUTED,TIME_CLOSE_EXIT,MEDIUM_RISK,0.33,3.0,0.99,0.42,0.8,0.13,0.68,1.0,0.01,0.0,0.0,0.0,0.01,131.7,0.0,
459,2026-08-07 19:30:00+00:00,SOLUSDT,LONG,EXECUTED,TIME_CLOSE_EXIT,LOW_RISK,2.36,3.8,8.85,0.42,0.8,0.37,0.31,2.0,0.18,0.01,0.01,0.02,0.16,131.87,0.0,
460,2026-08-07 19:30:00+00:00,DOGEUSDT,LONG,EXECUTED,TIME_CLOSE_EXIT,LOW_RISK,0.66,3.8,2.47,0.42,0.8,0.09,0.37,8.0,0.2,0.0,0.0,0.0,0.19,132.06,0.0,
461,2026-08-07 19:45:00+00:00,BTCUSDT,LONG,EXECUTED,TIME_CLOSE_EXIT,LOW_RISK,1.98,3.8,7.43,0.42,0.8,0.22,0.18,7.0,0.52,0.01,0.01,0.01,0.51,132.57,0.0,
462,2026-08-07 19:45:00+00:00,ETHUSDT,LONG,EXECUTED,TIME_CLOSE_EXIT,LOW_RISK,0.66,3.8,2.49,0.42,0.8,0.21,0.32,7.0,0.17,0.0,0.0,0.0,0.17,132.74,0.0,
463,2026-08-07 20:15:00+00:00,XRPUSDT,LONG,EXECUTED,TIME_CLOSE_EXIT,LOW_RISK,0.66,3.8,2.49,0.42,0.8,0.2,0.56,4.0,0.1,0.0,0.0,0.0,0.1,132.83,0.0,
464,2026-08-07 21:45:00+00:00,DOGEUSDT,SHORT,EXECUTED,TIME_CLOSE_EXIT,LOW_RISK,0.66,3.8,2.49,0.42,0.8,0.2,0.33,9.0,0.22,0.0,0.0,0.0,0.22,133.05,0.0,
465,2026-08-07 22:15:00+00:00,XRPUSDT,SHORT,EXECUTED,TIME_CLOSE_EXIT,LOW_RISK,0.67,3.8,2.49,0.42,0.8,0.2,0.42,1.0,0.02,0.0,0.0,0.0,0.02,133.07,0.0,
466,2026-08-07 22:15:00+00:00,SOLUSDT,SHORT,EXECUTED,TIME_CLOSE_EXIT,LOW_RISK,0.67,3.8,2.5,0.42,0.8,0.16,0.18,8.0,0.2,0.0,0.0,0.0,0.2,133.27,0.0,
467,2026-08-07 22:45:00+00:00,BTCUSDT,SHORT,EXECUTED,TIME_CLOSE_EXIT,LOW_RISK,0.67,3.8,2.5,0.42,0.8,0.16,0.12,6.0,0.15,0.0,0.0,0.0,0.15,133.41,0.0,
468,2026-08-07 22:45:00+00:00,ETHUSDT,SHORT,EXECUTED,TIME_CLOSE_EXIT,LOW_RISK,0.67,3.8,2.5,0.42,0.8,0.03,0.06,0.0,0.0,0.0,0.0,0.0,-0.0,133.41,0.0,
469,2026-08-07 23:00:00+00:00,ETHUSDT,LONG,EXECUTED,TIME_CLOSE_EXIT,LOW_RISK,0.67,3.8,2.5,0.42,0.8,0.0,0.06,0.0,0.0,0.0,0.0,0.0,-0.0,133.4,0.01,
470,2026-08-07 23:15:00+00:00,ETHUSDT,SHORT,EXECUTED,TIME_CLOSE_EXIT,LOW_RISK,0.67,3.8,2.5,0.42,0.8,0.01,0.05,0.0,0.0,0.0,0.0,0.0,-0.0,133.4,0.01,
471,2026-08-07 23:30:00+00:00,ETHUSDT,LONG,EXECUTED,TIME_CLOSE_EXIT,LOW_RISK,0.67,3.8,2.5,0.42,0.8,0.0,0.1,1.0,0.03,0.0,0.0,0.0,0.02,133.42,0.0,
472,2026-08-07 23:45:00+00:00,ETHUSDT,SHORT,EXECUTED,TIME_CLOSE_EXIT,LOW_RISK,0.67,3.8,2.5,0.42,0.8,0.1,0.25,10.0,0.25,0.0,0.0,0.0,0.25,133.66,0.0,
473,2026-08-08 00:30:00+00:00,XRPUSDT,LONG,EXECUTED,TAKE_PROFIT_HIT,LOW_RISK,2.67,3.8,10.02,1.94,0.8,2.32,0.15,1.94,0.19,0.01,0.01,0.02,0.18,133.84,0.0,
474,2026-08-08 01:00:00+00:00,BTCUSDT,LONG,EXECUTED,TIME_CLOSE_EXIT,LOW_RISK,0.67,3.8,2.51,0.42,0.8,0.01,0.1,0.0,0.0,0.0,0.0,0.0,-0.0,133.84,0.0,
475,2026-08-08 01:00:00+00:00,DOGEUSDT,LONG,EXECUTED,TAKE_PROFIT_HIT,LOW_RISK,2.68,3.8,10.04,1.94,0.8,2.43,0.21,1.94,0.2,0.01,0.01,0.02,0.18,134.01,0.0,
476,2026-08-08 01:15:00+00:00,SOLUSDT,LONG,EXECUTED,TAKE_PROFIT_HIT,LOW_RISK,2.68,2.9,7.81,3.43,1.03,4.05,0.14,3.43,0.27,0.01,0.01,0.01,0.25,134.27,0.0,
477,2026-08-08 02:00:00+00:00,BTCUSDT,SHORT,EXECUTED,TIME_CLOSE_EXIT,LOW_RISK,0.67,3.8,2.52,0.42,0.8,0.02,0.04,0.0,0.0,0.0,0.0,0.0,-0.0,134.26,0.0,
478,2026-08-08 02:15:00+00:00,BTCUSDT,LONG,EXECUTED,TIME_CLOSE_EXIT,LOW_RISK,2.01,3.8,7.55,0.42,0.8,0.22,0.04,5.0,0.38,0.01,0.01,0.01,0.36,134.63,0.0,
479,2026-08-08 03:30:00+00:00,ETHUSDT,LONG,EXECUTED,TIME_CLOSE_EXIT,LOW_RISK,0.67,3.8,2.52,0.42,0.8,0.12,0.18,2.0,0.05,0.0,0.0,0.0,0.05,134.67,0.0,
480,2026-08-08 07:30:00+00:00,ETHUSDT,SHORT,EXECUTED,TIME_CLOSE_EXIT,LOW_RISK,0.67,3.8,2.53,0.42,0.8,0.03,0.17,0.0,0.0,0.0,0.0,0.0,-0.0,134.67,0.0,
481,2026-08-08 07:45:00+00:00,BTCUSDT,SHORT,EXECUTED,TIME_CLOSE_EXIT,LOW_RISK,0.67,3.8,2.53,0.42,0.8,0.02,0.09,1.0,0.03,0.0,0.0,0.0,0.02,134.69,0.0,
482,2026-08-08 08:30:00+00:00,BTCUSDT,LONG,EXECUTED,TIME_CLOSE_EXIT,LOW_RISK,0.67,3.8,2.53,0.42,0.8,0.05,0.07,4.0,0.1,0.0,0.0,0.0,0.1,134.78,0.0,
483,2026-08-08 08:45:00+00:00,ETHUSDT,LONG,EXECUTED,TAKE_PROFIT_HIT,LOW_RISK,2.7,3.8,10.11,0.42,0.8,0.51,0.03,0.43,0.04,0.01,0.01,0.02,0.02,134.81,0.0,
484,2026-08-08 11:30:00+00:00,BTCUSDT,SHORT,EXECUTED,TIME_CLOSE_EXIT,LOW_RISK,0.67,3.8,2.53,0.42,0.8,0.07,0.12,2.0,0.05,0.0,0.0,0.0,0.05,134.86,0.0,
485,2026-08-08 12:45:00+00:00,BTCUSDT,LONG,EXECUTED,TIME_CLOSE_EXIT,LOW_RISK,2.42,3.8,9.06,0.42,0.8,0.28,0.01,7.0,0.63,0.01,0.01,0.02,0.62,135.47,0.0,
486,2026-08-08 18:45:00+00:00,XRPUSDT,SHORT,EXECUTED,TAKE_PROFIT_HIT,LOW_RISK,2.71,3.8,10.16,0.58,0.8,0.77,0.16,0.58,0.06,0.01,0.01,0.02,0.04,135.51,0.0,
487,2026-08-08 18:45:00+00:00,ETHUSDT,SHORT,EXECUTED,TAKE_PROFIT_HIT,LOW_RISK,2.42,3.8,9.06,0.42,0.8,0.45,0.08,0.43,0.04,0.01,0.01,0.02,0.02,135.54,0.0,
488,2026-08-08 18:45:00+00:00,BTCUSDT,SHORT,EXECUTED,TIME_CLOSE_EXIT,LOW_RISK,0.68,3.8,2.54,0.42,0.8,0.04,0.09,3.0,0.08,0.0,0.0,0.0,0.07,135.61,0.0,
489,2026-08-08 19:15:00+00:00,DOGEUSDT,SHORT,EXECUTED,TAKE_PROFIT_HIT,LOW_RISK,2.71,3.8,10.17,1.05,0.8,1.48,0.3,1.05,0.11,0.01,0.01,0.02,0.09,135.7,0.0,
490,2026-08-08 19:15:00+00:00,SOLUSDT,SHORT,EXECUTED,TIME_CLOSE_EXIT,LOW_RISK,0.68,3.8,2.54,0.42,0.8,0.03,0.37,1.0,0.03,0.0,0.0,0.0,0.02,135.72,0.0,
491,2026-08-08 20:00:00+00:00,SOLUSDT,LONG,EXECUTED,TIME_CLOSE_EXIT,LOW_RISK,0.68,3.8,2.54,0.42,0.8,0.16,0.5,5.0,0.13,0.0,0.0,0.0,0.12,135.84,0.0,
492,2026-08-08 20:45:00+00:00,BTCUSDT,LONG,EXECUTED,TIME_CLOSE_EXIT,LOW_RISK,0.68,3.8,2.55,0.42,0.8,0.03,0.06,0.0,0.0,0.0,0.0,0.0,-0.0,135.83,0.0,
493,2026-08-08 21:00:00+00:00,BTCUSDT,SHORT,EXECUTED,TAKE_PROFIT_HIT,LOW_RISK,2.72,3.8,10.19,0.42,0.8,0.49,0.06,0.43,0.04,0.01,0.01,0.02,0.02,135.86,0.0,
494,2026-08-08 22:45:00+00:00,SOLUSDT,SHORT,EXECUTED,TIME_CLOSE_EXIT,LOW_RISK,0.68,3.8,2.55,0.42,0.8,0.24,0.29,11.0,0.28,0.0,0.0,0.0,0.28,136.14,0.0,
495,2026-08-09 04:00:00+00:00,SOLUSDT,LONG,EXECUTED,TAKE_PROFIT_HIT,LOW_RISK,2.72,3.8,10.21,1.94,0.8,2.29,0.29,1.94,0.2,0.01,0.01,0.02,0.18,136.32,0.0,
496,2026-08-09 06:15:00+00:00,XRPUSDT,LONG,EXECUTED,TIME_CLOSE_EXIT,LOW_RISK,0.68,3.8,2.56,0.42,0.8,0.22,0.29,3.0,0.08,0.0,0.0,0.0,0.07,136.39,0.0,
497,2026-08-09 06:30:00+00:00,ETHUSDT,LONG,EXECUTED,TIME_CLOSE_EXIT,LOW_RISK,2.44,3.8,9.17,0.42,0.8,0.37,0.24,6.0,0.55,0.01,0.01,0.02,0.53,136.92,0.0,
498,2026-08-09 06:45:00+00:00,DOGEUSDT,LONG,EXECUTED,TIME_CLOSE_EXIT,LOW_RISK,0.68,3.8,2.57,0.42,0.8,0.14,0.38,5.0,0.13,0.0,0.0,0.0,0.12,137.04,0.0,
499,2026-08-09 07:00:00+00:00,BTCUSDT,LONG,EXECUTED,TIME_CLOSE_EXIT,LOW_RISK,0.69,3.8,2.57,0.42,0.8,0.16,0.09,4.0,0.1,0.0,0.0,0.0,0.1,137.14,0.0,
500,2026-08-09 08:00:00+00:00,XRPUSDT,SHORT,EXECUTED,TAKE_PROFIT_HIT,LOW_RISK,2.74,3.8,10.29,0.48,0.8,0.6,0.18,0.48,0.05,0.01,0.01,0.02,0.03,137.17,0.0,
501,2026-08-09 09:00:00+00:00,BTCUSDT,SHORT,EXECUTED,TIME_CLOSE_EXIT,LOW_RISK,0.69,3.8,2.57,0.42,0.8,0.02,0.08,1.0,0.03,0.0,0.0,0.0,0.02,137.19,0.0,
502,2026-08-09 09:15:00+00:00,DOGEUSDT,SHORT,EXECUTED,TIME_CLOSE_EXIT,LOW_RISK,0.69,3.8,2.57,0.42,0.8,0.03,0.24,0.0,0.0,0.0,0.0,0.0,-0.0,137.19,0.0,
503,2026-08-09 09:15:00+00:00,ETHUSDT,SHORT,EXECUTED,TIME_CLOSE_EXIT,LOW_RISK,0.69,3.8,2.57,0.42,0.8,0.04,0.38,0.0,0.0,0.0,0.0,0.0,-0.0,137.19,0.01,
504,2026-08-09 09:45:00+00:00,ETHUSDT,LONG,EXECUTED,TIME_CLOSE_EXIT,LOW_RISK,0.69,3.8,2.57,0.42,0.8,0.08,0.26,1.0,0.03,0.0,0.0,0.0,0.02,137.21,0.0,
505,2026-08-09 09:45:00+00:00,BTCUSDT,LONG,EXECUTED,TAKE_PROFIT_HIT,LOW_RISK,2.74,3.8,10.29,0.55,0.8,0.65,0.1,0.55,0.06,0.01,0.01,0.02,0.04,137.24,0.0,
506,2026-08-09 10:00:00+00:00,DOGEUSDT,LONG,EXECUTED,TAKE_PROFIT_HIT,LOW_RISK,2.74,3.8,10.29,0.67,0.8,0.87,0.16,0.67,0.07,0.01,0.01,0.02,0.05,137.3,0.0,
507,2026-08-09 11:45:00+00:00,XRPUSDT,LONG,EXECUTED,TAKE_PROFIT_HIT,LOW_RISK,2.75,3.8,10.3,0.67,0.8,0.86,0.16,0.67,0.07,0.01,0.01,0.02,0.05,137.35,0.0,
508,2026-08-09 12:45:00+00:00,ETHUSDT,SHORT,EXECUTED,TIME_CLOSE_EXIT,LOW_RISK,0.69,3.8,2.58,0.42,0.8,0.01,0.13,0.0,0.0,0.0,0.0,0.0,-0.0,137.34,0.0,
509,2026-08-09 13:00:00+00:00,ETHUSDT,LONG,EXECUTED,TIME_CLOSE_EXIT,LOW_RISK,2.06,3.8,7.73,0.42,0.8,0.38,0.13,11.0,0.85,0.01,0.01,0.01,0.84,138.18,0.0,
510,2026-08-09 18:15:00+00:00,ETHUSDT,SHORT,EXECUTED,TIME_CLOSE_EXIT,LOW_RISK,2.07,3.8,7.77,0.42,0.8,0.22,0.24,8.0,0.62,0.01,0.01,0.01,0.61,138.78,0.0,
511,2026-08-09 18:45:00+00:00,XRPUSDT,SHORT,EXECUTED,TIME_CLOSE_EXIT,LOW_RISK,0.69,3.8,2.6,0.42,0.8,0.08,0.42,0.0,0.0,0.0,0.0,0.0,-0.0,138.78,0.0,
512,2026-08-09 19:00:00+00:00,DOGEUSDT,SHORT,EXECUTED,TIME_CLOSE_EXIT,LOW_RISK,0.69,3.8,2.6,0.42,0.8,0.09,0.36,5.0,0.13,0.0,0.0,0.0,0.13,138.91,0.0,
513,2026-08-09 20:00:00+00:00,BTCUSDT,SHORT,EXECUTED,TIME_CLOSE_EXIT,LOW_RISK,0.69,3.8,2.6,0.42,0.8,0.04,0.62,0.0,0.0,0.0,0.0,0.0,-0.0,138.9,0.0,
514,2026-08-09 21:15:00+00:00,XRPUSDT,LONG,REJECTED,,,,,,,,,,,,,,,0.0,138.90099097634405,,High Risk + Low Quality + Low Profit
515,2026-08-09 21:15:00+00:00,DOGEUSDT,LONG,EXECUTED,TAKE_PROFIT_HIT,HIGH_RISK,0.52,1.5,0.78,0.42,0.94,0.47,0.89,0.43,0.0,0.0,0.0,0.0,0.0,138.9,0.0,
516,2026-08-09 21:30:00+00:00,ETHUSDT,LONG,EXECUTED,TAKE_PROFIT_HIT,LOW_RISK,2.78,3.8,10.42,0.55,0.8,0.66,0.55,0.55,0.06,0.01,0.01,0.02,0.04,138.94,0.0,
517,2026-08-09 22:00:00+00:00,BTCUSDT,LONG,EXECUTED,TIME_CLOSE_EXIT,MEDIUM_RISK,0.35,3.0,1.04,0.42,0.8,0.1,0.67,0.0,0.0,0.0,0.0,0.0,-0.0,138.94,0.0,
518,2026-08-09 22:30:00+00:00,BTCUSDT,SHORT,EXECUTED,TIME_CLOSE_EXIT,LOW_RISK,0.69,3.8,2.61,0.42,0.8,0.31,0.56,8.0,0.21,0.0,0.0,0.0,0.2,139.14,0.0,
519,2026-08-09 22:30:00+00:00,DOGEUSDT,SHORT,EXECUTED,TAKE_PROFIT_HIT,HIGH_RISK,0.7,1.5,1.04,1.3,0.84,1.53,0.77,1.3,0.01,0.0,0.0,0.0,0.01,139.16,0.0,
520,2026-08-09 22:45:00+00:00,SOLUSDT,SHORT,EXECUTED,TAKE_PROFIT_HIT,LOW_RISK,2.78,3.8,10.44,0.58,0.8,0.79,0.46,0.58,0.06,0.01,0.01,0.02,0.04,139.2,0.0,
521,2026-08-09 22:45:00+00:00,XRPUSDT,SHORT,EXECUTED,TAKE_PROFIT_HIT,LOW_RISK,2.78,3.8,10.44,0.71,0.8,0.91,0.36,0.71,0.07,0.01,0.01,0.02,0.06,139.25,0.0,
522,2026-08-09 23:00:00+00:00,ETHUSDT,SHORT,EXECUTED,TAKE_PROFIT_HIT,MEDIUM_RISK,0.35,3.0,1.04,0.48,0.8,0.6,0.72,0.48,0.0,0.0,0.0,0.0,0.0,139.26,0.0,
523,2026-08-10 02:00:00+00:00,ETHUSDT,LONG,EXECUTED,TIME_CLOSE_EXIT,LOW_RISK,2.09,3.8,7.83,0.42,0.8,0.23,0.46,0.0,0.0,0.01,0.01,0.01,-0.01,139.24,0.01,
524,2026-08-10 02:15:00+00:00,ETHUSDT,SHORT,EXECUTED,TIME_CLOSE_EXIT,LOW_RISK,0.7,3.8,2.61,0.42,0.8,0.14,0.59,0.0,0.0,0.0,0.0,0.0,-0.0,139.24,0.01,
525,2026-08-10 02:30:00+00:00,BTCUSDT,LONG,EXECUTED,TIME_CLOSE_EXIT,LOW_RISK,0.7,3.8,2.61,0.42,0.8,0.03,0.38,0.0,0.0,0.0,0.0,0.0,-0.0,139.23,0.02,
526,2026-08-10 02:30:00+00:00,ETHUSDT,LONG,EXECUTED,TIME_CLOSE_EXIT,MEDIUM_RISK,0.35,3.0,1.04,0.42,0.8,0.04,0.69,0.0,0.0,0.0,0.0,0.0,-0.0,139.23,0.02,
527,2026-08-10 03:00:00+00:00,BTCUSDT,SHORT,EXECUTED,TIME_CLOSE_EXIT,LOW_RISK,0.7,3.8,2.61,0.42,0.8,0.09,0.32,1.0,0.03,0.0,0.0,0.0,0.02,139.25,0.0,
528,2026-08-10 04:45:00+00:00,ETHUSDT,SHORT,EXECUTED,TIME_CLOSE_EXIT,LOW_RISK,0.7,3.8,2.61,0.42,0.8,0.07,0.34,0.0,0.0,0.0,0.0,0.0,-0.0,139.25,0.01,
529,2026-08-10 05:30:00+00:00,ETHUSDT,LONG,EXECUTED,TAKE_PROFIT_HIT,LOW_RISK,2.78,3.8,10.44,0.42,0.8,0.49,0.18,0.43,0.04,0.01,0.01,0.02,0.03,139.27,0.0,
530,2026-08-10 05:30:00+00:00,SOLUSDT,LONG,EXECUTED,TAKE_PROFIT_HIT,LOW_RISK,2.5,3.8,9.36,0.42,0.8,0.44,0.34,0.43,0.04,0.01,0.01,0.02,0.02,139.3,0.0,
531,2026-08-10 05:30:00+00:00,DOGEUSDT,LONG,EXECUTED,TIME_CLOSE_EXIT,LOW_RISK,0.7,3.8,2.61,0.42,0.8,0.33,0.27,15.0,0.39,0.0,0.0,0.0,0.39,139.68,0.0,
532,2026-08-10 05:45:00+00:00,XRPUSDT,LONG,EXECUTED,TAKE_PROFIT_HIT,LOW_RISK,2.5,3.8,9.39,0.42,0.8,0.48,0.37,0.43,0.04,0.01,0.01,0.02,0.02,139.71,0.0,
533,2026-08-10 05:45:00+00:00,BTCUSDT,LONG,EXECUTED,TIME_CLOSE_EXIT,LOW_RISK,2.5,3.8,9.39,0.42,0.8,0.38,0.14,7.0,0.66,0.01,0.01,0.02,0.64,140.35,0.0,
534,2026-08-10 09:00:00+00:00,XRPUSDT,SHORT,EXECUTED,TAKE_PROFIT_HIT,LOW_RISK,2.81,3.8,10.53,2.03,0.8,2.81,0.14,2.03,0.21,0.01,0.01,0.02,0.19,140.54,0.0,
535,2026-08-10 09:30:00+00:00,ETHUSDT,SHORT,EXECUTED,TAKE_PROFIT_HIT,LOW_RISK,2.81,3.8,10.54,2.03,0.8,2.62,0.26,2.03,0.21,0.01,0.01,0.02,0.2,140.74,0.0,
536,2026-08-10 09:30:00+00:00,BTCUSDT,SHORT,EXECUTED,TAKE_PROFIT_HIT,LOW_RISK,2.81,3.8,10.56,1.61,0.8,1.92,0.28,1.61,0.17,0.01,0.01,0.02,0.15,140.89,0.0,
537,2026-08-10 09:45:00+00:00,SOLUSDT,SHORT,EXECUTED,TIME_CLOSE_EXIT,LOW_RISK,0.7,3.8,2.64,0.42,0.8,0.05,0.63,1.0,0.03,0.0,0.0,0.0,0.02,140.91,0.0,
538,2026-08-10 11:00:00+00:00,DOGEUSDT,SHORT,EXECUTED,TIME_CLOSE_EXIT,LOW_RISK,0.7,3.8,2.64,0.42,0.8,0.04,0.2,0.0,0.0,0.0,0.0,0.0,-0.0,140.9,0.0,
539,2026-08-10 11:15:00+00:00,DOGEUSDT,LONG,EXECUTED,TIME_CLOSE_EXIT,LOW_RISK,0.7,3.8,2.64,0.42,0.8,0.13,0.37,3.0,0.08,0.0,0.0,0.0,0.07,140.98,0.0,
540,2026-08-10 11:45:00+00:00,SOLUSDT,LONG,EXECUTED,TIME_CLOSE_EXIT,LOW_RISK,0.7,3.8,2.64,0.42,0.8,0.1,0.58,1.0,0.03,0.0,0.0,0.0,0.02,141.0,0.0,
541,2026-08-10 12:45:00+00:00,DOGEUSDT,SHORT,EXECUTED,TAKE_PROFIT_HIT,LOW_RISK,2.51,3.8,9.42,0.48,0.8,0.64,0.3,0.48,0.04,0.01,0.01,0.02,0.03,141.03,0.0,
542,2026-08-10 12:45:00+00:00,SOLUSDT,SHORT,EXECUTED,TAKE_PROFIT_HIT,LOW_RISK,2.82,3.8,10.58,1.05,0.8,1.38,0.3,1.05,0.11,0.01,0.01,0.02,0.09,141.12,0.0,
543,2026-08-10 19:15:00+00:00,DOGEUSDT,LONG,EXECUTED,TIME_CLOSE_EXIT,LOW_RISK,0.71,3.8,2.65,0.42,0.8,0.16,0.52,4.0,0.11,0.0,0.0,0.0,0.1,141.22,0.0,
544,2026-08-10 20:00:00+00:00,SOLUSDT,LONG,EXECUTED,TIME_CLOSE_EXIT,LOW_RISK,0.71,3.8,2.65,0.42,0.8,0.29,0.31,2.0,0.05,0.0,0.0,0.0,0.05,141.27,0.0,
545,2026-08-10 22:00:00+00:00,DOGEUSDT,SHORT,EXECUTED,TIME_CLOSE_EXIT,LOW_RISK,2.52,3.8,9.44,0.42,0.8,0.34,0.21,0.0,0.0,0.01,0.01,0.02,-0.02,141.25,0.01,
546,2026-08-10 23:00:00+00:00,DOGEUSDT,LONG,EXECUTED,TIME_CLOSE_EXIT,LOW_RISK,0.71,3.8,2.65,0.42,0.8,0.07,0.27,1.0,0.03,0.0,0.0,0.0,0.02,141.27,0.0,
547,2026-08-10 23:15:00+00:00,SOLUSDT,SHORT,EXECUTED,TAKE_PROFIT_HIT,LOW_RISK,2.83,3.8,10.6,0.42,0.8,0.55,0.16,0.43,0.05,0.01,0.01,0.02,0.03,141.3,0.0,
548,2026-08-10 23:45:00+00:00,DOGEUSDT,SHORT,EXECUTED,TIME_CLOSE_EXIT,LOW_RISK,0.71,3.8,2.65,0.42,0.8,0.13,0.29,1.0,0.03,0.0,0.0,0.0,0.02,141.32,0.0,
549,2026-08-11 00:45:00+00:00,DOGEUSDT,LONG,EXECUTED,TAKE_PROFIT_HIT,LOW_RISK,2.83,3.8,10.6,0.55,0.8,0.7,0.14,0.55,0.06,0.01,0.01,0.02,0.04,141.36,0.0,
550,2026-08-11 01:15:00+00:00,ETHUSDT,LONG,EXECUTED,TIME_CLOSE_EXIT,LOW_RISK,0.71,3.8,2.65,0.42,0.8,0.22,0.31,11.0,0.29,0.0,0.0,0.0,0.29,141.65,0.0,
551,2026-08-11 01:15:00+00:00,BTCUSDT,LONG,EXECUTED,TIME_CLOSE_EXIT,LOW_RISK,0.71,3.8,2.66,0.42,0.8,0.01,0.18,0.0,0.0,0.0,0.0,0.0,-0.0,141.64,0.0,
552,2026-08-11 01:30:00+00:00,BTCUSDT,SHORT,EXECUTED,TIME_CLOSE_EXIT,LOW_RISK,0.71,3.8,2.66,0.42,0.8,0.05,0.13,0.0,0.0,0.0,0.0,0.0,-0.0,141.64,0.01,
553,2026-08-11 01:45:00+00:00,BTCUSDT,LONG,EXECUTED,TIME_CLOSE_EXIT,LOW_RISK,0.71,3.8,2.66,0.42,0.8,0.18,0.15,6.0,0.16,0.0,0.0,0.0,0.15,141.79,0.0,
554,2026-08-11 03:15:00+00:00,SOLUSDT,LONG,EXECUTED,TIME_CLOSE_EXIT,LOW_RISK,0.71,3.8,2.66,0.42,0.8,0.08,0.53,0.0,0.0,0.0,0.0,0.0,-0.0,141.79,0.0,
555,2026-08-11 04:00:00+00:00,XRPUSDT,LONG,EXECUTED,TIME_CLOSE_EXIT,LOW_RISK,0.71,3.8,2.66,0.42,0.8,0.08,0.12,0.0,0.0,0.0,0.0,0.0,-0.0,141.78,0.01,
556,2026-08-11 04:30:00+00:00,XRPUSDT,SHORT,EXECUTED,TAKE_PROFIT_HIT,LOW_RISK,2.84,3.8,10.63,0.87,0.8,1.18,0.06,0.87,0.09,0.01,0.01,0.02,0.07,141.86,0.0,
557,2026-08-11 05:15:00+00:00,SOLUSDT,SHORT,EXECUTED,TAKE_PROFIT_HIT,LOW_RISK,0.71,3.8,2.66,0.42,0.8,0.5,0.38,0.43,0.01,0.0,0.0,0.0,0.01,141.86,0.0,
558,2026-08-11 05:15:00+00:00,ETHUSDT,SHORT,EXECUTED,TIME_CLOSE_EXIT,LOW_RISK,0.71,3.8,2.66,0.42,0.8,0.19,0.3,8.0,0.21,0.0,0.0,0.0,0.21,142.07,0.0,
559,2026-08-11 05:15:00+00:00,DOGEUSDT,SHORT,EXECUTED,TIME_CLOSE_EXIT,LOW_RISK,0.71,3.8,2.66,0.42,0.8,0.04,0.31,0.0,0.0,0.0,0.0,0.0,-0.0,142.07,0.0,
560,2026-08-11 05:15:00+00:00,BTCUSDT,SHORT,EXECUTED,TIME_CLOSE_EXIT,LOW_RISK,0.71,3.8,2.66,0.42,0.8,0.19,0.22,6.0,0.16,0.0,0.0,0.0,0.16,142.22,0.0,
561,2026-08-11 05:30:00+00:00,DOGEUSDT,LONG,EXECUTED,TAKE_PROFIT_HIT,LOW_RISK,2.84,3.8,10.67,1.22,0.8,1.71,0.34,1.22,0.13,0.01,0.01,0.02,0.11,142.33,0.0,
562,2026-08-11 08:15:00+00:00,BTCUSDT,LONG,EXECUTED,TAKE_PROFIT_HIT,LOW_RISK,2.85,3.8,10.67,0.55,0.8,0.71,0.02,0.55,0.06,0.01,0.01,0.02,0.04,142.37,0.0,
563,2026-08-11 08:30:00+00:00,ETHUSDT,LONG,EXECUTED,TAKE_PROFIT_HIT,LOW_RISK,2.85,3.8,10.68,0.82,0.8,1.03,0.22,0.82,0.09,0.01,0.01,0.02,0.07,142.44,0.0,
564,2026-08-11 10:15:00+00:00,SOLUSDT,LONG,EXECUTED,TAKE_PROFIT_HIT,LOW_RISK,2.14,3.8,8.01,0.42,0.8,0.51,0.55,0.43,0.03,0.01,0.01,0.01,0.02,142.46,0.0,
565,2026-08-11 11:30:00+00:00,XRPUSDT,LONG,EXECUTED,TIME_CLOSE_EXIT,LOW_RISK,0.71,3.8,2.67,0.42,0.8,0.15,0.38,2.0,0.05,0.0,0.0,0.0,0.05,142.51,0.0,
566,2026-08-11 12:45:00+00:00,XRPUSDT,SHORT,EXECUTED,TIME_CLOSE_EXIT,LOW_RISK,0.71,3.8,2.67,0.42,0.8,0.12,0.57,3.0,0.08,0.0,0.0,0.0,0.08,142.58,0.0,
567,2026-08-11 13:45:00+00:00,XRPUSDT,LONG,EXECUTED,TIME_CLOSE_EXIT,LOW_RISK,0.71,3.8,2.67,0.42,0.8,0.24,0.6,1.0,0.03,0.0,0.0,0.0,0.02,142.6,0.0,
568,2026-08-11 13:45:00+00:00,BTCUSDT,SHORT,EXECUTED,TAKE_PROFIT_HIT,LOW_RISK,2.85,3.8,10.7,1.05,0.8,1.5,0.1,1.05,0.11,0.01,0.01,0.02,0.09,142.7,0.0,
569,2026-08-11 14:15:00+00:00,SOLUSDT,SHORT,EXECUTED,TAKE_PROFIT_HIT,MEDIUM_RISK,1.43,3.0,4.28,1.05,0.8,1.34,0.69,1.05,0.04,0.0,0.0,0.01,0.04,142.73,0.0,
570,2026-08-11 14:30:00+00:00,ETHUSDT,SHORT,EXECUTED,TAKE_PROFIT_HIT,LOW_RISK,2.85,3.8,10.71,1.05,0.8,1.26,0.4,1.05,0.11,0.01,0.01,0.02,0.09,142.83,0.0,
571,2026-08-11 14:30:00+00:00,XRPUSDT,SHORT,EXECUTED,TAKE_PROFIT_HIT,LOW_RISK,2.86,3.8,10.71,1.05,0.8,1.32,0.42,1.05,0.11,0.01,0.01,0.02,0.09,142.92,0.0,
572,2026-08-11 15:00:00+00:00,DOGEUSDT,SHORT,REJECTED,,,,,,,,,,,,,,,0.0,142.91965215387998,,High Risk + Low Quality + Low Profit
573,2026-08-11 16:15:00+00:00,DOGEUSDT,LONG,EXECUTED,TIME_CLOSE_EXIT,LOW_RISK,2.56,3.8,9.6,0.42,0.8,0.34,0.4,0.0,0.0,0.01,0.01,0.02,-0.02,142.9,0.01,
574,2026-08-11 16:30:00+00:00,DOGEUSDT,SHORT,EXECUTED,TIME_CLOSE_EXIT,LOW_RISK,0.71,3.8,2.68,0.42,0.8,0.09,0.58,1.0,0.03,0.0,0.0,0.0,0.02,142.92,0.0,
575,2026-08-11 16:30:00+00:00,XRPUSDT,LONG,EXECUTED,TAKE_PROFIT_HIT,LOW_RISK,2.86,3.8,10.72,1.53,0.8,1.87,0.12,1.53,0.16,0.01,0.01,0.02,0.14,143.07,0.0,
576,2026-08-11 17:15:00+00:00,DOGEUSDT,LONG,EXECUTED,TAKE_PROFIT_HIT,LOW_RISK,2.86,3.8,10.73,2.53,0.8,3.2,0.58,2.53,0.27,0.01,0.01,0.02,0.25,143.32,0.0,
577,2026-08-11 19:30:00+00:00,SOLUSDT,LONG,EXECUTED,TAKE_PROFIT_HIT,LOW_RISK,2.87,3.8,10.75,1.22,0.8,1.52,0.3,1.22,0.13,0.01,0.01,0.02,0.11,143.43,0.0,
578,2026-08-11 19:45:00+00:00,ETHUSDT,LONG,EXECUTED,TAKE_PROFIT_HIT,LOW_RISK,2.87,3.8,10.76,1.94,0.8,2.29,0.58,1.94,0.21,0.01,0.01,0.02,0.19,143.62,0.0,
579,2026-08-11 20:45:00+00:00,BTCUSDT,LONG,EXECUTED,TIME_CLOSE_EXIT,LOW_RISK,0.72,3.8,2.69,0.42,0.8,0.04,0.31,2.0,0.05,0.0,0.0,0.0,0.05,143.67,0.0,
580,2026-08-11 23:45:00+00:00,BTCUSDT,SHORT,EXECUTED,TIME_CLOSE_EXIT,LOW_RISK,0.72,3.8,2.69,0.42,0.8,0.1,0.15,1.0,0.03,0.0,0.0,0.0,0.02,143.69,0.0,
581,2026-08-12 00:15:00+00:00,BTCUSDT,LONG,EXECUTED,TIME_CLOSE_EXIT,LOW_RISK,2.16,3.8,8.08,0.42,0.8,0.38,0.14,9.0,0.73,0.01,0.01,0.01,0.71,144.41,0.0,
582,2026-08-12 03:15:00+00:00,XRPUSDT,SHORT,EXECUTED,TIME_CLOSE_EXIT,LOW_RISK,0.72,3.8,2.71,0.42,0.8,0.11,0.28,7.0,0.19,0.0,0.0,0.0,0.18,144.59,0.0,
583,2026-08-12 04:30:00+00:00,DOGEUSDT,SHORT,EXECUTED,TAKE_PROFIT_HIT,LOW_RISK,2.89,3.8,10.84,0.71,0.8,0.93,0.25,0.71,0.08,0.01,0.01,0.02,0.06,144.65,0.0,
584,2026-08-12 04:45:00+00:00,SOLUSDT,SHORT,EXECUTED,TAKE_PROFIT_HIT,LOW_RISK,2.58,3.8,9.67,0.42,0.8,0.47,0.21,0.43,0.04,0.01,0.01,0.02,0.02,144.67,0.0,
585,2026-08-12 05:30:00+00:00,XRPUSDT,LONG,EXECUTED,TIME_CLOSE_EXIT,LOW_RISK,0.72,3.8,2.71,0.42,0.8,0.03,0.3,0.0,0.0,0.0,0.0,0.0,-0.0,144.67,0.0,
586,2026-08-12 06:00:00+00:00,XRPUSDT,SHORT,EXECUTED,TIME_CLOSE_EXIT,LOW_RISK,0.72,3.8,2.71,0.42,0.8,0.25,0.61,12.0,0.33,0.0,0.0,0.0,0.32,144.99,0.0,
587,2026-08-12 06:15:00+00:00,BTCUSDT,SHORT,EXECUTED,TIME_CLOSE_EXIT,LOW_RISK,0.72,3.8,2.72,0.42,0.8,0.05,0.36,1.0,0.03,0.0,0.0,0.0,0.02,145.01,0.0,
588,2026-08-12 08:00:00+00:00,BTCUSDT,LONG,EXECUTED,TAKE_PROFIT_HIT,LOW_RISK,2.9,3.8,10.88,0.82,0.8,1.11,0.04,0.82,0.09,0.01,0.01,0.02,0.07,145.08,0.0,
589,2026-08-12 09:00:00+00:00,SOLUSDT,LONG,EXECUTED,TAKE_PROFIT_HIT,LOW_RISK,2.9,3.8,10.88,0.99,0.8,1.31,0.25,0.99,0.11,0.01,0.01,0.02,0.09,145.17,0.0,
590,2026-08-12 09:15:00+00:00,XRPUSDT,LONG,REJECTED,,,,,,,,,,,,,,,0.0,145.16853339040725,,High Risk + Low Quality + Low Profit
591,2026-08-12 09:45:00+00:00,DOGEUSDT,LONG,REJECTED,,,,,,,,,,,,,,,0.0,145.16853339040725,,High Risk + Low Quality + Low Profit
592,2026-08-12 12:45:00+00:00,XRPUSDT,SHORT,EXECUTED,TAKE_PROFIT_HIT,LOW_RISK,2.9,3.8,10.89,1.3,0.8,1.62,0.19,1.3,0.14,0.01,0.01,0.02,0.12,145.29,0.0,
593,2026-08-12 12:45:00+00:00,DOGEUSDT,SHORT,EXECUTED,TAKE_PROFIT_HIT,LOW_RISK,2.91,3.8,10.9,2.58,0.8,3.88,0.06,2.58,0.28,0.01,0.01,0.02,0.26,145.55,0.0,
594,2026-08-12 13:15:00+00:00,SOLUSDT,SHORT,EXECUTED,TAKE_PROFIT_HIT,LOW_RISK,2.91,3.8,10.92,1.05,0.8,1.45,0.13,1.05,0.11,0.01,0.01,0.02,0.09,145.65,0.0,
595,2026-08-12 13:45:00+00:00,BTCUSDT,SHORT,EXECUTED,TAKE_PROFIT_HIT,LOW_RISK,2.91,3.8,10.92,0.58,0.8,0.83,0.36,0.58,0.06,0.01,0.01,0.02,0.04,145.69,0.0,
596,2026-08-12 14:00:00+00:00,ETHUSDT,SHORT,EXECUTED,TAKE_PROFIT_HIT,LOW_RISK,2.91,3.8,10.93,1.05,0.8,1.4,0.2,1.05,0.11,0.01,0.01,0.02,0.09,145.78,0.0,
597,2026-08-12 21:00:00+00:00,BTCUSDT,LONG,EXECUTED,TIME_CLOSE_EXIT,LOW_RISK,0.73,3.8,2.73,0.42,0.8,0.12,0.34,0.0,0.0,0.0,0.0,0.0,-0.0,145.78,0.0,
598,2026-08-12 22:30:00+00:00,BTCUSDT,SHORT,EXECUTED,TIME_CLOSE_EXIT,LOW_RISK,0.73,3.8,2.73,0.42,0.8,0.06,0.31,0.0,0.0,0.0,0.0,0.0,-0.0,145.77,0.01,
599,2026-08-13 00:00:00+00:00,BTCUSDT,LONG,EXECUTED,TIME_CLOSE_EXIT,LOW_RISK,0.73,3.8,2.73,0.42,0.8,0.18,0.32,1.0,0.03,0.0,0.0,0.0,0.02,145.8,0.0,
600,2026-08-13 01:30:00+00:00,BTCUSDT,SHORT,EXECUTED,TIME_CLOSE_EXIT,LOW_RISK,0.73,3.8,2.73,0.42,0.8,0.05,0.27,4.0,0.11,0.0,0.0,0.0,0.1,145.9,0.0,
601,2026-08-13 02:15:00+00:00,DOGEUSDT,LONG,EXECUTED,TAKE_PROFIT_HIT,LOW_RISK,2.92,3.8,10.94,0.99,0.8,1.26,0.17,0.99,0.11,0.01,0.01,0.02,0.09,145.99,0.0,
602,2026-08-13 02:30:00+00:00,SOLUSDT,LONG,EXECUTED,TAKE_PROFIT_HIT,LOW_RISK,2.92,3.8,10.95,0.99,0.8,1.18,0.26,0.99,0.11,0.01,0.01,0.02,0.09,146.08,0.0,
603,2026-08-13 02:45:00+00:00,BTCUSDT,LONG,EXECUTED,TAKE_PROFIT_HIT,LOW_RISK,2.92,3.8,10.96,0.55,0.8,0.72,0.11,0.55,0.06,0.01,0.01,0.02,0.04,146.12,0.0,
604,2026-08-13 03:00:00+00:00,ETHUSDT,LONG,EXECUTED,TAKE_PROFIT_HIT,LOW_RISK,2.92,3.8,10.96,0.67,0.8,0.88,0.09,0.67,0.07,0.01,0.01,0.02,0.05,146.17,0.0,
605,2026-08-13 03:00:00+00:00,XRPUSDT,LONG,EXECUTED,TAKE_PROFIT_HIT,LOW_RISK,2.62,3.8,9.82,0.46,0.8,0.6,0.23,0.46,0.05,0.01,0.01,0.02,0.03,146.2,0.0,
606,2026-08-13 09:00:00+00:00,BTCUSDT,SHORT,EXECUTED,TIME_CLOSE_EXIT,LOW_RISK,0.73,3.8,2.74,0.42,0.8,0.42,0.36,10.0,0.27,0.0,0.0,0.0,0.27,146.47,0.0,
607,2026-08-13 09:00:00+00:00,ETHUSDT,SHORT,EXECUTED,TIME_CLOSE_EXIT,MEDIUM_RISK,0.37,3.0,1.1,0.42,0.8,0.4,0.67,10.0,0.11,0.0,0.0,0.0,0.11,146.58,0.0,
608,2026-08-13 09:00:00+00:00,SOLUSDT,SHORT,EXECUTED,TAKE_PROFIT_HIT,LOW_RISK,0.73,3.8,2.75,0.42,0.8,0.53,0.36,0.43,0.01,0.0,0.0,0.0,0.01,146.58,0.0,
609,2026-08-13 09:15:00+00:00,XRPUSDT,SHORT,EXECUTED,TAKE_PROFIT_HIT,LOW_RISK,2.93,3.8,10.99,0.58,0.8,0.81,0.17,0.58,0.06,0.01,0.01,0.02,0.04,146.63,0.0,
610,2026-08-13 10:00:00+00:00,DOGEUSDT,SHORT,EXECUTED,TAKE_PROFIT_HIT,LOW_RISK,2.61,3.8,9.8,0.71,0.8,0.97,0.53,0.71,0.07,0.01,0.01,0.02,0.05,146.68,0.0,
611,2026-08-13 13:00:00+00:00,ETHUSDT,LONG,EXECUTED,TIME_CLOSE_EXIT,LOW_RISK,0.73,3.8,2.75,0.42,0.8,0.27,0.65,6.0,0.17,0.0,0.0,0.0,0.16,146.84,0.0,
612,2026-08-13 13:00:00+00:00,SOLUSDT,LONG,EXECUTED,TAKE_PROFIT_HIT,MEDIUM_RISK,1.47,3.0,4.41,0.46,0.8,0.55,0.71,0.46,0.02,0.0,0.0,0.01,0.01,146.85,0.0,
613,2026-08-13 13:30:00+00:00,BTCUSDT,LONG,EXECUTED,TIME_CLOSE_EXIT,LOW_RISK,0.73,3.8,2.75,0.42,0.8,0.3,0.61,4.0,0.11,0.0,0.0,0.0,0.11,146.96,0.0,
614,2026-08-13 14:45:00+00:00,XRPUSDT,LONG,EXECUTED,TIME_CLOSE_EXIT,MEDIUM_RISK,0.37,3.0,1.1,0.42,0.8,0.17,0.69,1.0,0.01,0.0,0.0,0.0,0.01,146.97,0.0,
615,2026-08-13 15:45:00+00:00,BTCUSDT,SHORT,EXECUTED,TAKE_PROFIT_HIT,LOW_RISK,2.94,3.8,11.02,0.71,0.8,0.97,0.48,0.71,0.08,0.01,0.01,0.02,0.06,147.02,0.0,
616,2026-08-13 15:45:00+00:00,XRPUSDT,SHORT,EXECUTED,TAKE_PROFIT_HIT,LOW_RISK,0.74,3.8,2.76,0.42,0.8,0.49,0.56,0.43,0.01,0.0,0.0,0.0,0.01,147.03,0.0,
617,2026-08-13 15:45:00+00:00,SOLUSDT,SHORT,EXECUTED,TAKE_PROFIT_HIT,HIGH_RISK,0.18,1.5,0.28,0.58,0.93,0.71,0.85,0.58,0.0,0.0,0.0,0.0,0.0,147.03,0.0,
618,2026-08-13 15:45:00+00:00,ETHUSDT,SHORT,EXECUTED,TAKE_PROFIT_HIT,MEDIUM_RISK,1.1,3.0,3.31,0.71,0.8,0.87,0.68,0.71,0.02,0.0,0.0,0.01,0.02,147.05,0.0,
619,2026-08-13 18:00:00+00:00,XRPUSDT,LONG,EXECUTED,TIME_CLOSE_EXIT,LOW_RISK,2.64,3.8,9.88,0.42,0.8,0.21,0.13,0.0,0.0,0.01,0.01,0.02,-0.02,147.03,0.01,
620,2026-08-13 18:15:00+00:00,XRPUSDT,SHORT,EXECUTED,TIME_CLOSE_EXIT,LOW_RISK,0.74,3.8,2.76,0.42,0.8,0.0,0.24,1.0,0.03,0.0,0.0,0.0,0.02,147.06,0.0,
621,2026-08-13 18:30:00+00:00,XRPUSDT,LONG,EXECUTED,TAKE_PROFIT_HIT,LOW_RISK,2.64,3.8,9.88,0.55,0.8,0.67,0.28,0.55,0.05,0.01,0.01,0.02,0.04,147.09,0.0,
622,2026-08-13 19:00:00+00:00,SOLUSDT,LONG,EXECUTED,TAKE_PROFIT_HIT,LOW_RISK,2.21,3.8,8.27,0.42,0.8,0.43,0.18,0.43,0.04,0.01,0.01,0.01,0.02,147.11,0.0,
623,2026-08-13 19:00:00+00:00,DOGEUSDT,LONG,EXECUTED,TIME_CLOSE_EXIT,LOW_RISK,0.74,3.8,2.76,0.42,0.8,0.33,0.2,4.0,0.11,0.0,0.0,0.0,0.11,147.22,0.0,
624,2026-08-13 19:15:00+00:00,ETHUSDT,LONG,EXECUTED,TIME_CLOSE_EXIT,LOW_RISK,0.74,3.8,2.76,0.42,0.8,0.27,0.18,11.0,0.3,0.0,0.0,0.0,0.3,147.52,0.0,
625,2026-08-13 20:15:00+00:00,BTCUSDT,LONG,EXECUTED,TIME_CLOSE_EXIT,LOW_RISK,2.21,3.8,8.3,0.42,0.8,0.29,0.11,8.0,0.66,0.01,0.01,0.01,0.65,148.17,0.0,
626,2026-08-14 00:15:00+00:00,ETHUSDT,SHORT,EXECUTED,TIME_CLOSE_EXIT,LOW_RISK,0.74,3.8,2.78,0.42,0.8,0.06,0.18,1.0,0.03,0.0,0.0,0.01,0.02,148.19,0.0,
627,2026-08-14 00:30:00+00:00,DOGEUSDT,LONG,EXECUTED,TIME_CLOSE_EXIT,LOW_RISK,0.74,3.8,2.78,0.42,0.8,0.23,0.36,6.0,0.17,0.0,0.0,0.01,0.16,148.35,0.0,
628,2026-08-14 00:30:00+00:00,ETHUSDT,LONG,EXECUTED,TIME_CLOSE_EXIT,LOW_RISK,0.74,3.8,2.78,0.42,0.8,0.02,0.29,0.0,0.0,0.0,0.0,0.01,-0.01,148.34,0.0,
629,2026-08-14 00:45:00+00:00,SOLUSDT,SHORT,EXECUTED,TAKE_PROFIT_HIT,LOW_RISK,2.97,3.8,11.13,1.05,0.8,1.34,0.16,1.05,0.12,0.01,0.01,0.02,0.1,148.44,0.0,
630,2026-08-14 01:15:00+00:00,ETHUSDT,SHORT,EXECUTED,TIME_CLOSE_EXIT,LOW_RISK,0.74,3.8,2.78,0.42,0.8,0.08,0.17,0.0,0.0,0.0,0.0,0.01,-0.01,148.44,0.0,
631,2026-08-14 01:30:00+00:00,ETHUSDT,LONG,EXECUTED,TIME_CLOSE_EXIT,LOW_RISK,0.74,3.8,2.78,0.42,0.8,0.09,0.33,2.0,0.06,0.0,0.0,0.01,0.05,148.49,0.0,
632,2026-08-14 03:00:00+00:00,DOGEUSDT,SHORT,EXECUTED,TAKE_PROFIT_HIT,LOW_RISK,2.97,3.8,11.14,0.87,0.8,1.16,0.19,0.87,0.1,0.01,0.01,0.02,0.08,148.56,0.0,
633,2026-08-14 03:00:00+00:00,ETHUSDT,SHORT,EXECUTED,TAKE_PROFIT_HIT,LOW_RISK,2.97,3.8,11.14,0.71,0.8,0.87,0.18,0.71,0.08,0.01,0.01,0.02,0.06,148.62,0.0,
634,2026-08-14 03:15:00+00:00,BTCUSDT,SHORT,EXECUTED,TAKE_PROFIT_HIT,LOW_RISK,2.97,3.8,11.15,1.05,0.8,1.46,0.18,1.05,0.12,0.01,0.01,0.02,0.1,148.72,0.0,
635,2026-08-14 04:45:00+00:00,XRPUSDT,SHORT,EXECUTED,TAKE_PROFIT_HIT,LOW_RISK,2.97,3.8,11.15,0.71,0.8,0.9,0.18,0.71,0.08,0.01,0.01,0.02,0.06,148.78,0.0,
636,2026-08-14 11:30:00+00:00,ETHUSDT,LONG,EXECUTED,TIME_CLOSE_EXIT,LOW_RISK,0.74,3.8,2.79,0.42,0.8,0.09,0.35,0.0,0.0,0.0,0.0,0.01,-0.01,148.77,0.0,
637,2026-08-14 12:45:00+00:00,ETHUSDT,SHORT,EXECUTED,TAKE_PROFIT_HIT,LOW_RISK,2.65,3.8,9.94,0.42,0.8,0.49,0.6,0.43,0.04,0.01,0.01,0.02,0.02,148.8,0.0,
638,2026-08-14 15:00:00+00:00,DOGEUSDT,LONG,EXECUTED,TAKE_PROFIT_HIT,LOW_RISK,2.98,3.8,11.16,0.55,0.8,0.75,0.22,0.55,0.06,0.01,0.01,0.02,0.04,148.84,0.0,
639,2026-08-14 15:15:00+00:00,XRPUSDT,LONG,EXECUTED,TIME_CLOSE_EXIT,LOW_RISK,0.74,3.8,2.79,0.42,0.8,0.3,0.53,1.0,0.03,0.0,0.0,0.01,0.02,148.86,0.0,
640,2026-08-14 15:30:00+00:00,ETHUSDT,LONG,EXECUTED,TIME_CLOSE_EXIT,LOW_RISK,0.74,3.8,2.79,0.42,0.8,0.23,0.55,4.0,0.11,0.0,0.0,0.01,0.11,148.97,0.0,
641,2026-08-14 15:30:00+00:00,SOLUSDT,LONG,REJECTED,,,,,,,,,,,,,,,0.0,148.96915833316234,,High Risk + Low Quality + Low Profit
642,2026-08-14 15:30:00+00:00,BTCUSDT,LONG,EXECUTED,TIME_CLOSE_EXIT,LOW_RISK,0.74,3.8,2.79,0.42,0.8,0.38,0.34,7.0,0.2,0.0,0.0,0.01,0.19,149.16,0.0,
643,2026-08-14 17:30:00+00:00,XRPUSDT,SHORT,EXECUTED,TAKE_PROFIT_HIT,LOW_RISK,2.98,3.8,11.19,1.3,0.8,1.68,0.16,1.3,0.15,0.01,0.01,0.02,0.13,149.29,0.0,
644,2026-08-14 17:45:00+00:00,SOLUSDT,SHORT,EXECUTED,TAKE_PROFIT_HIT,LOW_RISK,2.99,3.8,11.2,0.58,0.8,0.81,0.27,0.58,0.06,0.01,0.01,0.02,0.04,149.33,0.0,
645,2026-08-14 18:45:00+00:00,ETHUSDT,SHORT,EXECUTED,TIME_CLOSE_EXIT,LOW_RISK,0.75,3.8,2.8,0.42,0.8,0.11,0.33,0.0,0.0,0.0,0.0,0.01,-0.01,149.32,0.0,
646,2026-08-14 19:15:00+00:00,DOGEUSDT,SHORT,EXECUTED,TIME_CLOSE_EXIT,LOW_RISK,0.75,3.8,2.8,0.42,0.8,0.16,0.23,0.0,0.0,0.0,0.0,0.01,-0.01,149.32,0.01,
647,2026-08-14 19:15:00+00:00,BTCUSDT,SHORT,EXECUTED,TIME_CLOSE_EXIT,LOW_RISK,0.75,3.8,2.8,0.42,0.8,0.21,0.16,12.0,0.34,0.0,0.0,0.01,0.33,149.65,0.0,
648,2026-08-14 19:45:00+00:00,DOGEUSDT,LONG,EXECUTED,TIME_CLOSE_EXIT,LOW_RISK,0.75,3.8,2.81,0.42,0.8,0.09,0.2,1.0,0.03,0.0,0.0,0.01,0.02,149.67,0.0,
649,2026-08-14 19:45:00+00:00,ETHUSDT,LONG,EXECUTED,TIME_CLOSE_EXIT,LOW_RISK,0.75,3.8,2.81,0.42,0.8,0.06,0.19,0.0,0.0,0.0,0.0,0.01,-0.01,149.67,0.0,
650,2026-08-14 21:30:00+00:00,DOGEUSDT,SHORT,EXECUTED,TIME_CLOSE_EXIT,LOW_RISK,0.75,3.8,2.81,0.42,0.8,0.03,0.27,0.0,0.0,0.0,0.0,0.01,-0.01,149.66,0.01,
651,2026-08-14 22:00:00+00:00,ETHUSDT,SHORT,EXECUTED,TIME_CLOSE_EXIT,LOW_RISK,0.75,3.8,2.81,0.42,0.8,0.08,0.19,1.0,0.03,0.0,0.0,0.01,0.02,149.69,0.0,
652,2026-08-14 22:00:00+00:00,DOGEUSDT,LONG,EXECUTED,TIME_CLOSE_EXIT,LOW_RISK,0.75,3.8,2.81,0.42,0.8,0.11,0.24,0.0,0.0,0.0,0.0,0.01,-0.01,149.68,0.0,
653,2026-08-14 22:15:00+00:00,DOGEUSDT,SHORT,EXECUTED,TIME_CLOSE_EXIT,LOW_RISK,0.75,3.8,2.81,0.42,0.8,0.0,0.42,0.0,0.0,0.0,0.0,0.01,-0.01,149.68,0.01,
654,2026-08-14 23:00:00+00:00,ETHUSDT,LONG,EXECUTED,TIME_CLOSE_EXIT,LOW_RISK,2.25,3.8,8.42,0.42,0.8,0.3,0.12,17.0,1.43,0.01,0.01,0.02,1.42,151.09,0.0,
655,2026-08-14 23:00:00+00:00,DOGEUSDT,LONG,EXECUTED,TAKE_PROFIT_HIT,LOW_RISK,3.02,3.8,11.33,0.67,0.8,0.83,0.2,0.67,0.08,0.01,0.01,0.02,0.06,151.15,0.0,
656,2026-08-14 23:15:00+00:00,SOLUSDT,LONG,EXECUTED,TAKE_PROFIT_HIT,LOW_RISK,2.71,3.8,10.16,0.42,0.8,0.5,0.21,0.43,0.04,0.01,0.01,0.02,0.02,151.17,0.0,
657,2026-08-14 23:30:00+00:00,BTCUSDT,LONG,EXECUTED,TIME_CLOSE_EXIT,LOW_RISK,0.76,3.8,2.83,0.42,0.8,0.28,0.16,15.0,0.43,0.0,0.0,0.01,0.42,151.59,0.0,
658,2026-08-15 00:15:00+00:00,XRPUSDT,LONG,EXECUTED,TAKE_PROFIT_HIT,LOW_RISK,3.03,3.8,11.37,0.67,0.8,0.89,0.08,0.67,0.08,0.01,0.01,0.02,0.06,151.65,0.0,
659,2026-08-15 05:30:00+00:00,ETHUSDT,SHORT,EXECUTED,TIME_CLOSE_EXIT,LOW_RISK,0.76,3.8,2.84,0.42,0.8,0.29,0.14,14.0,0.4,0.0,0.0,0.01,0.39,152.04,0.0,
660,2026-08-15 05:45:00+00:00,SOLUSDT,SHORT,EXECUTED,TIME_CLOSE_EXIT,LOW_RISK,2.28,3.8,8.55,0.42,0.8,0.41,0.19,13.0,1.11,0.01,0.01,0.02,1.1,153.14,0.0,
661,2026-08-15 06:00:00+00:00,DOGEUSDT,SHORT,EXECUTED,TIME_CLOSE_EXIT,LOW_RISK,0.77,3.8,2.87,0.42,0.8,0.21,0.23,12.0,0.34,0.0,0.0,0.01,0.34,153.48,0.0,
662,2026-08-15 06:15:00+00:00,BTCUSDT,SHORT,EXECUTED,TIME_CLOSE_EXIT,LOW_RISK,0.77,3.8,2.88,0.42,0.8,0.01,0.16,0.0,0.0,0.0,0.0,0.01,-0.01,153.47,0.0,
663,2026-08-15 06:45:00+00:00,BTCUSDT,LONG,EXECUTED,TIME_CLOSE_EXIT,LOW_RISK,0.77,3.8,2.88,0.42,0.8,0.03,0.12,0.0,0.0,0.0,0.0,0.01,-0.01,153.47,0.01,
664,2026-08-15 07:45:00+00:00,XRPUSDT,SHORT,EXECUTED,TIME_CLOSE_EXIT,LOW_RISK,0.77,3.8,2.88,0.42,0.8,0.2,0.13,5.0,0.14,0.0,0.0,0.01,0.14,153.61,0.0,
665,2026-08-15 08:00:00+00:00,BTCUSDT,SHORT,EXECUTED,TIME_CLOSE_EXIT,LOW_RISK,2.3,3.8,8.64,0.42,0.8,0.22,0.04,4.0,0.35,0.01,0.01,0.02,0.33,153.94,0.0,
666,2026-08-15 11:30:00+00:00,XRPUSDT,LONG,EXECUTED,TIME_CLOSE_EXIT,LOW_RISK,0.77,3.8,2.89,0.42,0.8,0.0,0.15,0.0,0.0,0.0,0.0,0.01,-0.01,153.93,0.0,
667,2026-08-15 11:45:00+00:00,XRPUSDT,SHORT,EXECUTED,TIME_CLOSE_EXIT,LOW_RISK,0.77,3.8,2.89,0.42,0.8,0.25,0.12,10.0,0.29,0.0,0.0,0.01,0.28,154.21,0.0,
668,2026-08-15 12:45:00+00:00,SOLUSDT,LONG,EXECUTED,TIME_CLOSE_EXIT,LOW_RISK,0.77,3.8,2.89,0.42,0.8,0.34,0.24,20.0,0.58,0.0,0.0,0.01,0.57,154.79,0.0,
669,2026-08-15 12:45:00+00:00,ETHUSDT,LONG,EXECUTED,TIME_CLOSE_EXIT,LOW_RISK,0.77,3.8,2.9,0.42,0.8,0.14,0.3,18.0,0.52,0.0,0.0,0.01,0.52,155.3,0.0,
670,2026-08-15 13:15:00+00:00,DOGEUSDT,LONG,EXECUTED,TIME_CLOSE_EXIT,LOW_RISK,0.78,3.8,2.91,0.42,0.8,0.11,0.21,2.0,0.06,0.0,0.0,0.01,0.05,155.36,0.0,
671,2026-08-15 13:15:00+00:00,BTCUSDT,LONG,EXECUTED,TIME_CLOSE_EXIT,LOW_RISK,0.78,3.8,2.91,0.42,0.8,0.14,0.06,13.0,0.38,0.0,0.0,0.01,0.37,155.73,0.0,
672,2026-08-15 14:15:00+00:00,DOGEUSDT,SHORT,EXECUTED,TIME_CLOSE_EXIT,LOW_RISK,0.78,3.8,2.92,0.42,0.8,0.04,0.23,0.0,0.0,0.0,0.0,0.01,-0.01,155.73,0.0,
673,2026-08-15 15:30:00+00:00,DOGEUSDT,LONG,EXECUTED,TIME_CLOSE_EXIT,LOW_RISK,0.78,3.8,2.92,0.42,0.8,0.0,0.16,0.0,0.0,0.0,0.0,0.01,-0.01,155.72,0.01,
674,2026-08-15 16:30:00+00:00,DOGEUSDT,SHORT,EXECUTED,TIME_CLOSE_EXIT,LOW_RISK,2.34,3.8,8.76,0.42,0.8,0.37,0.13,10.0,0.88,0.01,0.01,0.02,0.86,156.58,0.0,
675,2026-08-15 16:45:00+00:00,XRPUSDT,LONG,EXECUTED,TIME_CLOSE_EXIT,LOW_RISK,0.78,3.8,2.94,0.42,0.8,0.11,0.21,1.0,0.03,0.0,0.0,0.01,0.02,156.6,0.0,
676,2026-08-15 18:15:00+00:00,XRPUSDT,SHORT,EXECUTED,TIME_CLOSE_EXIT,LOW_RISK,0.78,3.8,2.94,0.42,0.8,0.07,0.19,0.0,0.0,0.0,0.0,0.01,-0.01,156.6,0.0,
677,2026-08-15 18:45:00+00:00,BTCUSDT,SHORT,EXECUTED,TIME_CLOSE_EXIT,LOW_RISK,0.78,3.8,2.94,0.42,0.8,0.02,0.05,0.0,0.0,0.0,0.0,0.01,-0.01,156.59,0.01,
678,2026-08-15 18:45:00+00:00,ETHUSDT,SHORT,EXECUTED,TIME_CLOSE_EXIT,LOW_RISK,0.78,3.8,2.94,0.42,0.8,0.0,0.11,0.0,0.0,0.0,0.0,0.01,-0.01,156.59,0.01,
679,2026-08-15 19:00:00+00:00,XRPUSDT,LONG,EXECUTED,TIME_CLOSE_EXIT,LOW_RISK,3.13,3.8,11.74,0.42,0.8,0.4,0.16,14.0,1.64,0.01,0.01,0.02,1.62,158.21,0.0,
680,2026-08-15 19:00:00+00:00,BTCUSDT,LONG,EXECUTED,TIME_CLOSE_EXIT,LOW_RISK,0.79,3.8,2.97,0.42,0.8,0.14,0.05,15.0,0.44,0.0,0.0,0.01,0.44,158.65,0.0,
681,2026-08-15 19:30:00+00:00,ETHUSDT,LONG,EXECUTED,TIME_CLOSE_EXIT,LOW_RISK,0.79,3.8,2.97,0.42,0.8,0.04,0.07,0.0,0.0,0.0,0.0,0.01,-0.01,158.65,0.0,
682,2026-08-15 20:15:00+00:00,ETHUSDT,SHORT,EXECUTED,TIME_CLOSE_EXIT,LOW_RISK,0.79,3.8,2.97,0.42,0.8,0.02,0.09,1.0,0.03,0.0,0.0,0.01,0.02,158.67,0.0,
683,2026-08-15 20:30:00+00:00,SOLUSDT,SHORT,EXECUTED,TIME_CLOSE_EXIT,LOW_RISK,0.79,3.8,2.98,0.42,0.8,0.07,0.12,0.0,0.0,0.0,0.0,0.01,-0.01,158.67,0.0,
684,2026-08-15 21:00:00+00:00,SOLUSDT,LONG,EXECUTED,TIME_CLOSE_EXIT,LOW_RISK,0.79,3.8,2.97,0.42,0.8,0.2,0.33,2.0,0.06,0.0,0.0,0.01,0.05,158.72,0.0,
685,2026-08-15 21:15:00+00:00,ETHUSDT,LONG,EXECUTED,TIME_CLOSE_EXIT,LOW_RISK,0.79,3.8,2.98,0.42,0.8,0.06,0.14,4.0,0.12,0.0,0.0,0.01,0.11,158.83,0.0,
686,2026-08-15 21:15:00+00:00,DOGEUSDT,LONG,EXECUTED,TIME_CLOSE_EXIT,LOW_RISK,0.79,3.8,2.98,0.42,0.8,0.01,0.31,0.0,0.0,0.0,0.0,0.01,-0.01,158.83,0.0,
687,2026-08-15 22:45:00+00:00,DOGEUSDT,SHORT,EXECUTED,TAKE_PROFIT_HIT,LOW_RISK,2.83,3.8,10.62,0.42,0.8,0.52,0.19,0.43,0.05,0.01,0.01,0.02,0.03,158.85,0.0,
688,2026-08-15 23:00:00+00:00,SOLUSDT,SHORT,EXECUTED,TIME_CLOSE_EXIT,LOW_RISK,0.79,3.8,2.98,0.42,0.8,0.21,0.3,4.0,0.12,0.0,0.0,0.01,0.11,158.97,0.0,
689,2026-08-15 23:15:00+00:00,XRPUSDT,SHORT,EXECUTED,TIME_CLOSE_EXIT,LOW_RISK,0.79,3.8,2.98,0.42,0.8,0.25,0.15,24.0,0.72,0.0,0.0,0.01,0.71,159.68,0.0,
690,2026-08-15 23:30:00+00:00,ETHUSDT,SHORT,EXECUTED,TIME_CLOSE_EXIT,LOW_RISK,2.85,3.8,10.67,0.42,0.8,0.33,0.09,8.0,0.85,0.01,0.01,0.02,0.83,160.51,0.0,
691,2026-08-16 00:00:00+00:00,BTCUSDT,SHORT,EXECUTED,TIME_CLOSE_EXIT,LOW_RISK,0.8,3.8,3.01,0.42,0.8,0.09,0.13,6.0,0.18,0.0,0.0,0.01,0.18,160.69,0.0,
692,2026-08-16 02:30:00+00:00,SOLUSDT,LONG,EXECUTED,TIME_CLOSE_EXIT,LOW_RISK,0.8,3.8,3.01,0.42,0.8,0.01,0.37,0.0,0.0,0.0,0.0,0.01,-0.01,160.68,0.0,
693,2026-08-16 02:30:00+00:00,BTCUSDT,LONG,EXECUTED,TIME_CLOSE_EXIT,LOW_RISK,0.8,3.8,3.01,0.42,0.8,0.01,0.13,7.0,0.21,0.0,0.0,0.01,0.21,160.89,0.0,
694,2026-08-16 02:45:00+00:00,DOGEUSDT,LONG,EXECUTED,TIME_CLOSE_EXIT,LOW_RISK,0.8,3.8,3.02,0.42,0.8,0.17,0.17,6.0,0.18,0.0,0.0,0.01,0.18,161.06,0.0,
695,2026-08-16 03:00:00+00:00,ETHUSDT,LONG,EXECUTED,TIME_CLOSE_EXIT,LOW_RISK,0.81,3.8,3.02,0.42,0.8,0.03,0.18,5.0,0.15,0.0,0.0,0.01,0.15,161.21,0.0,
696,2026-08-16 04:45:00+00:00,ETHUSDT,SHORT,EXECUTED,TIME_CLOSE_EXIT,LOW_RISK,0.81,3.8,3.02,0.42,0.8,0.14,0.05,6.0,0.18,0.0,0.0,0.01,0.18,161.38,0.0,
697,2026-08-16 05:15:00+00:00,BTCUSDT,SHORT,EXECUTED,TIME_CLOSE_EXIT,LOW_RISK,0.81,3.8,3.03,0.42,0.8,0.16,0.04,18.0,0.54,0.0,0.0,0.01,0.54,161.92,0.0,
698,2026-08-16 05:15:00+00:00,SOLUSDT,SHORT,EXECUTED,TIME_CLOSE_EXIT,LOW_RISK,0.81,3.8,3.04,0.42,0.8,0.27,0.21,21.0,0.64,0.0,0.0,0.01,0.63,162.56,0.0,
699,2026-08-16 05:30:00+00:00,DOGEUSDT,SHORT,EXECUTED,TIME_CLOSE_EXIT,LOW_RISK,2.44,3.8,9.14,0.42,0.8,0.22,0.19,3.0,0.27,0.01,0.01,0.02,0.26,162.81,0.0,
700,2026-08-16 07:30:00+00:00,DOGEUSDT,LONG,EXECUTED,TIME_CLOSE_EXIT,LOW_RISK,0.81,3.8,3.05,0.42,0.8,0.17,0.2,3.0,0.09,0.0,0.0,0.01,0.09,162.9,0.0,
701,2026-08-16 07:30:00+00:00,XRPUSDT,LONG,EXECUTED,TIME_CLOSE_EXIT,LOW_RISK,0.81,3.8,3.05,0.42,0.8,0.07,0.2,1.0,0.03,0.0,0.0,0.01,0.03,162.92,0.0,
702,2026-08-16 09:15:00+00:00,ETHUSDT,LONG,EXECUTED,TIME_CLOSE_EXIT,LOW_RISK,0.81,3.8,3.05,0.42,0.8,0.04,0.1,0.0,0.0,0.0,0.0,0.01,-0.01,162.92,0.0,
703,2026-08-16 09:30:00+00:00,ETHUSDT,SHORT,EXECUTED,TIME_CLOSE_EXIT,LOW_RISK,0.81,3.8,3.05,0.42,0.8,0.04,0.1,1.0,0.03,0.0,0.0,0.01,0.03,162.94,0.0,
704,2026-08-16 09:45:00+00:00,XRPUSDT,SHORT,EXECUTED,TIME_CLOSE_EXIT,LOW_RISK,2.44,3.8,9.17,0.42,0.8,0.32,0.08,2.0,0.18,0.01,0.01,0.02,0.17,163.11,0.0,
705,2026-08-16 10:00:00+00:00,DOGEUSDT,SHORT,EXECUTED,TIME_CLOSE_EXIT,LOW_RISK,0.82,3.8,3.06,0.42,0.8,0.03,0.19,1.0,0.03,0.0,0.0,0.01,0.03,163.14,0.0,
706,2026-08-16 11:45:00+00:00,DOGEUSDT,LONG,EXECUTED,TIME_CLOSE_EXIT,LOW_RISK,0.82,3.8,3.06,0.42,0.8,0.03,0.13,0.0,0.0,0.0,0.0,0.01,-0.01,163.13,0.0,
707,2026-08-16 12:00:00+00:00,DOGEUSDT,SHORT,EXECUTED,TIME_CLOSE_EXIT,LOW_RISK,0.82,3.8,3.06,0.42,0.8,0.03,0.13,0.0,0.0,0.0,0.0,0.01,-0.01,163.13,0.01,
708,2026-08-16 12:15:00+00:00,DOGEUSDT,LONG,EXECUTED,TAKE_PROFIT_HIT,LOW_RISK,2.92,3.8,10.96,0.42,0.8,0.46,0.14,0.43,0.05,0.01,0.01,0.02,0.03,163.15,0.0,
709,2026-08-16 13:15:00+00:00,BTCUSDT,LONG,EXECUTED,TAKE_PROFIT_HIT,LOW_RISK,3.26,3.8,12.24,0.42,0.8,0.52,0.01,0.43,0.05,0.01,0.01,0.02,0.03,163.18,0.0,
710,2026-08-16 13:30:00+00:00,ETHUSDT,LONG,EXECUTED,TAKE_PROFIT_HIT,LOW_RISK,3.26,3.8,12.24,0.46,0.8,0.57,0.04,0.46,0.06,0.01,0.01,0.02,0.03,163.22,0.0,
711,2026-08-16 13:30:00+00:00,SOLUSDT,LONG,EXECUTED,TIME_CLOSE_EXIT,LOW_RISK,0.82,3.8,3.06,0.42,0.8,0.04,0.19,0.0,0.0,0.0,0.0,0.01,-0.01,163.21,0.0,
712,2026-08-16 14:00:00+00:00,SOLUSDT,SHORT,EXECUTED,TIME_CLOSE_EXIT,LOW_RISK,0.82,3.8,3.06,0.42,0.8,0.03,0.17,0.0,0.0,0.0,0.0,0.01,-0.01,163.2,0.01,
713,2026-08-16 14:30:00+00:00,SOLUSDT,LONG,EXECUTED,TAKE_PROFIT_HIT,LOW_RISK,3.26,3.8,12.24,0.42,0.8,0.45,0.13,0.43,0.05,0.01,0.01,0.02,0.03,163.23,0.0,
714,2026-08-16 14:30:00+00:00,XRPUSDT,LONG,EXECUTED,TIME_CLOSE_EXIT,LOW_RISK,2.93,3.8,10.97,0.42,0.8,0.28,0.3,7.0,0.77,0.01,0.01,0.02,0.75,163.98,0.0,
715,2026-08-16 17:45:00+00:00,SOLUSDT,SHORT,EXECUTED,TAKE_PROFIT_HIT,LOW_RISK,3.28,3.8,12.3,1.3,0.8,1.57,0.12,1.3,0.16,0.01,0.01,0.02,0.14,164.12,0.0,
716,2026-08-16 18:00:00+00:00,XRPUSDT,SHORT,EXECUTED,TIME_CLOSE_EXIT,LOW_RISK,0.82,3.8,3.08,0.42,0.8,0.09,0.37,0.0,0.0,0.0,0.0,0.01,-0.01,164.12,0.0,
717,2026-08-16 19:45:00+00:00,DOGEUSDT,SHORT,EXECUTED,TAKE_PROFIT_HIT,LOW_RISK,3.28,3.8,12.31,1.05,0.8,1.27,0.33,1.05,0.13,0.01,0.01,0.02,0.11,164.22,0.0,
718,2026-08-16 20:00:00+00:00,BTCUSDT,SHORT,EXECUTED,TAKE_PROFIT_HIT,LOW_RISK,3.28,3.8,12.32,0.48,0.8,0.67,0.09,0.48,0.06,0.01,0.01,0.02,0.04,164.26,0.0,
719,2026-08-16 20:00:00+00:00,XRPUSDT,LONG,EXECUTED,TIME_CLOSE_EXIT,LOW_RISK,0.82,3.8,3.08,0.42,0.8,0.05,0.3,0.0,0.0,0.0,0.0,0.01,-0.01,164.25,0.0,
720,2026-08-16 20:30:00+00:00,XRPUSDT,SHORT,EXECUTED,TAKE_PROFIT_HIT,LOW_RISK,3.29,3.8,12.32,0.87,0.8,1.17,0.19,0.87,0.11,0.01,0.01,0.02,0.08,164.34,0.0,
721,2026-08-16 20:45:00+00:00,ETHUSDT,SHORT,EXECUTED,TAKE_PROFIT_HIT,HIGH_RISK,0.82,1.5,1.23,0.58,0.84,0.68,0.79,0.58,0.01,0.0,0.0,0.0,0.0,164.34,0.0,
722,2026-08-17 01:00:00+00:00,DOGEUSDT,LONG,EXECUTED,TAKE_PROFIT_HIT,LOW_RISK,3.29,3.8,12.33,0.55,0.8,0.77,0.33,0.55,0.07,0.01,0.01,0.02,0.05,164.39,0.0,
723,2026-08-17 01:00:00+00:00,ETHUSDT,LONG,EXECUTED,TAKE_PROFIT_HIT,LOW_RISK,3.29,3.8,12.33,0.99,0.8,1.22,0.6,0.99,0.12,0.01,0.01,0.02,0.1,164.49,0.0,
724,2026-08-17 01:15:00+00:00,SOLUSDT,LONG,EXECUTED,TAKE_PROFIT_HIT,LOW_RISK,3.29,3.8,12.34,0.82,0.8,1.01,0.45,0.82,0.1,0.01,0.01,0.02,0.08,164.57,0.0,
725,2026-08-17 01:15:00+00:00,BTCUSDT,LONG,EXECUTED,TAKE_PROFIT_HIT,LOW_RISK,3.29,3.8,12.34,0.67,0.8,0.94,0.15,0.67,0.08,0.01,0.01,0.02,0.06,164.63,0.0,
726,2026-08-17 01:30:00+00:00,XRPUSDT,LONG,EXECUTED,TAKE_PROFIT_HIT,LOW_RISK,3.29,3.8,12.35,0.55,0.8,0.7,0.26,0.55,0.07,0.01,0.01,0.02,0.05,164.67,0.0,
727,2026-08-17 08:15:00+00:00,ETHUSDT,SHORT,EXECUTED,TIME_CLOSE_EXIT,LOW_RISK,0.82,3.8,3.09,0.42,0.8,0.2,0.62,0.0,0.0,0.0,0.0,0.01,-0.01,164.67,0.0,
728,2026-08-17 08:30:00+00:00,XRPUSDT,SHORT,EXECUTED,TIME_CLOSE_EXIT,LOW_RISK,2.47,3.8,9.26,0.42,0.8,0.35,0.26,6.0,0.56,0.01,0.01,0.02,0.54,165.21,0.0,
729,2026-08-17 08:30:00+00:00,BTCUSDT,SHORT,EXECUTED,TIME_CLOSE_EXIT,LOW_RISK,0.83,3.8,3.1,0.42,0.8,0.13,0.42,5.0,0.15,0.0,0.0,0.01,0.15,165.36,0.0,
730,2026-08-17 08:45:00+00:00,DOGEUSDT,SHORT,EXECUTED,TIME_CLOSE_EXIT,LOW_RISK,0.83,3.8,3.1,0.42,0.8,0.07,0.31,0.0,0.0,0.0,0.0,0.01,-0.01,165.35,0.0,
731,2026-08-17 08:45:00+00:00,SOLUSDT,SHORT,EXECUTED,TIME_CLOSE_EXIT,MEDIUM_RISK,0.41,3.0,1.24,0.42,0.8,0.09,0.7,0.0,0.0,0.0,0.0,0.0,-0.0,165.35,0.0,
732,2026-08-17 09:30:00+00:00,DOGEUSDT,LONG,EXECUTED,TIME_CLOSE_EXIT,LOW_RISK,2.48,3.8,9.3,0.42,0.8,0.31,0.17,5.0,0.47,0.01,0.01,0.02,0.45,165.8,0.0,
733,2026-08-17 10:30:00+00:00,SOLUSDT,LONG,EXECUTED,TIME_CLOSE_EXIT,LOW_RISK,0.83,3.8,3.11,0.42,0.8,0.25,0.54,5.0,0.16,0.0,0.0,0.01,0.15,165.95,0.0,
734,2026-08-17 10:30:00+00:00,BTCUSDT,LONG,EXECUTED,TAKE_PROFIT_HIT,LOW_RISK,3.32,3.8,12.45,1.22,0.8,1.52,0.31,1.22,0.15,0.01,0.01,0.02,0.13,166.08,0.0,
735,2026-08-17 10:30:00+00:00,ETHUSDT,LONG,EXECUTED,TIME_CLOSE_EXIT,LOW_RISK,0.83,3.8,3.11,0.42,0.8,0.12,0.56,1.0,0.03,0.0,0.0,0.01,0.03,166.1,0.0,
736,2026-08-17 12:00:00+00:00,DOGEUSDT,SHORT,EXECUTED,TIME_CLOSE_EXIT,LOW_RISK,0.83,3.8,3.11,0.42,0.8,0.23,0.36,4.0,0.12,0.0,0.0,0.01,0.12,166.22,0.0,
737,2026-08-17 12:00:00+00:00,XRPUSDT,LONG,EXECUTED,TIME_CLOSE_EXIT,LOW_RISK,0.83,3.8,3.12,0.42,0.8,0.04,0.17,0.0,0.0,0.0,0.0,0.01,-0.01,166.21,0.0,
738,2026-08-17 12:15:00+00:00,XRPUSDT,SHORT,EXECUTED,TIME_CLOSE_EXIT,LOW_RISK,0.83,3.8,3.12,0.42,0.8,0.28,0.42,3.0,0.09,0.0,0.0,0.01,0.09,166.3,0.0,
739,2026-08-17 12:30:00+00:00,SOLUSDT,SHORT,EXECUTED,TIME_CLOSE_EXIT,LOW_RISK,0.83,3.8,3.12,0.42,0.8,0.15,0.52,4.0,0.12,0.0,0.0,0.01,0.12,166.42,0.0,
740,2026-08-17 13:00:00+00:00,ETHUSDT,SHORT,EXECUTED,TIME_CLOSE_EXIT,LOW_RISK,0.83,3.8,3.12,0.42,0.8,0.16,0.52,1.0,0.03,0.0,0.0,0.01,0.03,166.45,0.0,
741,2026-08-17 13:30:00+00:00,ETHUSDT,LONG,EXECUTED,TAKE_PROFIT_HIT,LOW_RISK,2.5,3.8,9.36,0.46,0.8,0.58,0.37,0.46,0.04,0.01,0.01,0.02,0.03,166.47,0.0,
742,2026-08-17 14:00:00+00:00,SOLUSDT,LONG,EXECUTED,TAKE_PROFIT_HIT,LOW_RISK,3.33,3.8,12.49,0.55,0.8,0.74,0.2,0.55,0.07,0.01,0.01,0.02,0.05,166.52,0.0,
743,2026-08-17 14:30:00+00:00,XRPUSDT,LONG,EXECUTED,TAKE_PROFIT_HIT,LOW_RISK,3.33,3.8,12.49,0.55,0.8,0.7,0.17,0.55,0.07,0.01,0.01,0.02,0.05,166.57,0.0,
744,2026-08-17 14:45:00+00:00,DOGEUSDT,LONG,EXECUTED,TIME_CLOSE_EXIT,LOW_RISK,0.83,3.8,3.12,0.42,0.8,0.31,0.3,4.0,0.12,0.0,0.0,0.01,0.12,166.69,0.0,
745,2026-08-17 17:45:00+00:00,XRPUSDT,SHORT,EXECUTED,TIME_CLOSE_EXIT,LOW_RISK,0.83,3.8,3.13,0.42,0.8,0.21,0.27,5.0,0.16,0.0,0.0,0.01,0.15,166.84,0.0,
746,2026-08-17 19:45:00+00:00,DOGEUSDT,SHORT,EXECUTED,TIME_CLOSE_EXIT,LOW_RISK,2.97,3.8,11.15,0.42,0.8,0.27,0.31,2.0,0.22,0.01,0.01,0.02,0.2,167.04,0.0,
747,2026-08-17 19:45:00+00:00,SOLUSDT,SHORT,EXECUTED,TIME_CLOSE_EXIT,LOW_RISK,0.84,3.8,3.13,0.42,0.8,0.24,0.33,2.0,0.06,0.0,0.0,0.01,0.06,167.1,0.0,
748,2026-08-17 20:30:00+00:00,XRPUSDT,LONG,EXECUTED,TIME_CLOSE_EXIT,LOW_RISK,0.84,3.8,3.13,0.42,0.8,0.1,0.34,1.0,0.03,0.0,0.0,0.01,0.03,167.12,0.0,
749,2026-08-17 20:30:00+00:00,SOLUSDT,LONG,EXECUTED,TIME_CLOSE_EXIT,LOW_RISK,0.84,3.8,3.13,0.42,0.8,0.07,0.37,1.0,0.03,0.0,0.0,0.01,0.03,167.15,0.0,
750,2026-08-17 21:00:00+00:00,DOGEUSDT,LONG,EXECUTED,TIME_CLOSE_EXIT,LOW_RISK,0.84,3.8,3.13,0.42,0.8,0.11,0.28,4.0,0.13,0.0,0.0,0.01,0.12,167.27,0.0,
751,2026-08-17 21:15:00+00:00,ETHUSDT,SHORT,EXECUTED,TIME_CLOSE_EXIT,LOW_RISK,0.84,3.8,3.14,0.42,0.8,0.14,0.48,4.0,0.13,0.0,0.0,0.01,0.12,167.39,0.0,
752,2026-08-17 22:15:00+00:00,XRPUSDT,SHORT,EXECUTED,TIME_CLOSE_EXIT,LOW_RISK,0.84,3.8,3.14,0.42,0.8,0.07,0.38,1.0,0.03,0.0,0.0,0.01,0.03,167.41,0.0,
753,2026-08-17 22:15:00+00:00,SOLUSDT,SHORT,EXECUTED,TIME_CLOSE_EXIT,LOW_RISK,0.84,3.8,3.14,0.42,0.8,0.13,0.41,2.0,0.06,0.0,0.0,0.01,0.06,167.47,0.0,
754,2026-08-17 22:30:00+00:00,DOGEUSDT,SHORT,EXECUTED,TIME_CLOSE_EXIT,LOW_RISK,0.84,3.8,3.14,0.42,0.8,0.04,0.34,0.0,0.0,0.0,0.0,0.01,-0.01,167.46,0.0,
755,2026-08-17 23:15:00+00:00,ETHUSDT,LONG,EXECUTED,TIME_CLOSE_EXIT,LOW_RISK,0.84,3.8,3.14,0.42,0.8,0.18,0.6,1.0,0.03,0.0,0.0,0.01,0.03,167.49,0.0,
756,2026-08-17 23:30:00+00:00,XRPUSDT,LONG,EXECUTED,TIME_CLOSE_EXIT,LOW_RISK,0.84,3.8,3.14,0.42,0.8,0.13,0.3,3.0,0.09,0.0,0.0,0.01,0.09,167.58,0.0,
757,2026-08-17 23:30:00+00:00,SOLUSDT,LONG,EXECUTED,TIME_CLOSE_EXIT,LOW_RISK,2.51,3.8,9.43,0.42,0.8,0.21,0.25,0.0,0.0,0.01,0.01,0.02,-0.02,167.56,0.01,
758,2026-08-17 23:45:00+00:00,DOGEUSDT,LONG,EXECUTED,TIME_CLOSE_EXIT,LOW_RISK,0.84,3.8,3.14,0.42,0.8,0.11,0.27,0.0,0.0,0.0,0.0,0.01,-0.01,167.56,0.01,
759,2026-08-18 00:30:00+00:00,DOGEUSDT,SHORT,EXECUTED,TIME_CLOSE_EXIT,LOW_RISK,0.84,3.8,3.14,0.42,0.8,0.11,0.11,0.0,0.0,0.0,0.0,0.01,-0.01,167.55,0.02,
760,2026-08-18 00:45:00+00:00,DOGEUSDT,LONG,EXECUTED,TIME_CLOSE_EXIT,LOW_RISK,0.84,3.8,3.14,0.42,0.8,0.03,0.2,0.0,0.0,0.0,0.0,0.01,-0.01,167.54,0.02,
761,2026-08-18 01:00:00+00:00,XRPUSDT,SHORT,EXECUTED,TAKE_PROFIT_HIT,LOW_RISK,3.35,3.8,12.57,1.05,0.8,1.24,0.18,1.05,0.13,0.01,0.01,0.02,0.11,167.65,0.0,
762,2026-08-18 01:00:00+00:00,DOGEUSDT,SHORT,EXECUTED,TAKE_PROFIT_HIT,LOW_RISK,3.35,3.8,12.57,0.87,0.8,1.02,0.07,0.87,0.11,0.01,0.01,0.02,0.09,167.74,0.0,
763,2026-08-18 01:30:00+00:00,SOLUSDT,SHORT,EXECUTED,TAKE_PROFIT_HIT,LOW_RISK,3.35,3.8,12.58,0.58,0.8,0.77,0.13,0.58,0.07,0.01,0.01,0.02,0.05,167.79,0.0,
764,2026-08-18 01:30:00+00:00,BTCUSDT,SHORT,EXECUTED,TIME_CLOSE_EXIT,LOW_RISK,2.52,3.8,9.44,0.42,0.8,0.37,0.1,8.0,0.76,0.01,0.01,0.02,0.74,168.53,0.0,
765,2026-08-18 01:30:00+00:00,ETHUSDT,SHORT,EXECUTED,TAKE_PROFIT_HIT,LOW_RISK,3.37,3.8,12.64,0.87,0.8,1.02,0.15,0.87,0.11,0.01,0.01,0.02,0.09,168.61,0.0,
766,2026-08-18 04:45:00+00:00,SOLUSDT,LONG,EXECUTED,TAKE_PROFIT_HIT,LOW_RISK,2.53,3.8,9.48,0.46,0.8,0.57,0.33,0.46,0.04,0.01,0.01,0.02,0.03,168.64,0.0,
767,2026-08-18 05:45:00+00:00,BTCUSDT,LONG,EXECUTED,TIME_CLOSE_EXIT,LOW_RISK,2.53,3.8,9.49,0.42,0.8,0.32,0.24,3.0,0.28,0.01,0.01,0.02,0.27,168.91,0.0,
768,2026-08-18 06:15:00+00:00,XRPUSDT,LONG,EXECUTED,TIME_CLOSE_EXIT,MEDIUM_RISK,0.42,3.0,1.27,0.42,0.8,0.15,0.68,1.0,0.01,0.0,0.0,0.0,0.01,168.92,0.0,
769,2026-08-18 06:30:00+00:00,ETHUSDT,LONG,EXECUTED,TIME_CLOSE_EXIT,LOW_RISK,0.84,3.8,3.17,0.42,0.8,0.08,0.61,0.0,0.0,0.0,0.0,0.01,-0.01,168.91,0.0,
770,2026-08-18 08:00:00+00:00,BTCUSDT,SHORT,EXECUTED,TIME_CLOSE_EXIT,LOW_RISK,0.84,3.8,3.17,0.42,0.8,0.11,0.28,0.0,0.0,0.0,0.0,0.01,-0.01,168.91,0.01,
771,2026-08-18 08:15:00+00:00,ETHUSDT,SHORT,EXECUTED,TIME_CLOSE_EXIT,LOW_RISK,0.84,3.8,3.17,0.42,0.8,0.03,0.21,0.0,0.0,0.0,0.0,0.01,-0.01,168.9,0.01,
772,2026-08-18 08:15:00+00:00,XRPUSDT,SHORT,EXECUTED,TIME_CLOSE_EXIT,LOW_RISK,0.84,3.8,3.17,0.42,0.8,0.15,0.24,0.0,0.0,0.0,0.0,0.01,-0.01,168.9,0.01,
773,2026-08-18 08:30:00+00:00,ETHUSDT,LONG,EXECUTED,TIME_CLOSE_EXIT,LOW_RISK,0.84,3.8,3.17,0.42,0.8,0.1,0.23,0.0,0.0,0.0,0.0,0.01,-0.01,168.89,0.02,
774,2026-08-18 08:30:00+00:00,XRPUSDT,LONG,EXECUTED,TIME_CLOSE_EXIT,LOW_RISK,0.84,3.8,3.17,0.42,0.8,0.08,0.27,0.0,0.0,0.0,0.0,0.01,-0.01,168.89,0.02,
775,2026-08-18 08:45:00+00:00,BTCUSDT,LONG,EXECUTED,TIME_CLOSE_EXIT,LOW_RISK,0.84,3.8,3.17,0.42,0.8,0.0,0.23,0.0,0.0,0.0,0.0,0.01,-0.01,168.88,0.02,
776,2026-08-18 09:15:00+00:00,XRPUSDT,SHORT,EXECUTED,TIME_CLOSE_EXIT,LOW_RISK,0.84,3.8,3.17,0.42,0.8,0.04,0.29,0.0,0.0,0.0,0.0,0.01,-0.01,168.87,0.03,
777,2026-08-18 09:15:00+00:00,ETHUSDT,SHORT,EXECUTED,TIME_CLOSE_EXIT,LOW_RISK,0.84,3.8,3.17,0.42,0.8,0.06,0.3,3.0,0.09,0.0,0.0,0.01,0.09,168.96,0.0,
778,2026-08-18 09:15:00+00:00,BTCUSDT,SHORT,EXECUTED,TIME_CLOSE_EXIT,LOW_RISK,0.84,3.8,3.17,0.42,0.8,0.06,0.33,4.0,0.13,0.0,0.0,0.01,0.12,169.08,0.0,
779,2026-08-18 10:15:00+00:00,SOLUSDT,SHORT,EXECUTED,TIME_CLOSE_EXIT,LOW_RISK,0.85,3.8,3.17,0.42,0.8,0.03,0.33,0.0,0.0,0.0,0.0,0.01,-0.01,169.08,0.0,
780,2026-08-18 10:30:00+00:00,DOGEUSDT,LONG,EXECUTED,TIME_CLOSE_EXIT,LOW_RISK,0.85,3.8,3.17,0.42,0.8,0.11,0.17,3.0,0.1,0.0,0.0,0.01,0.09,169.17,0.0,
781,2026-08-18 11:00:00+00:00,SOLUSDT,LONG,EXECUTED,TAKE_PROFIT_HIT,LOW_RISK,3.38,3.8,12.69,1.22,0.8,1.76,0.32,1.22,0.16,0.01,0.01,0.02,0.13,169.3,0.0,
782,2026-08-18 11:00:00+00:00,XRPUSDT,LONG,EXECUTED,TAKE_PROFIT_HIT,LOW_RISK,3.39,3.8,12.7,0.67,0.8,0.91,0.17,0.67,0.09,0.01,0.01,0.02,0.06,169.36,0.0,
783,2026-08-18 11:00:00+00:00,ETHUSDT,LONG,EXECUTED,TIME_CLOSE_EXIT,LOW_RISK,0.85,3.8,3.18,0.42,0.8,0.19,0.33,1.0,0.03,0.0,0.0,0.01,0.03,169.39,0.0,
784,2026-08-18 11:15:00+00:00,BTCUSDT,LONG,EXECUTED,TIME_CLOSE_EXIT,LOW_RISK,0.85,3.8,3.18,0.42,0.8,0.04,0.48,2.0,0.06,0.0,0.0,0.01,0.06,169.45,0.0,
785,2026-08-18 12:45:00+00:00,DOGEUSDT,SHORT,REJECTED,,,,,,,,,,,,,,,0.0,169.4464020097477,,High Risk + Low Quality + Low Profit
786,2026-08-18 13:15:00+00:00,BTCUSDT,SHORT,REJECTED,,,,,,,,,,,,,,,0.0,169.4464020097477,,High Risk + Low Quality + Low Profit
787,2026-08-18 13:15:00+00:00,ETHUSDT,SHORT,REJECTED,,,,,,,,,,,,,,,0.0,169.4464020097477,,High Risk + Low Quality + Low Profit
788,2026-08-18 14:15:00+00:00,BTCUSDT,LONG,REJECTED,,,,,,,,,,,,,,,0.0,169.4464020097477,,High Risk + Low Quality + Low Profit
789,2026-08-18 14:15:00+00:00,ETHUSDT,LONG,REJECTED,,,,,,,,,,,,,,,0.0,169.4464020097477,,High Risk + Low Quality + Low Profit
790,2026-08-18 14:15:00+00:00,DOGEUSDT,LONG,REJECTED,,,,,,,,,,,,,,,0.0,169.4464020097477,,High Risk + Low Quality + Low Profit
791,2026-08-18 20:00:00+00:00,BTCUSDT,SHORT,EXECUTED,TIME_CLOSE_EXIT,LOW_RISK,2.54,3.8,9.53,0.42,0.8,0.14,0.12,9.0,0.86,0.01,0.01,0.02,0.84,170.29,0.0,
792,2026-08-18 20:30:00+00:00,XRPUSDT,SHORT,EXECUTED,TIME_CLOSE_EXIT,LOW_RISK,0.85,3.8,3.19,0.42,0.8,0.15,0.3,1.0,0.03,0.0,0.0,0.01,0.03,170.31,0.0,
793,2026-08-18 21:00:00+00:00,DOGEUSDT,SHORT,EXECUTED,TAKE_PROFIT_HIT,LOW_RISK,3.41,3.8,12.77,0.42,0.8,0.54,0.09,0.43,0.05,0.01,0.01,0.02,0.03,170.34,0.0,
794,2026-08-18 21:00:00+00:00,SOLUSDT,SHORT,EXECUTED,TIME_CLOSE_EXIT,LOW_RISK,0.85,3.8,3.19,0.42,0.8,0.16,0.27,7.0,0.22,0.0,0.0,0.01,0.22,170.56,0.0,
795,2026-08-18 21:15:00+00:00,ETHUSDT,SHORT,EXECUTED,TIME_CLOSE_EXIT,LOW_RISK,0.85,3.8,3.2,0.42,0.8,0.13,0.19,1.0,0.03,0.0,0.0,0.01,0.03,170.59,0.0,
796,2026-08-18 23:00:00+00:00,SOLUSDT,LONG,EXECUTED,TIME_CLOSE_EXIT,LOW_RISK,0.85,3.8,3.2,0.42,0.8,0.17,0.29,2.0,0.06,0.0,0.0,0.01,0.06,170.65,0.0,
797,2026-08-18 23:00:00+00:00,XRPUSDT,LONG,EXECUTED,TIME_CLOSE_EXIT,LOW_RISK,0.85,3.8,3.2,0.42,0.8,0.09,0.42,1.0,0.03,0.0,0.0,0.01,0.03,170.67,0.0,
798,2026-08-18 23:00:00+00:00,ETHUSDT,LONG,EXECUTED,TIME_CLOSE_EXIT,LOW_RISK,0.85,3.8,3.2,0.42,0.8,0.18,0.24,3.0,0.1,0.0,0.0,0.01,0.09,170.76,0.0,
799,2026-08-18 23:15:00+00:00,BTCUSDT,LONG,EXECUTED,TIME_CLOSE_EXIT,LOW_RISK,0.85,3.8,3.2,0.42,0.8,0.09,0.27,2.0,0.06,0.0,0.0,0.01,0.06,170.82,0.0,
800,2026-08-19 00:00:00+00:00,XRPUSDT,SHORT,EXECUTED,TIME_CLOSE_EXIT,LOW_RISK,0.85,3.8,3.2,0.42,0.8,0.26,0.36,4.0,0.13,0.0,0.0,0.01,0.12,170.94,0.0,
801,2026-08-19 00:00:00+00:00,SOLUSDT,SHORT,EXECUTED,TIME_CLOSE_EXIT,LOW_RISK,0.85,3.8,3.21,0.42,0.8,0.33,0.3,5.0,0.16,0.0,0.0,0.01,0.15,171.1,0.0,
802,2026-08-19 00:15:00+00:00,BTCUSDT,SHORT,EXECUTED,TAKE_PROFIT_HIT,LOW_RISK,3.42,3.8,12.83,0.58,0.8,0.68,0.1,0.58,0.07,0.01,0.01,0.02,0.05,171.15,0.0,
803,2026-08-19 01:45:00+00:00,ETHUSDT,SHORT,EXECUTED,TIME_CLOSE_EXIT,LOW_RISK,3.05,3.8,11.44,0.42,0.8,0.4,0.21,17.0,1.94,0.01,0.01,0.02,1.92,173.07,0.0,
804,2026-08-19 03:30:00+00:00,XRPUSDT,LONG,EXECUTED,TAKE_PROFIT_HIT,LOW_RISK,3.46,1.9,6.46,5.36,1.61,13.54,0.17,5.36,0.35,0.01,0.01,0.01,0.33,173.41,0.0,
805,2026-08-19 03:45:00+00:00,SOLUSDT,LONG,EXECUTED,TIME_CLOSE_EXIT,LOW_RISK,0.87,3.8,3.25,0.42,0.8,0.18,0.26,2.0,0.07,0.0,0.0,0.01,0.06,173.47,0.0,
806,2026-08-19 05:30:00+00:00,SOLUSDT,SHORT,EXECUTED,TIME_CLOSE_EXIT,LOW_RISK,2.6,3.8,9.76,0.42,0.8,0.34,0.36,2.0,0.2,0.01,0.01,0.02,0.18,173.64,0.0,
807,2026-08-19 06:45:00+00:00,DOGEUSDT,LONG,EXECUTED,TIME_CLOSE_EXIT,LOW_RISK,0.87,3.8,3.26,0.42,0.8,0.19,0.24,0.0,0.0,0.0,0.0,0.01,-0.01,173.64,0.0,
808,2026-08-19 06:45:00+00:00,SOLUSDT,LONG,EXECUTED,TAKE_PROFIT_HIT,LOW_RISK,3.47,1.9,6.48,5.36,1.61,13.16,0.19,5.36,0.35,0.01,0.01,0.01,0.34,173.97,0.0,
809,2026-08-19 06:45:00+00:00,ETHUSDT,LONG,EXECUTED,TAKE_PROFIT_HIT,LOW_RISK,3.48,1.9,6.49,5.36,1.61,21.69,0.29,5.36,0.35,0.01,0.01,0.01,0.34,174.31,0.0,
810,2026-08-19 07:45:00+00:00,DOGEUSDT,SHORT,EXECUTED,TIME_CLOSE_EXIT,LOW_RISK,0.87,3.8,3.27,0.42,0.8,0.07,0.46,1.0,0.03,0.0,0.0,0.01,0.03,174.34,0.0,
811,2026-08-19 08:30:00+00:00,BTCUSDT,LONG,EXECUTED,TAKE_PROFIT_HIT,LOW_RISK,3.49,1.9,6.5,5.36,1.61,8.61,0.25,5.36,0.35,0.01,0.01,0.01,0.34,174.67,0.0,
812,2026-08-19 08:30:00+00:00,DOGEUSDT,LONG,EXECUTED,TIME_CLOSE_EXIT,LOW_RISK,0.87,3.8,3.28,0.42,0.8,0.13,0.3,53.0,1.74,0.0,0.0,0.01,1.73,176.4,0.0,
813,2026-08-20 02:45:00+00:00,SOLUSDT,SHORT,EXECUTED,TAKE_PROFIT_HIT,LOW_RISK,3.53,3.8,13.23,0.71,0.8,0.91,0.35,0.71,0.09,0.01,0.01,0.02,0.07,176.48,0.0,
814,2026-08-20 03:00:00+00:00,XRPUSDT,SHORT,REJECTED,,,,,,,,,,,,,,,0.0,176.47510752537727,,High Risk + Low Quality + Low Profit
815,2026-08-20 03:00:00+00:00,BTCUSDT,SHORT,REJECTED,,,,,,,,,,,,,,,0.0,176.47510752537727,,High Risk + Low Quality + Low Profit
816,2026-08-20 03:45:00+00:00,DOGEUSDT,SHORT,REJECTED,,,,,,,,,,,,,,,0.0,176.47510752537727,,High Risk + Low Quality + Low Profit
817,2026-08-20 04:45:00+00:00,BTCUSDT,LONG,EXECUTED,TAKE_PROFIT_HIT,LOW_RISK,3.53,1.9,6.58,5.36,1.61,14.4,0.22,5.36,0.35,0.01,0.01,0.01,0.34,176.82,0.0,
818,2026-08-20 05:30:00+00:00,SOLUSDT,LONG,EXECUTED,TAKE_PROFIT_HIT,LOW_RISK,3.54,3.8,13.26,2.53,0.8,3.65,0.35,2.53,0.34,0.01,0.01,0.02,0.31,177.13,0.0,
819,2026-08-20 05:30:00+00:00,XRPUSDT,LONG,EXECUTED,TAKE_PROFIT_HIT,LOW_RISK,3.54,1.9,6.61,5.36,1.61,21.55,0.5,5.36,0.35,0.01,0.01,0.01,0.34,177.47,0.0,
820,2026-08-20 06:00:00+00:00,ETHUSDT,SHORT,REJECTED,,,,,,,,,,,,,,,0.0,177.47054700327234,,High Risk + Low Quality + Low Profit
821,2026-08-20 06:30:00+00:00,ETHUSDT,LONG,EXECUTED,TAKE_PROFIT_HIT,HIGH_RISK,0.89,1.5,1.33,1.94,0.85,2.56,0.8,1.94,0.03,0.0,0.0,0.0,0.02,177.49,0.0,
822,2026-08-20 06:45:00+00:00,DOGEUSDT,LONG,EXECUTED,TAKE_PROFIT_HIT,LOW_RISK,3.55,1.9,6.62,5.36,1.61,10.97,0.39,5.36,0.35,0.01,0.01,0.01,0.34,177.84,0.0,
823,2026-08-20 13:30:00+00:00,SOLUSDT,SHORT,EXECUTED,TAKE_PROFIT_HIT,HIGH_RISK,0.79,1.5,1.19,0.58,0.84,0.7,0.81,0.58,0.01,0.0,0.0,0.0,0.0,177.84,0.0,
824,2026-08-20 14:00:00+00:00,ETHUSDT,SHORT,REJECTED,,,,,,,,,,,,,,,0.0,177.84181278555508,,High Risk + Low Quality + Low Profit
825,2026-08-20 15:00:00+00:00,ETHUSDT,LONG,EXECUTED,TAKE_PROFIT_HIT,MEDIUM_RISK,1.78,3.0,5.34,1.94,0.8,2.71,0.72,1.94,0.1,0.0,0.01,0.01,0.09,177.94,0.0,
826,2026-08-20 15:45:00+00:00,SOLUSDT,LONG,REJECTED,,,,,,,,,,,,,,,0.0,177.93587865559175,,High Risk + Low Quality + Low Profit
827,2026-08-20 18:45:00+00:00,SOLUSDT,SHORT,EXECUTED,TIME_CLOSE_EXIT,MEDIUM_RISK,0.44,3.0,1.33,0.42,0.8,0.02,0.7,1.0,0.01,0.0,0.0,0.0,0.01,177.95,0.0,
828,2026-08-20 19:00:00+00:00,XRPUSDT,SHORT,REJECTED,,,,,,,,,,,,,,,0.0,177.94682171212906,,High Risk + Low Quality + Low Profit
829,2026-08-20 19:15:00+00:00,SOLUSDT,LONG,EXECUTED,TAKE_PROFIT_HIT,LOW_RISK,3.56,1.9,6.64,5.36,1.61,6.96,0.24,5.36,0.36,0.01,0.01,0.01,0.34,178.29,0.0,
830,2026-08-20 19:30:00+00:00,DOGEUSDT,SHORT,EXECUTED,TAKE_PROFIT_HIT,HIGH_RISK,0.67,1.5,1.0,0.87,1.03,1.1,0.93,0.87,0.01,0.0,0.0,0.0,0.01,178.3,0.0,
831,2026-08-20 21:00:00+00:00,ETHUSDT,SHORT,EXECUTED,TAKE_PROFIT_HIT,HIGH_RISK,0.89,1.5,1.34,0.48,0.84,0.66,0.78,0.48,0.01,0.0,0.0,0.0,0.0,178.3,0.0,
832,2026-08-20 21:45:00+00:00,XRPUSDT,LONG,EXECUTED,TAKE_PROFIT_HIT,LOW_RISK,3.57,1.9,6.65,5.36,1.61,13.68,0.34,5.36,0.36,0.01,0.01,0.01,0.34,178.65,0.0,
833,2026-08-20 23:15:00+00:00,ETHUSDT,LONG,EXECUTED,TAKE_PROFIT_HIT,LOW_RISK,3.57,2.9,10.4,3.43,1.03,5.0,0.41,3.43,0.36,0.01,0.01,0.02,0.34,178.98,0.0,
834,2026-08-20 23:45:00+00:00,DOGEUSDT,LONG,EXECUTED,TAKE_PROFIT_HIT,LOW_RISK,3.58,1.9,6.68,5.36,1.61,6.59,0.35,5.36,0.36,0.01,0.01,0.01,0.35,179.33,0.0,
835,2026-08-21 11:30:00+00:00,ETHUSDT,SHORT,EXECUTED,TAKE_PROFIT_HIT,HIGH_RISK,0.22,1.5,0.34,0.58,1.16,0.71,1.05,0.58,0.0,0.0,0.0,0.0,0.0,179.33,0.0,
836,2026-08-21 11:45:00+00:00,SOLUSDT,SHORT,REJECTED,,,,,,,,,,,,,,,0.0,179.332093781744,,High Risk + Low Quality + Low Profit
837,2026-08-21 11:45:00+00:00,DOGEUSDT,SHORT,REJECTED,,,,,,,,,,,,,,,0.0,179.332093781744,,High Risk + Low Quality + Low Profit
838,2026-08-21 12:15:00+00:00,BTCUSDT,SHORT,REJECTED,,,,,,,,,,,,,,,0.0,179.332093781744,,High Risk + Low Quality + Low Profit
839,2026-08-21 13:30:00+00:00,ETHUSDT,LONG,REJECTED,,,,,,,,,,,,,,,0.0,179.332093781744,,High Risk + Low Quality + Low Profit
840,2026-08-21 13:30:00+00:00,DOGEUSDT,LONG,REJECTED,,,,,,,,,,,,,,,0.0,179.332093781744,,High Risk + Low Quality + Low Profit
841,2026-08-21 13:45:00+00:00,BTCUSDT,LONG,EXECUTED,TAKE_PROFIT_HIT,MEDIUM_RISK,1.61,3.0,4.82,0.46,0.8,0.56,0.73,0.46,0.02,0.0,0.0,0.01,0.01,179.35,0.0,
842,2026-08-21 14:00:00+00:00,DOGEUSDT,SHORT,REJECTED,,,,,,,,,,,,,,,0.0,179.34554260900043,,High Risk + Low Quality + Low Profit
843,2026-08-21 14:00:00+00:00,BTCUSDT,SHORT,REJECTED,,,,,,,,,,,,,,,0.0,179.34554260900043,,High Risk + Low Quality + Low Profit
844,2026-08-21 14:00:00+00:00,ETHUSDT,SHORT,EXECUTED,TIME_CLOSE_EXIT,LOW_RISK,0.9,3.8,3.36,0.42,0.8,0.22,0.55,1.0,0.03,0.0,0.0,0.01,0.03,179.37,0.0,
845,2026-08-21 14:15:00+00:00,ETHUSDT,LONG,REJECTED,,,,,,,,,,,,,,,0.0,179.37311698617657,,High Risk + Low Quality + Low Profit
846,2026-08-21 14:15:00+00:00,SOLUSDT,LONG,EXECUTED,TAKE_PROFIT_HIT,LOW_RISK,3.21,3.8,12.05,0.67,0.8,0.92,0.62,0.67,0.08,0.01,0.01,0.02,0.06,179.43,0.0,
847,2026-08-21 14:30:00+00:00,ETHUSDT,SHORT,EXECUTED,TIME_CLOSE_EXIT,LOW_RISK,0.9,3.8,3.36,0.42,0.8,0.38,0.49,0.0,0.0,0.0,0.0,0.01,-0.01,179.43,0.0,
848,2026-08-21 14:30:00+00:00,DOGEUSDT,LONG,EXECUTED,TAKE_PROFIT_HIT,HIGH_RISK,0.9,1.5,1.35,5.36,1.61,20.01,1.18,5.36,0.07,0.0,0.0,0.0,0.07,179.5,0.0,
849,2026-08-21 14:45:00+00:00,ETHUSDT,LONG,EXECUTED,TAKE_PROFIT_HIT,LOW_RISK,3.59,1.9,6.7,5.36,1.61,6.4,0.4,5.36,0.36,0.01,0.01,0.01,0.35,179.84,0.0,
850,2026-08-21 15:00:00+00:00,BTCUSDT,LONG,REJECTED,,,,,,,,,,,,,,,0.0,179.84295666804215,,High Risk + Low Quality + Low Profit
851,2026-08-21 17:30:00+00:00,XRPUSDT,SHORT,EXECUTED,STOP_LOSS_HIT,HIGH_RISK,0.22,1.5,0.34,1.05,1.76,1.36,1.86,-1.76,-0.01,0.0,0.0,0.0,-0.01,179.84,0.0,
852,2026-08-21 18:30:00+00:00,BTCUSDT,SHORT,REJECTED,,,,,,,,,,,,,,,0.0,179.8363997559817,,High Risk + Low Quality + Low Profit
853,2026-08-21 19:30:00+00:00,SOLUSDT,SHORT,REJECTED,,,,,,,,,,,,,,,0.0,179.8363997559817,,High Risk + Low Quality + Low Profit
854,2026-08-21 20:30:00+00:00,BTCUSDT,LONG,EXECUTED,TAKE_PROFIT_HIT,LOW_RISK,3.6,3.8,13.49,1.22,0.8,1.66,0.2,1.22,0.17,0.01,0.01,0.02,0.14,179.98,0.0,
855,2026-08-21 20:30:00+00:00,SOLUSDT,LONG,EXECUTED,STOP_LOSS_HIT,HIGH_RISK,0.9,1.0,0.91,5.36,2.95,11.84,4.51,-2.95,-0.03,0.0,0.0,0.0,-0.03,179.95,0.02,
856,2026-08-21 21:30:00+00:00,XRPUSDT,LONG,EXECUTED,TAKE_PROFIT_HIT,HIGH_RISK,0.9,1.4,1.23,5.36,2.19,20.92,1.98,5.36,0.07,0.0,0.0,0.0,0.06,180.01,0.0,
857,2026-08-22 01:30:00+00:00,BTCUSDT,SHORT,EXECUTED,TIME_CLOSE_EXIT,MEDIUM_RISK,0.45,3.0,1.35,0.42,0.8,0.17,0.71,2.0,0.03,0.0,0.0,0.0,0.02,180.04,0.0,
858,2026-08-22 02:15:00+00:00,BTCUSDT,LONG,REJECTED,,,,,,,,,,,,,,,0.0,180.0370785958097,,High Risk + Low Quality + Low Profit
859,2026-08-22 05:00:00+00:00,ETHUSDT,SHORT,EXECUTED,TAKE_PROFIT_HIT,HIGH_RISK,0.23,1.0,0.23,2.03,3.0,2.46,2.99,2.03,0.0,0.0,0.0,0.0,0.0,180.04,0.0,
860,2026-08-22 05:00:00+00:00,BTCUSDT,SHORT,EXECUTED,TAKE_PROFIT_HIT,HIGH_RISK,0.23,1.5,0.34,0.87,1.76,1.08,1.61,0.87,0.0,0.0,0.0,0.0,0.0,180.04,0.0,
861,2026-08-22 05:30:00+00:00,DOGEUSDT,SHORT,EXECUTED,STOP_LOSS_HIT,HIGH_RISK,0.23,1.0,0.23,2.03,3.0,2.82,4.09,-3.0,-0.01,0.0,0.0,0.0,-0.01,180.04,0.0,
862,2026-08-22 05:45:00+00:00,SOLUSDT,SHORT,EXECUTED,TAKE_PROFIT_HIT,HIGH_RISK,0.9,1.5,1.35,2.58,1.5,3.07,1.37,2.58,0.03,0.0,0.0,0.0,0.03,180.07,0.0,
863,2026-08-22 08:30:00+00:00,XRPUSDT,SHORT,EXECUTED,TAKE_PROFIT_HIT,HIGH_RISK,0.9,1.5,1.35,5.29,1.59,6.26,1.33,5.29,0.07,0.0,0.0,0.0,0.07,180.14,0.0,
864,2026-08-22 12:45:00+00:00,ETHUSDT,LONG,EXECUTED,TIME_CLOSE_EXIT,LOW_RISK,0.9,3.8,3.38,0.42,0.8,0.21,0.56,4.0,0.14,0.0,0.0,0.01,0.13,180.27,0.0,
865,2026-08-22 12:45:00+00:00,SOLUSDT,LONG,EXECUTED,TAKE_PROFIT_HIT,LOW_RISK,0.9,3.8,3.38,0.42,0.8,0.5,0.56,0.43,0.01,0.0,0.0,0.01,0.01,180.28,0.0,
866,2026-08-22 12:45:00+00:00,BTCUSDT,LONG,EXECUTED,TIME_CLOSE_EXIT,LOW_RISK,0.9,3.8,3.38,0.42,0.8,0.11,0.24,0.0,0.0,0.0,0.0,0.01,-0.01,180.27,0.0,
867,2026-08-22 13:00:00+00:00,DOGEUSDT,LONG,EXECUTED,TAKE_PROFIT_HIT,HIGH_RISK,0.9,1.5,1.35,0.46,1.51,0.62,1.37,0.46,0.01,0.0,0.0,0.0,0.0,180.27,0.0,
868,2026-08-22 13:30:00+00:00,BTCUSDT,SHORT,EXECUTED,TIME_CLOSE_EXIT,LOW_RISK,0.9,3.8,3.38,0.42,0.8,0.04,0.27,0.0,0.0,0.0,0.0,0.01,-0.01,180.27,0.0,
869,2026-08-22 13:45:00+00:00,BTCUSDT,LONG,EXECUTED,TIME_CLOSE_EXIT,LOW_RISK,0.9,3.8,3.38,0.42,0.8,0.09,0.44,0.0,0.0,0.0,0.0,0.01,-0.01,180.26,0.01,
870,2026-08-22 14:00:00+00:00,ETHUSDT,SHORT,EXECUTED,TAKE_PROFIT_HIT,LOW_RISK,0.9,3.8,3.38,0.42,0.8,0.54,0.53,0.43,0.01,0.0,0.0,0.01,0.01,180.27,0.0,
871,2026-08-22 14:00:00+00:00,BTCUSDT,SHORT,EXECUTED,TIME_CLOSE_EXIT,LOW_RISK,0.9,3.8,3.38,0.42,0.8,0.19,0.56,5.0,0.17,0.0,0.0,0.01,0.16,180.43,0.0,
872,2026-08-22 14:15:00+00:00,DOGEUSDT,SHORT,EXECUTED,TAKE_PROFIT_HIT,HIGH_RISK,0.9,1.5,1.35,1.05,1.31,1.39,1.27,1.05,0.01,0.0,0.0,0.0,0.01,180.44,0.0,
873,2026-08-22 14:30:00+00:00,SOLUSDT,SHORT,REJECTED,,,,,,,,,,,,,,,0.0,180.443464047896,,High Risk + Low Quality + Low Profit
874,2026-08-22 16:30:00+00:00,BTCUSDT,LONG,EXECUTED,TIME_CLOSE_EXIT,LOW_RISK,0.9,3.8,3.38,0.42,0.8,0.2,0.48,1.0,0.03,0.0,0.0,0.01,0.03,180.47,0.0,
875,2026-08-22 16:30:00+00:00,DOGEUSDT,LONG,EXECUTED,TAKE_PROFIT_HIT,MEDIUM_RISK,1.8,3.0,5.41,2.53,0.8,3.87,0.71,2.53,0.14,0.0,0.01,0.01,0.13,180.6,0.0,
876,2026-08-22 16:30:00+00:00,SOLUSDT,LONG,REJECTED,,,,,,,,,,,,,,,0.0,180.59857884559844,,High Risk + Low Quality + Low Profit
877,2026-08-22 17:00:00+00:00,ETHUSDT,LONG,EXECUTED,TAKE_PROFIT_HIT,LOW_RISK,3.61,3.8,13.54,0.67,0.8,0.85,0.48,0.67,0.09,0.01,0.01,0.02,0.07,180.67,0.0,
878,2026-08-22 18:00:00+00:00,XRPUSDT,LONG,EXECUTED,TAKE_PROFIT_HIT,HIGH_RISK,0.9,1.4,1.24,1.94,2.19,2.3,2.03,1.94,0.02,0.0,0.0,0.0,0.02,180.69,0.0,
879,2026-08-22 21:15:00+00:00,ETHUSDT,SHORT,EXECUTED,TAKE_PROFIT_HIT,LOW_RISK,3.61,3.8,13.55,0.58,0.8,0.76,0.5,0.58,0.08,0.01,0.01,0.02,0.05,180.74,0.0,
880,2026-08-22 21:15:00+00:00,BTCUSDT,SHORT,EXECUTED,TAKE_PROFIT_HIT,LOW_RISK,3.61,3.8,13.56,0.42,0.8,0.53,0.22,0.43,0.06,0.01,0.01,0.02,0.03,180.77,0.0,
881,2026-08-22 21:15:00+00:00,SOLUSDT,SHORT,EXECUTED,STOP_LOSS_HIT,HIGH_RISK,0.9,1.0,0.9,1.05,3.0,1.33,3.46,-3.0,-0.03,0.0,0.0,0.0,-0.03,180.75,0.02,
882,2026-08-22 21:30:00+00:00,XRPUSDT,SHORT,EXECUTED,STOP_LOSS_HIT,HIGH_RISK,0.23,1.0,0.23,1.05,3.0,1.38,3.61,-3.0,-0.01,0.0,0.0,0.0,-0.01,180.74,0.02,
883,2026-08-22 22:00:00+00:00,DOGEUSDT,SHORT,EXECUTED,TAKE_PROFIT_HIT,HIGH_RISK,0.9,1.4,1.25,1.05,2.17,1.44,2.04,1.05,0.01,0.0,0.0,0.0,0.01,180.75,0.01,
884,2026-08-23 00:30:00+00:00,ETHUSDT,LONG,EXECUTED,TIME_CLOSE_EXIT,LOW_RISK,3.24,3.8,12.15,0.42,0.8,0.33,0.57,1.0,0.12,0.01,0.01,0.02,0.1,180.85,0.0,
885,2026-08-23 00:30:00+00:00,BTCUSDT,LONG,EXECUTED,TIME_CLOSE_EXIT,LOW_RISK,0.9,3.8,3.39,0.42,0.8,0.15,0.36,2.0,0.07,0.0,0.0,0.01,0.06,180.91,0.0,
886,2026-08-23 00:30:00+00:00,SOLUSDT,LONG,EXECUTED,STOP_LOSS_HIT,HIGH_RISK,0.23,1.0,0.23,0.67,2.95,0.89,3.03,-2.95,-0.01,0.0,0.0,0.0,-0.01,180.9,0.0,
887,2026-08-23 00:45:00+00:00,XRPUSDT,LONG,REJECTED,,,,,,,,,,,,,,,0.0,180.90314501942382,,High Risk + Low Quality + Low Profit
888,2026-08-23 00:45:00+00:00,DOGEUSDT,LONG,REJECTED,,,,,,,,,,,,,,,0.0,180.90314501942382,,High Risk + Low Quality + Low Profit
889,2026-08-23 02:00:00+00:00,ETHUSDT,SHORT,EXECUTED,TAKE_PROFIT_HIT,LOW_RISK,3.62,3.8,13.57,2.03,0.8,2.41,0.44,2.03,0.28,0.01,0.01,0.02,0.25,181.15,0.0,
890,2026-08-23 02:15:00+00:00,DOGEUSDT,SHORT,EXECUTED,TAKE_PROFIT_HIT,HIGH_RISK,0.91,1.5,1.36,2.58,1.16,3.19,1.08,2.58,0.03,0.0,0.0,0.0,0.03,181.19,0.0,
891,2026-08-23 02:45:00+00:00,BTCUSDT,SHORT,EXECUTED,TAKE_PROFIT_HIT,LOW_RISK,3.62,3.8,13.59,1.61,0.8,1.99,0.2,1.61,0.22,0.01,0.01,0.02,0.19,181.38,0.0,
892,2026-08-23 03:15:00+00:00,XRPUSDT,SHORT,EXECUTED,TAKE_PROFIT_HIT,HIGH_RISK,0.91,1.5,1.36,2.03,1.31,2.77,1.27,2.03,0.03,0.0,0.0,0.0,0.03,181.41,0.0,
893,2026-08-23 03:30:00+00:00,SOLUSDT,SHORT,EXECUTED,TAKE_PROFIT_HIT,HIGH_RISK,0.91,1.5,1.36,1.61,0.93,2.06,0.82,1.61,0.02,0.0,0.0,0.0,0.02,181.43,0.0,
894,2026-08-23 08:15:00+00:00,XRPUSDT,LONG,EXECUTED,TAKE_PROFIT_HIT,HIGH_RISK,0.91,1.5,1.36,3.43,1.51,4.91,1.41,3.43,0.05,0.0,0.0,0.0,0.04,181.47,0.0,
895,2026-08-23 08:15:00+00:00,ETHUSDT,LONG,EXECUTED,TAKE_PROFIT_HIT,MEDIUM_RISK,1.81,3.0,5.44,2.53,0.8,3.23,0.7,2.53,0.14,0.0,0.01,0.01,0.13,181.6,0.0,
896,2026-08-23 08:30:00+00:00,DOGEUSDT,LONG,EXECUTED,TAKE_PROFIT_HIT,HIGH_RISK,0.91,1.5,1.36,2.53,1.16,3.46,1.04,2.53,0.03,0.0,0.0,0.0,0.03,181.63,0.0,
897,2026-08-23 09:00:00+00:00,SOLUSDT,LONG,EXECUTED,TAKE_PROFIT_HIT,LOW_RISK,3.63,3.8,13.62,1.94,0.8,2.79,0.43,1.94,0.26,0.01,0.01,0.02,0.24,181.87,0.0,
898,2026-08-23 09:15:00+00:00,BTCUSDT,LONG,EXECUTED,TAKE_PROFIT_HIT,LOW_RISK,3.64,3.8,13.64,1.53,0.8,1.96,0.12,1.53,0.21,0.01,0.01,0.02,0.18,182.05,0.0,
899,2026-08-23 16:15:00+00:00,DOGEUSDT,SHORT,REJECTED,,,,,,,,,,,,,,,0.0,182.05405238446676,,High Risk + Low Quality + Low Profit
900,2026-08-23 17:15:00+00:00,DOGEUSDT,LONG,EXECUTED,TIME_CLOSE_EXIT,LOW_RISK,0.91,3.8,3.41,0.42,0.8,0.41,0.64,3.0,0.1,0.0,0.0,0.01,0.1,182.15,0.0,
901,2026-08-23 18:00:00+00:00,DOGEUSDT,LONG,REJECTED,,,,,,,,,,,,,,,0.0,182.15031346466503,,High Risk + Low Quality + Low Profit
902,2026-08-23 19:15:00+00:00,DOGEUSDT,SHORT,EXECUTED,TIME_CLOSE_EXIT,LOW_RISK,0.91,3.8,3.42,0.42,0.8,0.19,0.52,1.0,0.03,0.0,0.0,0.01,0.03,182.18,0.0,
903,2026-08-23 19:15:00+00:00,SOLUSDT,SHORT,EXECUTED,TIME_CLOSE_EXIT,LOW_RISK,0.91,3.8,3.42,0.42,0.8,0.12,0.31,1.0,0.03,0.0,0.0,0.01,0.03,182.21,0.0,
904,2026-08-23 19:15:00+00:00,XRPUSDT,SHORT,REJECTED,,,,,,,,,,,,,,,0.0,182.20632899191807,,High Risk + Low Quality + Low Profit
905,2026-08-23 19:30:00+00:00,SOLUSDT,LONG,EXECUTED,TIME_CLOSE_EXIT,LOW_RISK,0.91,3.8,3.42,0.42,0.8,0.05,0.49,1.0,0.03,0.0,0.0,0.01,0.03,182.23,0.0,
906,2026-08-23 19:30:00+00:00,DOGEUSDT,LONG,REJECTED,,,,,,,,,,,,,,,0.0,182.23434321500056,,High Risk + Low Quality + Low Profit
907,2026-08-23 19:45:00+00:00,SOLUSDT,SHORT,REJECTED,,,,,,,,,,,,,,,0.0,182.23434321500056,,High Risk + Low Quality + Low Profit
908,2026-08-23 19:45:00+00:00,DOGEUSDT,SHORT,EXECUTED,TAKE_PROFIT_HIT,MEDIUM_RISK,0.46,3.0,1.37,0.42,0.8,0.44,0.71,0.43,0.01,0.0,0.0,0.0,0.0,182.24,0.0,
909,2026-08-23 20:45:00+00:00,DOGEUSDT,LONG,EXECUTED,TAKE_PROFIT_HIT,HIGH_RISK,0.91,1.5,1.37,1.53,0.94,1.82,0.87,1.53,0.02,0.0,0.0,0.0,0.02,182.26,0.0,
910,2026-08-23 21:00:00+00:00,SOLUSDT,LONG,REJECTED,,,,,,,,,,,,,,,0.0,182.25614333734896,,High Risk + Low Quality + Low Profit
911,2026-08-23 21:00:00+00:00,XRPUSDT,LONG,EXECUTED,TAKE_PROFIT_HIT,HIGH_RISK,0.82,1.5,1.22,1.22,1.77,1.72,1.67,1.22,0.01,0.0,0.0,0.0,0.01,182.27,0.0,
912,2026-08-24 00:00:00+00:00,SOLUSDT,SHORT,EXECUTED,TAKE_PROFIT_HIT,LOW_RISK,3.65,3.8,13.67,1.3,0.8,1.83,0.37,1.3,0.18,0.01,0.01,0.02,0.15,182.42,0.0,
913,2026-08-24 00:15:00+00:00,DOGEUSDT,SHORT,EXECUTED,TAKE_PROFIT_HIT,HIGH_RISK,0.91,1.5,1.37,1.61,0.84,2.12,0.77,1.61,0.02,0.0,0.0,0.0,0.02,182.44,0.0,
914,2026-08-24 00:15:00+00:00,XRPUSDT,SHORT,EXECUTED,TAKE_PROFIT_HIT,HIGH_RISK,0.91,1.5,1.37,2.03,0.84,2.53,0.8,2.03,0.03,0.0,0.0,0.0,0.03,182.47,0.0,
915,2026-08-24 00:30:00+00:00,BTCUSDT,SHORT,EXECUTED,TAKE_PROFIT_HIT,LOW_RISK,0.91,3.8,3.42,0.58,0.8,0.73,0.62,0.58,0.02,0.0,0.0,0.01,0.01,182.48,0.0,
916,2026-08-24 00:30:00+00:00,ETHUSDT,SHORT,REJECTED,,,,,,,,,,,,,,,0.0,182.48057166962087,,High Risk + Low Quality + Low Profit
917,2026-08-24 00:45:00+00:00,ETHUSDT,LONG,REJECTED,,,,,,,,,,,,,,,0.0,182.48057166962087,,High Risk + Low Quality + Low Profit
918,2026-08-24 01:15:00+00:00,ETHUSDT,SHORT,EXECUTED,TAKE_PROFIT_HIT,LOW_RISK,3.25,3.8,12.2,0.58,0.8,0.81,0.62,0.58,0.07,0.01,0.01,0.02,0.05,182.53,0.0,
919,2026-08-24 05:00:00+00:00,DOGEUSDT,LONG,REJECTED,,,,,,,,,,,,,,,0.0,182.52911135042086,,High Risk + Low Quality + Low Profit
920,2026-08-24 05:15:00+00:00,ETHUSDT,LONG,EXECUTED,TAKE_PROFIT_HIT,LOW_RISK,3.65,3.8,13.69,2.53,0.8,3.36,0.58,2.53,0.35,0.01,0.01,0.02,0.32,182.85,0.0,
921,2026-08-24 06:15:00+00:00,BTCUSDT,LONG,EXECUTED,TAKE_PROFIT_HIT,MEDIUM_RISK,1.83,3.0,5.49,0.46,0.8,0.55,0.68,0.46,0.03,0.0,0.01,0.01,0.02,182.87,0.0,
922,2026-08-24 06:30:00+00:00,DOGEUSDT,SHORT,EXECUTED,TAKE_PROFIT_HIT,HIGH_RISK,0.23,1.5,0.34,1.05,1.5,1.35,1.42,1.05,0.0,0.0,0.0,0.0,0.0,182.87,0.0,
923,2026-08-24 07:00:00+00:00,SOLUSDT,LONG,REJECTED,,,,,,,,,,,,,,,0.0,182.86944364160186,,High Risk + Low Quality + Low Profit
924,2026-08-24 07:00:00+00:00,XRPUSDT,LONG,REJECTED,,,,,,,,,,,,,,,0.0,182.86944364160186,,High Risk + Low Quality + Low Profit
925,2026-08-24 07:45:00+00:00,XRPUSDT,SHORT,EXECUTED,TAKE_PROFIT_HIT,HIGH_RISK,0.91,1.5,1.37,1.3,1.03,1.53,0.92,1.3,0.02,0.0,0.0,0.0,0.02,182.88,0.0,
926,2026-08-24 07:45:00+00:00,SOLUSDT,SHORT,EXECUTED,TAKE_PROFIT_HIT,LOW_RISK,3.66,3.8,13.72,0.71,0.8,0.9,0.61,0.71,0.1,0.01,0.01,0.02,0.07,182.96,0.0,
927,2026-08-24 08:15:00+00:00,BTCUSDT,SHORT,REJECTED,,,,,,,,,,,,,,,0.0,182.95805689949066,,High Risk + Low Quality + Low Profit
928,2026-08-24 09:15:00+00:00,SOLUSDT,LONG,EXECUTED,TAKE_PROFIT_HIT,LOW_RISK,3.66,3.8,13.72,2.53,0.8,3.14,0.49,2.53,0.35,0.01,0.01,0.02,0.32,183.28,0.0,
929,2026-08-24 09:30:00+00:00,BTCUSDT,LONG,EXECUTED,TAKE_PROFIT_HIT,LOW_RISK,3.67,3.8,13.75,2.53,0.8,3.27,0.09,2.53,0.35,0.01,0.01,0.02,0.32,183.6,0.0,
930,2026-08-24 10:00:00+00:00,XRPUSDT,LONG,EXECUTED,TAKE_PROFIT_HIT,HIGH_RISK,0.92,1.5,1.38,1.94,1.77,2.86,1.55,1.94,0.03,0.0,0.0,0.0,0.02,183.63,0.0,
931,2026-08-24 11:30:00+00:00,DOGEUSDT,LONG,EXECUTED,STOP_LOSS_HIT,HIGH_RISK,0.23,1.4,0.31,0.55,2.19,0.74,2.54,-2.19,-0.01,0.0,0.0,0.0,-0.01,183.62,0.0,
932,2026-08-24 14:00:00+00:00,DOGEUSDT,SHORT,EXECUTED,TAKE_PROFIT_HIT,HIGH_RISK,0.92,1.5,1.38,0.58,1.16,0.82,1.04,0.58,0.01,0.0,0.0,0.0,0.01,183.63,0.0,
933,2026-08-24 14:30:00+00:00,DOGEUSDT,LONG,EXECUTED,TAKE_PROFIT_HIT,HIGH_RISK,0.23,1.5,0.34,0.55,1.51,0.74,1.4,0.55,0.0,0.0,0.0,0.0,0.0,183.63,0.0,
934,2026-08-24 15:45:00+00:00,DOGEUSDT,SHORT,EXECUTED,TAKE_PROFIT_HIT,HIGH_RISK,0.92,1.5,1.38,2.58,1.31,3.55,1.16,2.58,0.04,0.0,0.0,0.0,0.03,183.66,0.0,
935,2026-08-24 16:45:00+00:00,ETHUSDT,SHORT,EXECUTED,TAKE_PROFIT_HIT,LOW_RISK,3.27,3.8,12.27,0.71,0.8,0.95,0.52,0.71,0.09,0.01,0.01,0.02,0.07,183.73,0.0,
936,2026-08-24 17:15:00+00:00,XRPUSDT,SHORT,REJECTED,,,,,,,,,,,,,,,0.0,183.7263879306582,,High Risk + Low Quality + Low Profit
937,2026-08-24 17:15:00+00:00,SOLUSDT,SHORT,REJECTED,,,,,,,,,,,,,,,0.0,183.7263879306582,,High Risk + Low Quality + Low Profit
938,2026-08-24 17:30:00+00:00,BTCUSDT,SHORT,EXECUTED,TIME_CLOSE_EXIT,LOW_RISK,0.92,3.8,3.44,0.42,0.8,0.19,0.61,0.0,0.0,0.0,0.0,0.01,-0.01,183.72,0.0,
939,2026-08-24 19:30:00+00:00,SOLUSDT,LONG,EXECUTED,TAKE_PROFIT_HIT,LOW_RISK,3.67,1.9,6.85,5.36,1.61,7.06,0.55,5.36,0.37,0.01,0.01,0.01,0.36,184.08,0.0,
940,2026-08-24 21:30:00+00:00,ETHUSDT,LONG,EXECUTED,TIME_CLOSE_EXIT,LOW_RISK,0.92,3.8,3.45,0.42,0.8,0.25,0.44,1.0,0.03,0.0,0.0,0.01,0.03,184.1,0.0,
941,2026-08-24 21:45:00+00:00,BTCUSDT,LONG,EXECUTED,TIME_CLOSE_EXIT,LOW_RISK,0.92,3.8,3.45,0.42,0.8,0.08,0.19,0.0,0.0,0.0,0.0,0.01,-0.01,184.1,0.0,
942,2026-08-24 22:00:00+00:00,BTCUSDT,SHORT,EXECUTED,TIME_CLOSE_EXIT,LOW_RISK,0.92,3.8,3.45,0.42,0.8,0.31,0.19,4.0,0.14,0.0,0.0,0.01,0.13,184.23,0.0,
943,2026-08-24 22:00:00+00:00,DOGEUSDT,LONG,EXECUTED,TIME_CLOSE_EXIT,MEDIUM_RISK,1.38,3.0,4.15,0.42,0.8,0.37,0.72,0.0,0.0,0.0,0.0,0.01,-0.01,184.22,0.0,
944,2026-08-24 22:45:00+00:00,DOGEUSDT,SHORT,EXECUTED,TIME_CLOSE_EXIT,LOW_RISK,0.92,3.8,3.45,0.42,0.8,0.39,0.58,1.0,0.03,0.0,0.0,0.01,0.03,184.25,0.0,
945,2026-08-24 22:45:00+00:00,ETHUSDT,SHORT,EXECUTED,TIME_CLOSE_EXIT,LOW_RISK,0.92,3.8,3.45,0.42,0.8,0.14,0.43,1.0,0.03,0.0,0.0,0.01,0.03,184.28,0.0,
946,2026-08-24 23:15:00+00:00,ETHUSDT,LONG,EXECUTED,TAKE_PROFIT_HIT,HIGH_RISK,0.92,1.5,1.38,1.53,0.85,1.99,0.75,1.53,0.02,0.0,0.0,0.0,0.02,184.3,0.0,
947,2026-08-24 23:30:00+00:00,DOGEUSDT,LONG,EXECUTED,TAKE_PROFIT_HIT,LOW_RISK,3.69,3.8,13.82,2.53,0.8,3.41,0.34,2.53,0.35,0.01,0.01,0.02,0.33,184.62,0.0,
948,2026-08-24 23:45:00+00:00,BTCUSDT,LONG,EXECUTED,TIME_CLOSE_EXIT,LOW_RISK,0.92,3.8,3.46,0.42,0.8,0.11,0.35,1.0,0.03,0.0,0.0,0.01,0.03,184.65,0.0,
949,2026-08-25 00:00:00+00:00,XRPUSDT,LONG,EXECUTED,TAKE_PROFIT_HIT,HIGH_RISK,0.92,1.5,1.38,3.43,1.03,4.33,0.75,3.43,0.05,0.0,0.0,0.0,0.05,184.7,0.0,
950,2026-08-25 00:15:00+00:00,BTCUSDT,SHORT,EXECUTED,TIME_CLOSE_EXIT,MEDIUM_RISK,0.46,3.0,1.39,0.42,0.8,0.11,0.73,0.0,0.0,0.0,0.0,0.0,-0.0,184.69,0.0,
951,2026-08-25 00:30:00+00:00,BTCUSDT,LONG,EXECUTED,TAKE_PROFIT_HIT,HIGH_RISK,0.92,1.5,1.39,1.94,0.85,2.39,0.79,1.94,0.03,0.0,0.0,0.0,0.02,184.72,0.0,
952,2026-08-25 06:45:00+00:00,XRPUSDT,SHORT,EXECUTED,TAKE_PROFIT_HIT,LOW_RISK,3.69,3.8,13.85,2.58,0.8,3.95,0.61,2.58,0.36,0.01,0.01,0.02,0.33,185.05,0.0,
953,2026-08-25 07:45:00+00:00,BTCUSDT,SHORT,EXECUTED,TAKE_PROFIT_HIT,HIGH_RISK,0.93,1.5,1.39,1.61,1.16,1.99,1.03,1.61,0.02,0.0,0.0,0.0,0.02,185.07,0.0,
954,2026-08-25 07:45:00+00:00,DOGEUSDT,SHORT,EXECUTED,TAKE_PROFIT_HIT,HIGH_RISK,0.93,1.5,1.39,5.29,1.59,6.6,1.52,5.29,0.07,0.0,0.0,0.0,0.07,185.14,0.0,
955,2026-08-25 07:45:00+00:00,SOLUSDT,SHORT,EXECUTED,TAKE_PROFIT_HIT,HIGH_RISK,0.93,1.5,1.39,2.58,1.76,4.01,1.55,2.58,0.04,0.0,0.0,0.0,0.03,185.17,0.0,
956,2026-08-25 07:45:00+00:00,ETHUSDT,SHORT,EXECUTED,TAKE_PROFIT_HIT,HIGH_RISK,0.93,1.5,1.39,1.3,0.93,1.57,0.83,1.3,0.02,0.0,0.0,0.0,0.02,185.19,0.0,
957,2026-08-25 15:30:00+00:00,BTCUSDT,LONG,EXECUTED,TIME_CLOSE_EXIT,MEDIUM_RISK,0.46,3.0,1.39,0.42,0.8,0.21,0.68,2.0,0.03,0.0,0.0,0.0,0.03,185.21,0.0,
958,2026-08-25 15:45:00+00:00,ETHUSDT,LONG,EXECUTED,TIME_CLOSE_EXIT,LOW_RISK,0.93,3.8,3.47,0.42,0.8,0.11,0.64,1.0,0.03,0.0,0.0,0.01,0.03,185.24,0.0,
959,2026-08-25 16:45:00+00:00,ETHUSDT,SHORT,EXECUTED,TAKE_PROFIT_HIT,LOW_RISK,3.7,3.8,13.89,1.61,0.8,2.27,0.36,1.61,0.22,0.01,0.01,0.03,0.2,185.44,0.0,
960,2026-08-25 17:00:00+00:00,BTCUSDT,SHORT,EXECUTED,TIME_CLOSE_EXIT,LOW_RISK,0.93,3.8,3.48,0.42,0.8,0.27,0.52,1.0,0.03,0.0,0.0,0.01,0.03,185.47,0.0,
961,2026-08-25 17:45:00+00:00,XRPUSDT,LONG,REJECTED,,,,,,,,,,,,,,,0.0,185.46947480004434,,High Risk + Low Quality + Low Profit
962,2026-08-25 18:00:00+00:00,BTCUSDT,LONG,EXECUTED,TIME_CLOSE_EXIT,LOW_RISK,0.93,3.8,3.48,0.42,0.8,0.08,0.51,0.0,0.0,0.0,0.0,0.01,-0.01,185.46,0.0,
963,2026-08-25 18:15:00+00:00,SOLUSDT,LONG,REJECTED,,,,,,,,,,,,,,,0.0,185.46321520526985,,High Risk + Low Quality + Low Profit
964,2026-08-25 19:15:00+00:00,BTCUSDT,SHORT,EXECUTED,TAKE_PROFIT_HIT,LOW_RISK,3.71,3.8,13.91,1.05,0.8,1.37,0.38,1.05,0.15,0.01,0.01,0.03,0.12,185.58,0.0,
965,2026-08-25 19:30:00+00:00,SOLUSDT,SHORT,EXECUTED,TAKE_PROFIT_HIT,LOW_RISK,3.71,3.8,13.92,1.61,0.8,2.28,0.52,1.61,0.22,0.01,0.01,0.03,0.2,185.78,0.0,
966,2026-08-25 19:30:00+00:00,XRPUSDT,SHORT,EXECUTED,TAKE_PROFIT_HIT,LOW_RISK,3.72,2.8,10.58,3.51,1.05,4.19,0.55,3.51,0.37,0.01,0.01,0.02,0.35,186.13,0.0,
967,2026-08-26 01:30:00+00:00,BTCUSDT,LONG,EXECUTED,TAKE_PROFIT_HIT,LOW_RISK,3.34,3.8,12.51,0.42,0.8,0.48,0.35,0.43,0.05,0.01,0.01,0.02,0.03,186.17,0.0,
968,2026-08-26 01:30:00+00:00,ETHUSDT,LONG,EXECUTED,TAKE_PROFIT_HIT,LOW_RISK,3.72,3.8,13.96,0.46,0.8,0.62,0.25,0.46,0.06,0.01,0.01,0.03,0.04,186.2,0.0,
969,2026-08-26 02:15:00+00:00,SOLUSDT,LONG,REJECTED,,,,,,,,,,,,,,,0.0,186.2042675219854,,High Risk + Low Quality + Low Profit
970,2026-08-26 02:30:00+00:00,DOGEUSDT,LONG,REJECTED,,,,,,,,,,,,,,,0.0,186.2042675219854,,High Risk + Low Quality + Low Profit
971,2026-08-26 02:30:00+00:00,XRPUSDT,LONG,EXECUTED,TIME_CLOSE_EXIT,HIGH_RISK,0.7,1.5,1.05,0.42,0.85,0.28,0.75,0.0,0.0,0.0,0.0,0.0,-0.0,186.2,0.0,
972,2026-08-26 03:30:00+00:00,XRPUSDT,SHORT,EXECUTED,TAKE_PROFIT_HIT,HIGH_RISK,0.23,1.5,0.35,0.87,0.84,1.03,0.8,0.87,0.0,0.0,0.0,0.0,0.0,186.2,0.0,
973,2026-08-26 04:45:00+00:00,SOLUSDT,SHORT,EXECUTED,TIME_CLOSE_EXIT,MEDIUM_RISK,0.47,3.0,1.4,0.42,0.8,0.39,0.72,1.0,0.01,0.0,0.0,0.0,0.01,186.22,0.0,
974,2026-08-26 05:00:00+00:00,DOGEUSDT,SHORT,REJECTED,,,,,,,,,,,,,,,0.0,186.216232317227,,High Risk + Low Quality + Low Profit
975,2026-08-26 05:30:00+00:00,DOGEUSDT,LONG,REJECTED,,,,,,,,,,,,,,,0.0,186.216232317227,,High Risk + Low Quality + Low Profit
976,2026-08-26 06:00:00+00:00,XRPUSDT,LONG,EXECUTED,TIME_CLOSE_EXIT,LOW_RISK,3.72,3.8,13.97,0.42,0.8,0.35,0.5,0.0,0.0,0.01,0.01,0.03,-0.03,186.19,0.01,
977,2026-08-26 06:15:00+00:00,XRPUSDT,SHORT,EXECUTED,TAKE_PROFIT_HIT,LOW_RISK,3.72,2.8,10.61,3.51,1.05,5.46,0.61,3.51,0.37,0.01,0.01,0.02,0.35,186.54,0.0,
978,2026-08-26 08:00:00+00:00,SOLUSDT,LONG,EXECUTED,TIME_CLOSE_EXIT,LOW_RISK,0.93,3.8,3.5,0.42,0.8,0.19,0.53,1.0,0.03,0.0,0.0,0.01,0.03,186.57,0.0,
979,2026-08-26 08:45:00+00:00,ETHUSDT,SHORT,EXECUTED,TAKE_PROFIT_HIT,HIGH_RISK,0.7,1.5,1.05,0.42,0.84,0.55,0.79,0.43,0.0,0.0,0.0,0.0,0.0,186.58,0.0,
980,2026-08-26 08:45:00+00:00,BTCUSDT,SHORT,EXECUTED,TAKE_PROFIT_HIT,LOW_RISK,3.73,3.8,13.99,1.05,0.8,1.37,0.39,1.05,0.15,0.01,0.01,0.03,0.12,186.7,0.0,
981,2026-08-26 09:00:00+00:00,SOLUSDT,SHORT,EXECUTED,TAKE_PROFIT_HIT,HIGH_RISK,0.93,1.5,1.4,0.87,1.16,1.08,1.08,0.87,0.01,0.0,0.0,0.0,0.01,186.71,0.0,
982,2026-08-26 10:45:00+00:00,ETHUSDT,LONG,REJECTED,,,,,,,,,,,,,,,0.0,186.70636437648088,,High Risk + Low Quality + Low Profit
983,2026-08-26 10:45:00+00:00,SOLUSDT,LONG,EXECUTED,TIME_CLOSE_EXIT,HIGH_RISK,0.84,1.5,1.25,0.42,1.51,0.41,1.47,0.0,0.0,0.0,0.0,0.0,-0.0,186.7,0.0,
984,2026-08-26 11:00:00+00:00,DOGEUSDT,LONG,REJECTED,,,,,,,,,,,,,,,0.0,186.7041060130696,,High Risk + Low Quality + Low Profit
985,2026-08-26 11:45:00+00:00,DOGEUSDT,SHORT,REJECTED,,,,,,,,,,,,,,,0.0,186.7041060130696,,High Risk + Low Quality + Low Profit
986,2026-08-26 12:15:00+00:00,DOGEUSDT,LONG,REJECTED,,,,,,,,,,,,,,,0.0,186.7041060130696,,High Risk + Low Quality + Low Profit
987,2026-08-26 12:30:00+00:00,DOGEUSDT,SHORT,EXECUTED,TAKE_PROFIT_HIT,HIGH_RISK,0.93,1.5,1.4,2.03,1.03,2.7,0.91,2.03,0.03,0.0,0.0,0.0,0.03,186.73,0.0,
988,2026-08-26 13:00:00+00:00,SOLUSDT,SHORT,EXECUTED,TAKE_PROFIT_HIT,HIGH_RISK,0.93,1.5,1.4,1.3,0.84,1.62,0.77,1.3,0.02,0.0,0.0,0.0,0.02,186.75,0.0,
989,2026-08-26 13:00:00+00:00,ETHUSDT,SHORT,REJECTED,,,,,,,,,,,,,,,0.0,186.74572453707287,,High Risk + Low Quality + Low Profit
990,2026-08-26 17:30:00+00:00,BTCUSDT,LONG,EXECUTED,TAKE_PROFIT_HIT,LOW_RISK,3.73,3.8,14.01,0.67,0.8,0.84,0.4,0.67,0.09,0.01,0.01,0.03,0.07,186.81,0.0,
991,2026-08-26 17:30:00+00:00,ETHUSDT,LONG,EXECUTED,TAKE_PROFIT_HIT,LOW_RISK,3.74,3.8,14.01,1.53,0.8,2.19,0.23,1.53,0.21,0.01,0.01,0.03,0.19,187.0,0.0,
992,2026-08-26 19:15:00+00:00,DOGEUSDT,LONG,EXECUTED,TAKE_PROFIT_HIT,HIGH_RISK,0.94,1.5,1.4,1.94,1.16,2.92,1.08,1.94,0.03,0.0,0.0,0.0,0.02,187.03,0.0,
993,2026-08-26 21:00:00+00:00,XRPUSDT,LONG,EXECUTED,TAKE_PROFIT_HIT,HIGH_RISK,0.94,1.5,1.4,1.53,1.31,2.23,1.3,1.53,0.02,0.0,0.0,0.0,0.02,187.05,0.0,
994,2026-08-27 03:00:00+00:00,BTCUSDT,SHORT,EXECUTED,TIME_CLOSE_EXIT,LOW_RISK,0.94,3.8,3.51,0.42,0.8,0.01,0.4,1.0,0.04,0.0,0.0,0.01,0.03,187.08,0.0,
995,2026-08-27 03:15:00+00:00,BTCUSDT,LONG,EXECUTED,TIME_CLOSE_EXIT,LOW_RISK,0.94,3.8,3.51,0.42,0.8,0.12,0.32,0.0,0.0,0.0,0.0,0.01,-0.01,187.07,0.0,
996,2026-08-27 03:30:00+00:00,ETHUSDT,SHORT,EXECUTED,TAKE_PROFIT_HIT,LOW_RISK,0.94,3.8,3.51,0.42,0.8,0.43,0.26,0.43,0.01,0.0,0.0,0.01,0.01,187.08,0.0,
997,2026-08-27 04:30:00+00:00,XRPUSDT,SHORT,EXECUTED,TAKE_PROFIT_HIT,LOW_RISK,3.74,3.8,14.03,0.71,0.8,0.87,0.43,0.71,0.1,0.01,0.01,0.03,0.07,187.15,0.0,
998,2026-08-27 05:00:00+00:00,BTCUSDT,SHORT,EXECUTED,TIME_CLOSE_EXIT,LOW_RISK,0.94,3.8,3.51,0.42,0.8,0.06,0.35,2.0,0.07,0.0,0.0,0.01,0.06,187.22,0.0,
999,2026-08-27 05:00:00+00:00,DOGEUSDT,SHORT,EXECUTED,TIME_CLOSE_EXIT,MEDIUM_RISK,0.47,3.0,1.4,0.42,0.8,0.4,0.67,2.0,0.03,0.0,0.0,0.0,0.03,187.24,0.0,
1000,2026-08-27 07:45:00+00:00,ETHUSDT,LONG,EXECUTED,TAKE_PROFIT_HIT,LOW_RISK,3.74,3.8,14.04,1.94,0.8,2.78,0.41,1.94,0.27,0.01,0.01,0.03,0.25,187.49,0.0,
