trade_id,timestamp,symbol,direction,status,gate_combo_tag,rr_ratio,rejection_reason,outcome,margin_allocated,leverage,notional_position,dynamic_tp_pct,dynamic_sl_pct,actual_mfe_pct,actual_mae_pct,gross_return_pct,gross_pnl,fees_paid,slippage_cost,friction_tax,net_pnl,account_equity,drawdown_pct,shadow_net_pnl,date_utc
1,2026-07-26 22:00:00+00:00,DOGEUSDT,LONG,EXECUTED,HIGH_RISK__HIGH_QUAL__LOW_PROFIT,1.67,None,TIME_CLOSE_EXIT,52.5,1.5,78.75,1.21,0.73,0.55,-0.46,-0.4,-0.31,0.06,0.08,0.14,-0.46,9999.54,0.0,,2026-07-26
2,2026-07-27 01:15:00+00:00,DOGEUSDT,SHORT,REJECTED,HIGH_RISK__HIGH_QUAL__HIGH_PROFIT,0.84,R:R Hurdle Failure: R:R = 0.84 < 1.00,SHADOW_TIME_CLOSE_EXIT,0.0,0.0,0.0,0.56,0.67,0.33,-0.22,-0.03,0.0,0.0,0.0,0.0,0.0,9999.54,0.0,-0.94,2026-07-27
3,2026-07-27 01:30:00+00:00,XRPUSDT,SHORT,EXECUTED,LOW_RISK__LOW_QUAL__LOW_PROFIT,1.87,None,TIME_CLOSE_EXIT,50.0,5.0,249.99,0.86,0.46,0.24,-0.13,-0.22,-0.55,0.2,0.25,0.45,-1.0,9998.54,0.01,,2026-07-27
4,2026-07-27 04:30:00+00:00,XRPUSDT,LONG,EXECUTED,HIGH_RISK__HIGH_QUAL__LOW_PROFIT,2.56,None,TIME_CLOSE_EXIT,52.49,1.5,78.74,0.85,0.33,0.01,-0.26,0.0,0.0,0.06,0.08,0.14,-0.14,9998.4,0.02,,2026-07-27
5,2026-07-27 04:45:00+00:00,XRPUSDT,SHORT,REJECTED,LOW_RISK__LOW_QUAL__LOW_PROFIT,0.98,R:R Hurdle Failure: R:R = 0.98 < 1.00,SHADOW_TIME_CLOSE_EXIT,0.0,0.0,0.0,0.36,0.36,0.0,-0.25,0.0,0.0,0.0,0.0,0.0,0.0,9998.4,0.02,-0.45,2026-07-27
6,2026-07-27 05:00:00+00:00,XRPUSDT,LONG,EXECUTED,HIGH_RISK__HIGH_QUAL__LOW_PROFIT,3.49,None,TIME_CLOSE_EXIT,52.49,1.5,78.74,0.93,0.27,0.64,-0.19,-0.05,-0.04,0.06,0.08,0.14,-0.18,9998.22,0.02,,2026-07-27
7,2026-07-27 05:45:00+00:00,DOGEUSDT,LONG,EXECUTED,HIGH_RISK__HIGH_QUAL__LOW_PROFIT,1.56,None,TAKE_PROFIT_HIT,52.49,1.5,78.74,0.69,0.44,0.78,-0.41,0.69,0.55,0.06,0.08,0.14,0.4,9998.62,0.01,,2026-07-27
8,2026-07-27 07:45:00+00:00,BTCUSDT,SHORT,EXECUTED,LOW_RISK__HIGH_QUAL__LOW_PROFIT,1.04,None,TIME_CLOSE_EXIT,149.98,5.0,749.9,0.51,0.49,0.19,-0.16,-0.19,-1.42,0.6,0.75,1.35,-2.77,9995.85,0.04,,2026-07-27
9,2026-07-27 08:00:00+00:00,DOGEUSDT,SHORT,REJECTED,HIGH_RISK__HIGH_QUAL__HIGH_PROFIT,0.91,R:R Hurdle Failure: R:R = 0.91 < 1.00,SHADOW_TIME_CLOSE_EXIT,0.0,0.0,0.0,0.74,0.82,0.58,-0.39,-0.22,0.0,0.0,0.0,0.0,0.0,9995.85,0.04,-1.8,2026-07-27
10,2026-07-27 08:00:00+00:00,XRPUSDT,SHORT,EXECUTED,LOW_RISK__LOW_QUAL__LOW_PROFIT,2.15,None,TIME_CLOSE_EXIT,49.98,5.0,249.9,0.8,0.37,0.25,-0.13,-0.1,-0.25,0.2,0.25,0.45,-0.7,9995.15,0.05,,2026-07-27
11,2026-07-27 08:15:00+00:00,SOLUSDT,SHORT,REJECTED,LOW_RISK__HIGH_QUAL__LOW_PROFIT,0.8,R:R Hurdle Failure: R:R = 0.80 < 1.00,SHADOW_TIME_CLOSE_EXIT,0.0,0.0,0.0,0.44,0.56,0.34,-0.05,-0.25,0.0,0.0,0.0,0.0,0.0,9995.15,0.05,-3.22,2026-07-27
12,2026-07-27 10:30:00+00:00,SOLUSDT,LONG,EXECUTED,HIGH_RISK__HIGH_QUAL__HIGH_PROFIT,3.53,None,TIME_CLOSE_EXIT,149.93,3.0,449.78,1.62,0.46,1.11,-0.52,0.37,1.66,0.36,0.45,0.81,0.85,9996.0,0.04,,2026-07-27
13,2026-07-27 10:30:00+00:00,BTCUSDT,LONG,EXECUTED,HIGH_RISK__HIGH_QUAL__HIGH_PROFIT,1.39,None,TIME_CLOSE_EXIT,149.94,3.0,449.82,0.56,0.4,0.03,-0.12,-0.24,-1.08,0.36,0.45,0.81,-1.89,9994.12,0.06,,2026-07-27
14,2026-07-27 11:00:00+00:00,XRPUSDT,LONG,EXECUTED,HIGH_RISK__HIGH_QUAL__LOW_PROFIT,1.41,None,TIME_CLOSE_EXIT,52.47,1.5,78.7,0.45,0.32,0.01,-0.27,0.0,0.0,0.06,0.08,0.14,-0.14,9993.97,0.06,,2026-07-27
15,2026-07-27 11:15:00+00:00,BTCUSDT,SHORT,REJECTED,LOW_RISK__HIGH_QUAL__LOW_PROFIT,0.94,R:R Hurdle Failure: R:R = 0.94 < 1.00,SHADOW_TAKE_PROFIT_HIT,0.0,0.0,0.0,0.41,0.43,0.45,-0.21,0.41,0.0,0.0,0.0,0.0,0.0,9993.97,0.06,1.71,2026-07-27
16,2026-07-27 11:15:00+00:00,XRPUSDT,SHORT,EXECUTED,LOW_RISK__LOW_QUAL__LOW_PROFIT,1.54,None,TIME_CLOSE_EXIT,49.97,5.0,249.85,0.82,0.53,0.48,-0.5,-0.73,-1.82,0.2,0.25,0.45,-2.27,9991.7,0.08,,2026-07-27
17,2026-07-27 11:30:00+00:00,ETHUSDT,SHORT,REJECTED,LOW_RISK__HIGH_QUAL__HIGH_PROFIT,0.77,R:R Hurdle Failure: R:R = 0.77 < 1.00,SHADOW_TAKE_PROFIT_HIT,0.0,0.0,0.0,0.42,0.54,0.87,-0.23,0.42,0.0,0.0,0.0,0.0,0.0,9991.7,0.08,1.77,2026-07-27
18,2026-07-27 12:45:00+00:00,DOGEUSDT,LONG,REJECTED,HIGH_RISK__HIGH_QUAL__LOW_PROFIT,0.43,R:R Hurdle Failure: R:R = 0.43 < 1.00,SHADOW_TIME_CLOSE_EXIT,0.0,0.0,0.0,0.41,0.96,0.12,-0.23,-0.34,0.0,0.0,0.0,0.0,0.0,9991.7,0.08,-0.41,2026-07-27
19,2026-07-27 13:15:00+00:00,DOGEUSDT,SHORT,EXECUTED,HIGH_RISK__HIGH_QUAL__HIGH_PROFIT,2.41,None,TIME_CLOSE_EXIT,149.88,3.0,449.63,1.34,0.56,0.04,-0.33,0.0,0.0,0.36,0.45,0.81,-0.81,9990.89,0.09,,2026-07-27
20,2026-07-27 13:30:00+00:00,DOGEUSDT,LONG,REJECTED,HIGH_RISK__HIGH_QUAL__LOW_PROFIT,0.44,R:R Hurdle Failure: R:R = 0.44 < 1.00,SHADOW_TIME_CLOSE_EXIT,0.0,0.0,0.0,0.59,1.35,0.12,-1.04,-0.66,0.0,0.0,0.0,0.0,0.0,9990.89,0.09,-0.66,2026-07-27
21,2026-07-27 13:45:00+00:00,BTCUSDT,LONG,EXECUTED,HIGH_RISK__HIGH_QUAL__HIGH_PROFIT,1.02,None,TAKE_PROFIT_HIT,149.86,3.0,449.59,0.43,0.42,0.77,-0.05,0.43,1.94,0.36,0.45,0.81,1.13,9992.02,0.08,,2026-07-27
22,2026-07-27 13:45:00+00:00,XRPUSDT,LONG,REJECTED,HIGH_RISK__HIGH_QUAL__LOW_PROFIT,0.35,R:R Hurdle Failure: R:R = 0.35 < 1.00,SHADOW_TAKE_PROFIT_HIT,0.0,0.0,0.0,0.22,0.63,0.54,-0.1,0.22,0.0,0.0,0.0,0.0,0.0,9992.02,0.08,0.03,2026-07-27
23,2026-07-27 14:00:00+00:00,ETHUSDT,LONG,EXECUTED,HIGH_RISK__LOW_QUAL__HIGH_PROFIT,1.38,None,TIME_CLOSE_EXIT,17.49,1.5,26.23,0.87,0.63,0.14,-0.41,0.0,0.0,0.02,0.03,0.05,-0.05,9991.97,0.08,,2026-07-27
24,2026-07-27 14:15:00+00:00,ETHUSDT,SHORT,REJECTED,HIGH_RISK__HIGH_QUAL__HIGH_PROFIT,0.96,R:R Hurdle Failure: R:R = 0.96 < 1.00,SHADOW_TIME_CLOSE_EXIT,0.0,0.0,0.0,1.21,1.27,0.97,-1.43,-0.54,0.0,0.0,0.0,0.0,0.0,9991.97,0.08,-3.24,2026-07-27
25,2026-07-27 14:15:00+00:00,DOGEUSDT,SHORT,EXECUTED,HIGH_RISK__LOW_QUAL__HIGH_PROFIT,1.32,None,TIME_CLOSE_EXIT,17.49,1.5,26.23,1.78,1.34,1.36,-1.28,-0.17,-0.04,0.02,0.03,0.05,-0.09,9991.88,0.08,,2026-07-27
26,2026-07-27 14:15:00+00:00,XRPUSDT,SHORT,REJECTED,HIGH_RISK__LOW_QUAL__LOW_PROFIT,2.4,Consensus Failure: HIGH_RISK + LOW_QUAL + LOW_PROFIT,SHADOW_TAKE_PROFIT_HIT,0.0,0.0,0.0,2.14,0.89,4.72,-0.99,2.14,0.0,0.0,0.0,0.0,0.0,9991.88,0.08,0.51,2026-07-27
27,2026-07-27 14:15:00+00:00,BTCUSDT,SHORT,EXECUTED,LOW_RISK__HIGH_QUAL__LOW_PROFIT,2.05,None,TIME_CLOSE_EXIT,149.88,5.0,749.39,1.34,0.65,0.7,-0.81,-0.2,-1.5,0.6,0.75,1.35,-2.85,9989.03,0.11,,2026-07-27
28,2026-07-27 14:15:00+00:00,SOLUSDT,SHORT,EXECUTED,HIGH_RISK__HIGH_QUAL__LOW_PROFIT,1.51,None,TIME_CLOSE_EXIT,52.44,1.5,78.66,1.95,1.29,1.04,-1.56,-0.21,-0.17,0.06,0.08,0.14,-0.31,9988.72,0.11,,2026-07-27
29,2026-07-27 17:45:00+00:00,BTCUSDT,LONG,EXECUTED,HIGH_RISK__HIGH_QUAL__HIGH_PROFIT,1.52,None,TIME_CLOSE_EXIT,149.83,3.0,449.49,0.6,0.4,0.09,-0.41,-0.18,-0.81,0.36,0.45,0.81,-1.62,9987.1,0.13,,2026-07-27
30,2026-07-27 19:15:00+00:00,ETHUSDT,LONG,EXECUTED,HIGH_RISK__LOW_QUAL__HIGH_PROFIT,1.67,None,TIME_CLOSE_EXIT,17.48,1.5,26.22,1.14,0.68,0.24,-0.16,-0.45,-0.12,0.02,0.03,0.05,-0.17,9986.94,0.13,,2026-07-27
31,2026-07-27 20:00:00+00:00,SOLUSDT,LONG,REJECTED,HIGH_RISK__HIGH_QUAL__HIGH_PROFIT,0.5,R:R Hurdle Failure: R:R = 0.50 < 1.00,SHADOW_TAKE_PROFIT_HIT,0.0,0.0,0.0,0.29,0.58,0.32,-0.13,0.29,0.0,0.0,0.0,0.0,0.0,9986.94,0.13,0.49,2026-07-27
32,2026-07-27 20:15:00+00:00,DOGEUSDT,LONG,REJECTED,HIGH_RISK__HIGH_QUAL__LOW_PROFIT,0.56,R:R Hurdle Failure: R:R = 0.56 < 1.00,SHADOW_TIME_CLOSE_EXIT,0.0,0.0,0.0,0.32,0.58,0.11,-0.39,-0.36,0.0,0.0,0.0,0.0,0.0,9986.94,0.13,-0.42,2026-07-27
33,2026-07-27 21:15:00+00:00,SOLUSDT,SHORT,EXECUTED,LOW_RISK__HIGH_QUAL__LOW_PROFIT,4.1,None,TAKE_PROFIT_HIT,149.8,5.0,749.02,2.19,0.53,3.6,-0.42,2.19,16.43,0.6,0.75,1.35,15.08,10002.02,0.0,,2026-07-27
34,2026-07-27 21:15:00+00:00,BTCUSDT,SHORT,EXECUTED,LOW_RISK__HIGH_QUAL__LOW_PROFIT,4.77,None,TAKE_PROFIT_HIT,150.03,5.0,750.15,1.27,0.27,2.73,-0.12,1.27,9.52,0.6,0.75,1.35,8.17,10010.19,0.0,,2026-07-27
35,2026-07-27 21:30:00+00:00,DOGEUSDT,SHORT,EXECUTED,HIGH_RISK__HIGH_QUAL__HIGH_PROFIT,2.93,None,TAKE_PROFIT_HIT,150.15,3.0,450.46,1.27,0.43,3.53,-0.13,1.27,5.72,0.36,0.45,0.81,4.91,10015.1,0.0,,2026-07-27
36,2026-07-27 22:00:00+00:00,ETHUSDT,SHORT,EXECUTED,LOW_RISK__HIGH_QUAL__HIGH_PROFIT,4.98,None,TAKE_PROFIT_HIT,150.23,5.0,751.13,2.32,0.47,3.72,-0.18,2.32,17.39,0.6,0.75,1.35,16.04,10031.14,0.0,,2026-07-27
37,2026-07-28 06:15:00+00:00,BTCUSDT,LONG,REJECTED,HIGH_RISK__HIGH_QUAL__HIGH_PROFIT,0.9,R:R Hurdle Failure: R:R = 0.90 < 1.00,SHADOW_TIME_CLOSE_EXIT,0.0,0.0,0.0,0.26,0.29,0.23,-0.15,-0.04,0.0,0.0,0.0,0.0,0.0,10031.14,0.0,-0.99,2026-07-28
38,2026-07-28 06:30:00+00:00,ETHUSDT,LONG,REJECTED,HIGH_RISK__LOW_QUAL__HIGH_PROFIT,0.93,R:R Hurdle Failure: R:R = 0.93 < 1.00,SHADOW_TIME_CLOSE_EXIT,0.0,0.0,0.0,0.48,0.51,0.16,-0.17,-0.12,0.0,0.0,0.0,0.0,0.0,10031.14,0.0,-0.08,2026-07-28
39,2026-07-28 06:45:00+00:00,DOGEUSDT,LONG,REJECTED,HIGH_RISK__HIGH_QUAL__LOW_PROFIT,0.61,R:R Hurdle Failure: R:R = 0.61 < 1.00,SHADOW_TIME_CLOSE_EXIT,0.0,0.0,0.0,0.49,0.81,0.14,-0.16,-0.37,0.0,0.0,0.0,0.0,0.0,10031.14,0.0,-0.43,2026-07-28
40,2026-07-28 08:00:00+00:00,ETHUSDT,SHORT,EXECUTED,LOW_RISK__HIGH_QUAL__HIGH_PROFIT,1.9,None,TIME_CLOSE_EXIT,150.47,5.0,752.34,0.77,0.41,0.0,-0.22,0.0,0.0,0.6,0.75,1.35,-1.35,10029.78,0.01,,2026-07-28
41,2026-07-28 08:15:00+00:00,ETHUSDT,LONG,EXECUTED,HIGH_RISK__LOW_QUAL__HIGH_PROFIT,1.27,None,TIME_CLOSE_EXIT,17.55,1.5,26.33,0.51,0.4,0.06,-0.23,-0.01,-0.0,0.02,0.03,0.05,-0.05,10029.73,0.01,,2026-07-28
42,2026-07-28 08:45:00+00:00,BTCUSDT,SHORT,EXECUTED,LOW_RISK__HIGH_QUAL__LOW_PROFIT,3.45,None,TIME_CLOSE_EXIT,150.45,5.0,752.23,0.71,0.21,0.05,-0.13,-0.11,-0.83,0.6,0.75,1.35,-2.18,10027.55,0.04,,2026-07-28
43,2026-07-28 09:00:00+00:00,ETHUSDT,SHORT,EXECUTED,LOW_RISK__HIGH_QUAL__HIGH_PROFIT,2.87,None,TIME_CLOSE_EXIT,150.41,5.0,752.07,0.82,0.28,0.12,-0.12,0.0,0.0,0.6,0.75,1.35,-1.35,10026.2,0.05,,2026-07-28
44,2026-07-28 09:15:00+00:00,ETHUSDT,LONG,EXECUTED,HIGH_RISK__LOW_QUAL__HIGH_PROFIT,1.16,None,TIME_CLOSE_EXIT,17.55,1.5,26.32,0.4,0.34,0.05,-0.08,0.0,0.0,0.02,0.03,0.05,-0.05,10026.15,0.05,,2026-07-28
45,2026-07-28 09:15:00+00:00,SOLUSDT,LONG,EXECUTED,HIGH_RISK__HIGH_QUAL__HIGH_PROFIT,1.07,None,TIME_CLOSE_EXIT,150.39,3.0,451.18,0.44,0.42,0.11,-0.1,-0.07,-0.32,0.36,0.45,0.81,-1.13,10025.02,0.06,,2026-07-28
46,2026-07-28 09:15:00+00:00,DOGEUSDT,SHORT,EXECUTED,HIGH_RISK__HIGH_QUAL__HIGH_PROFIT,1.43,None,TIME_CLOSE_EXIT,150.38,3.0,451.13,0.53,0.37,0.07,-0.1,0.0,0.0,0.36,0.45,0.81,-0.81,10024.21,0.07,,2026-07-28
47,2026-07-28 09:30:00+00:00,DOGEUSDT,LONG,REJECTED,HIGH_RISK__HIGH_QUAL__LOW_PROFIT,0.76,R:R Hurdle Failure: R:R = 0.76 < 1.00,SHADOW_TIME_CLOSE_EXIT,0.0,0.0,0.0,0.3,0.4,0.04,-0.19,0.0,0.0,0.0,0.0,0.0,0.0,10024.21,0.07,-0.14,2026-07-28
48,2026-07-28 09:30:00+00:00,ETHUSDT,SHORT,EXECUTED,LOW_RISK__HIGH_QUAL__HIGH_PROFIT,2.35,None,TIME_CLOSE_EXIT,150.36,5.0,751.82,0.69,0.29,0.56,-0.13,-0.04,-0.3,0.6,0.75,1.35,-1.65,10022.55,0.09,,2026-07-28
49,2026-07-28 09:30:00+00:00,BTCUSDT,LONG,REJECTED,HIGH_RISK__HIGH_QUAL__HIGH_PROFIT,0.9,R:R Hurdle Failure: R:R = 0.90 < 1.00,SHADOW_TIME_CLOSE_EXIT,0.0,0.0,0.0,0.22,0.25,0.1,-0.06,0.0,0.0,0.0,0.0,0.0,0.0,10022.55,0.09,-0.81,2026-07-28
50,2026-07-28 09:45:00+00:00,SOLUSDT,SHORT,EXECUTED,LOW_RISK__HIGH_QUAL__LOW_PROFIT,3.02,None,TIME_CLOSE_EXIT,150.34,5.0,751.69,1.27,0.42,0.51,-0.2,-0.08,-0.6,0.6,0.75,1.35,-1.95,10020.6,0.11,,2026-07-28
51,2026-07-28 09:45:00+00:00,BTCUSDT,SHORT,EXECUTED,LOW_RISK__HIGH_QUAL__LOW_PROFIT,2.3,None,TIME_CLOSE_EXIT,150.31,5.0,751.55,0.82,0.36,0.16,-0.26,-0.13,-0.98,0.6,0.75,1.35,-2.33,10018.27,0.13,,2026-07-28
52,2026-07-28 09:45:00+00:00,DOGEUSDT,SHORT,EXECUTED,HIGH_RISK__HIGH_QUAL__HIGH_PROFIT,1.5,None,TAKE_PROFIT_HIT,150.27,3.0,450.82,0.61,0.41,1.3,-0.29,0.61,2.77,0.36,0.45,0.81,1.96,10020.23,0.11,,2026-07-28
53,2026-07-28 12:45:00+00:00,ETHUSDT,LONG,REJECTED,HIGH_RISK__LOW_QUAL__HIGH_PROFIT,0.97,R:R Hurdle Failure: R:R = 0.97 < 1.00,SHADOW_TIME_CLOSE_EXIT,0.0,0.0,0.0,0.91,0.94,0.2,-0.56,-1.22,0.0,0.0,0.0,0.0,0.0,10020.23,0.11,-0.37,2026-07-28
54,2026-07-28 12:45:00+00:00,SOLUSDT,LONG,EXECUTED,HIGH_RISK__HIGH_QUAL__HIGH_PROFIT,1.42,None,TIME_CLOSE_EXIT,150.3,3.0,450.91,0.81,0.57,0.1,-0.2,-0.14,-0.63,0.36,0.45,0.81,-1.44,10018.79,0.12,,2026-07-28
55,2026-07-28 12:45:00+00:00,BTCUSDT,LONG,REJECTED,HIGH_RISK__HIGH_QUAL__HIGH_PROFIT,0.86,R:R Hurdle Failure: R:R = 0.86 < 1.00,SHADOW_TIME_CLOSE_EXIT,0.0,0.0,0.0,0.39,0.46,0.07,-0.18,-0.05,0.0,0.0,0.0,0.0,0.0,10018.79,0.12,-1.04,2026-07-28
56,2026-07-28 13:15:00+00:00,SOLUSDT,SHORT,REJECTED,HIGH_RISK__HIGH_QUAL__LOW_PROFIT,0.81,R:R Hurdle Failure: R:R = 0.81 < 1.00,SHADOW_TAKE_PROFIT_HIT,0.0,0.0,0.0,0.58,0.72,0.89,-0.42,0.58,0.0,0.0,0.0,0.0,0.0,10018.79,0.12,0.32,2026-07-28
57,2026-07-28 13:15:00+00:00,BTCUSDT,SHORT,EXECUTED,LOW_RISK__HIGH_QUAL__LOW_PROFIT,1.09,None,TAKE_PROFIT_HIT,150.28,5.0,751.41,0.67,0.61,0.9,-0.33,0.67,5.02,0.6,0.75,1.35,3.67,10022.46,0.09,,2026-07-28
58,2026-07-28 13:45:00+00:00,ETHUSDT,SHORT,REJECTED,HIGH_RISK__HIGH_QUAL__HIGH_PROFIT,0.53,R:R Hurdle Failure: R:R = 0.53 < 1.00,SHADOW_TAKE_PROFIT_HIT,0.0,0.0,0.0,0.51,0.96,0.92,-0.11,0.51,0.0,0.0,0.0,0.0,0.0,10022.46,0.09,1.5,2026-07-28
59,2026-07-28 14:45:00+00:00,ETHUSDT,LONG,EXECUTED,HIGH_RISK__LOW_QUAL__HIGH_PROFIT,1.71,None,TAKE_PROFIT_HIT,17.54,1.5,26.31,1.22,0.71,2.16,-0.24,1.22,0.32,0.02,0.03,0.05,0.27,10022.73,0.08,,2026-07-28
60,2026-07-28 15:00:00+00:00,XRPUSDT,LONG,REJECTED,HIGH_RISK__HIGH_QUAL__LOW_PROFIT,0.75,R:R Hurdle Failure: R:R = 0.75 < 1.00,SHADOW_TAKE_PROFIT_HIT,0.0,0.0,0.0,0.52,0.69,1.17,-0.32,0.52,0.0,0.0,0.0,0.0,0.0,10022.73,0.08,0.27,2026-07-28
61,2026-07-28 15:00:00+00:00,SOLUSDT,LONG,REJECTED,HIGH_RISK__HIGH_QUAL__HIGH_PROFIT,0.85,R:R Hurdle Failure: R:R = 0.85 < 1.00,SHADOW_TAKE_PROFIT_HIT,0.0,0.0,0.0,0.98,1.15,1.22,-0.52,0.98,0.0,0.0,0.0,0.0,0.0,10022.73,0.08,3.61,2026-07-28
62,2026-07-28 15:15:00+00:00,DOGEUSDT,LONG,REJECTED,HIGH_RISK__HIGH_QUAL__LOW_PROFIT,0.42,R:R Hurdle Failure: R:R = 0.42 < 1.00,SHADOW_TAKE_PROFIT_HIT,0.0,0.0,0.0,0.74,1.75,0.85,-1.06,0.74,0.0,0.0,0.0,0.0,0.0,10022.73,0.08,0.44,2026-07-28
63,2026-07-28 15:15:00+00:00,BTCUSDT,LONG,REJECTED,HIGH_RISK__HIGH_QUAL__HIGH_PROFIT,0.69,R:R Hurdle Failure: R:R = 0.69 < 1.00,SHADOW_TIME_CLOSE_EXIT,0.0,0.0,0.0,0.65,0.94,0.54,-0.6,0.05,0.0,0.0,0.0,0.0,0.0,10022.73,0.08,-0.59,2026-07-28
64,2026-07-28 18:30:00+00:00,XRPUSDT,SHORT,EXECUTED,LOW_RISK__LOW_QUAL__LOW_PROFIT,3.91,None,TIME_CLOSE_EXIT,50.11,5.0,250.57,1.46,0.37,0.11,-0.15,-0.12,-0.3,0.2,0.25,0.45,-0.75,10021.98,0.09,,2026-07-28
65,2026-07-28 19:15:00+00:00,XRPUSDT,LONG,REJECTED,HIGH_RISK__HIGH_QUAL__LOW_PROFIT,0.41,R:R Hurdle Failure: R:R = 0.41 < 1.00,SHADOW_TAKE_PROFIT_HIT,0.0,0.0,0.0,0.22,0.53,3.26,-0.17,0.22,0.0,0.0,0.0,0.0,0.0,10021.98,0.09,0.03,2026-07-28
66,2026-07-28 22:30:00+00:00,SOLUSDT,SHORT,EXECUTED,LOW_RISK__HIGH_QUAL__LOW_PROFIT,2.54,None,TAKE_PROFIT_HIT,150.33,5.0,751.65,1.37,0.54,1.41,-0.58,1.37,10.26,0.6,0.75,1.35,8.91,10030.89,0.0,,2026-07-28
67,2026-07-28 22:45:00+00:00,DOGEUSDT,SHORT,REJECTED,HIGH_RISK__HIGH_QUAL__HIGH_PROFIT,0.54,R:R Hurdle Failure: R:R = 0.54 < 1.00,SHADOW_TIME_CLOSE_EXIT,0.0,0.0,0.0,0.5,0.93,0.44,-0.5,-0.77,0.0,0.0,0.0,0.0,0.0,10030.89,0.0,-4.29,2026-07-28
68,2026-07-28 23:00:00+00:00,BTCUSDT,SHORT,EXECUTED,LOW_RISK__HIGH_QUAL__LOW_PROFIT,1.95,None,TIME_CLOSE_EXIT,150.46,5.0,752.32,0.88,0.45,0.1,-0.25,-0.45,-3.39,0.6,0.75,1.35,-4.74,10026.15,0.05,,2026-07-28
69,2026-07-28 23:00:00+00:00,ETHUSDT,SHORT,REJECTED,LOW_RISK__HIGH_QUAL__HIGH_PROFIT,0.9,R:R Hurdle Failure: R:R = 0.90 < 1.00,SHADOW_TIME_CLOSE_EXIT,0.0,0.0,0.0,0.64,0.71,0.23,-0.21,-0.51,0.0,0.0,0.0,0.0,0.0,10026.15,0.05,-5.19,2026-07-28
70,2026-07-28 23:45:00+00:00,ETHUSDT,LONG,REJECTED,HIGH_RISK__LOW_QUAL__HIGH_PROFIT,0.7,R:R Hurdle Failure: R:R = 0.70 < 1.00,SHADOW_TIME_CLOSE_EXIT,0.0,0.0,0.0,0.46,0.67,0.33,-0.29,-0.26,0.0,0.0,0.0,0.0,0.0,10026.15,0.05,-0.12,2026-07-28
71,2026-07-29 00:00:00+00:00,DOGEUSDT,LONG,REJECTED,HIGH_RISK__HIGH_QUAL__LOW_PROFIT,0.37,R:R Hurdle Failure: R:R = 0.37 < 1.00,SHADOW_TIME_CLOSE_EXIT,0.0,0.0,0.0,0.36,0.95,0.34,-0.14,-0.56,0.0,0.0,0.0,0.0,0.0,10026.15,0.05,-0.58,2026-07-29
72,2026-07-29 00:00:00+00:00,BTCUSDT,LONG,REJECTED,HIGH_RISK__HIGH_QUAL__HIGH_PROFIT,0.81,R:R Hurdle Failure: R:R = 0.81 < 1.00,SHADOW_TIME_CLOSE_EXIT,0.0,0.0,0.0,0.39,0.48,0.28,-0.16,-0.32,0.0,0.0,0.0,0.0,0.0,10026.15,0.05,-2.26,2026-07-29
73,2026-07-29 01:00:00+00:00,ETHUSDT,SHORT,EXECUTED,LOW_RISK__HIGH_QUAL__HIGH_PROFIT,2.23,None,TAKE_PROFIT_HIT,150.39,5.0,751.96,1.18,0.53,1.36,-0.48,1.18,8.87,0.6,0.75,1.35,7.52,10033.66,0.0,,2026-07-29
74,2026-07-29 01:45:00+00:00,BTCUSDT,SHORT,EXECUTED,LOW_RISK__HIGH_QUAL__LOW_PROFIT,2.11,None,TIME_CLOSE_EXIT,150.5,5.0,752.52,0.81,0.38,0.07,-0.26,-0.2,-1.51,0.6,0.75,1.35,-2.86,10030.8,0.03,,2026-07-29
75,2026-07-29 01:45:00+00:00,DOGEUSDT,SHORT,EXECUTED,HIGH_RISK__HIGH_QUAL__HIGH_PROFIT,1.11,None,TIME_CLOSE_EXIT,150.46,3.0,451.39,0.8,0.72,0.23,-0.26,-0.67,-3.02,0.36,0.45,0.81,-3.84,10026.97,0.07,,2026-07-29
76,2026-07-29 02:15:00+00:00,BTCUSDT,LONG,REJECTED,HIGH_RISK__HIGH_QUAL__HIGH_PROFIT,0.93,R:R Hurdle Failure: R:R = 0.93 < 1.00,SHADOW_TIME_CLOSE_EXIT,0.0,0.0,0.0,0.42,0.45,0.17,-0.53,-0.35,0.0,0.0,0.0,0.0,0.0,10026.97,0.07,-2.39,2026-07-29
77,2026-07-29 02:30:00+00:00,DOGEUSDT,LONG,REJECTED,HIGH_RISK__HIGH_QUAL__LOW_PROFIT,0.66,R:R Hurdle Failure: R:R = 0.66 < 1.00,SHADOW_TIME_CLOSE_EXIT,0.0,0.0,0.0,0.36,0.55,0.17,-0.2,-0.18,0.0,0.0,0.0,0.0,0.0,10026.97,0.07,-0.28,2026-07-29
78,2026-07-29 03:15:00+00:00,DOGEUSDT,SHORT,EXECUTED,HIGH_RISK__HIGH_QUAL__HIGH_PROFIT,1.47,None,TAKE_PROFIT_HIT,150.4,3.0,451.21,0.79,0.54,0.88,-0.41,0.79,3.58,0.36,0.45,0.81,2.77,10029.74,0.04,,2026-07-29
79,2026-07-29 03:30:00+00:00,BTCUSDT,SHORT,EXECUTED,LOW_RISK__HIGH_QUAL__LOW_PROFIT,2.33,None,TIME_CLOSE_EXIT,150.45,5.0,752.23,0.75,0.32,0.28,-0.15,-0.3,-2.26,0.6,0.75,1.35,-3.61,10026.13,0.08,,2026-07-29
80,2026-07-29 05:00:00+00:00,BTCUSDT,LONG,EXECUTED,HIGH_RISK__HIGH_QUAL__HIGH_PROFIT,1.39,None,TAKE_PROFIT_HIT,150.39,3.0,451.18,0.48,0.35,1.17,-0.17,0.48,2.19,0.36,0.45,0.81,1.38,10027.5,0.06,,2026-07-29
81,2026-07-29 05:45:00+00:00,ETHUSDT,LONG,EXECUTED,HIGH_RISK__LOW_QUAL__HIGH_PROFIT,2.25,None,TIME_CLOSE_EXIT,17.55,1.5,26.32,1.02,0.46,0.69,-0.19,0.2,0.05,0.02,0.03,0.05,0.01,10027.51,0.06,,2026-07-29
82,2026-07-29 05:45:00+00:00,SOLUSDT,LONG,EXECUTED,HIGH_RISK__HIGH_QUAL__HIGH_PROFIT,1.78,None,TIME_CLOSE_EXIT,150.41,3.0,451.24,0.99,0.56,0.88,-0.2,0.38,1.71,0.36,0.45,0.81,0.9,10028.41,0.05,,2026-07-29
83,2026-07-29 06:15:00+00:00,DOGEUSDT,LONG,EXECUTED,HIGH_RISK__HIGH_QUAL__LOW_PROFIT,1.04,None,TIME_CLOSE_EXIT,52.65,1.5,78.97,0.78,0.75,0.28,-0.55,-0.27,-0.21,0.06,0.08,0.14,-0.36,10028.05,0.06,,2026-07-29
84,2026-07-29 10:45:00+00:00,DOGEUSDT,SHORT,REJECTED,HIGH_RISK__HIGH_QUAL__HIGH_PROFIT,0.85,R:R Hurdle Failure: R:R = 0.85 < 1.00,SHADOW_TAKE_PROFIT_HIT,0.0,0.0,0.0,0.5,0.59,0.82,-0.26,0.5,0.0,0.0,0.0,0.0,0.0,10028.05,0.06,1.45,2026-07-29
85,2026-07-29 11:15:00+00:00,ETHUSDT,SHORT,EXECUTED,LOW_RISK__HIGH_QUAL__HIGH_PROFIT,1.58,None,TAKE_PROFIT_HIT,150.42,5.0,752.1,0.73,0.46,1.38,-0.17,0.73,5.47,0.6,0.75,1.35,4.12,10032.17,0.01,,2026-07-29
86,2026-07-29 11:30:00+00:00,XRPUSDT,SHORT,EXECUTED,LOW_RISK__LOW_QUAL__LOW_PROFIT,1.67,None,TAKE_PROFIT_HIT,50.16,5.0,250.8,0.99,0.6,1.67,-0.17,0.99,2.49,0.2,0.25,0.45,2.04,10034.21,0.0,,2026-07-29
87,2026-07-29 12:00:00+00:00,SOLUSDT,SHORT,EXECUTED,LOW_RISK__HIGH_QUAL__LOW_PROFIT,2.82,None,TIME_CLOSE_EXIT,150.51,5.0,752.57,1.48,0.52,1.19,-0.23,0.54,4.06,0.6,0.75,1.35,2.71,10036.92,0.0,,2026-07-29
88,2026-07-29 12:30:00+00:00,BTCUSDT,SHORT,EXECUTED,LOW_RISK__HIGH_QUAL__LOW_PROFIT,2.29,None,TIME_CLOSE_EXIT,150.55,5.0,752.77,0.73,0.32,0.3,-0.08,-0.23,-1.73,0.6,0.75,1.35,-3.09,10033.83,0.03,,2026-07-29
89,2026-07-29 13:45:00+00:00,BTCUSDT,LONG,REJECTED,HIGH_RISK__HIGH_QUAL__HIGH_PROFIT,0.6,R:R Hurdle Failure: R:R = 0.60 < 1.00,SHADOW_TIME_CLOSE_EXIT,0.0,0.0,0.0,0.47,0.79,0.0,-0.54,0.0,0.0,0.0,0.0,0.0,0.0,10033.83,0.03,-0.81,2026-07-29
90,2026-07-29 14:00:00+00:00,BTCUSDT,SHORT,EXECUTED,LOW_RISK__HIGH_QUAL__LOW_PROFIT,2.3,None,TAKE_PROFIT_HIT,150.51,5.0,752.54,0.93,0.4,1.0,-0.71,0.93,7.01,0.6,0.75,1.35,5.65,10039.49,0.0,,2026-07-29
91,2026-07-29 17:45:00+00:00,ETHUSDT,LONG,REJECTED,HIGH_RISK__LOW_QUAL__HIGH_PROFIT,0.47,R:R Hurdle Failure: R:R = 0.47 < 1.00,SHADOW_TAKE_PROFIT_HIT,0.0,0.0,0.0,0.53,1.13,1.02,-0.82,0.53,0.0,0.0,0.0,0.0,0.0,10039.49,0.0,0.09,2026-07-29
92,2026-07-29 17:45:00+00:00,DOGEUSDT,LONG,REJECTED,HIGH_RISK__HIGH_QUAL__LOW_PROFIT,0.59,R:R Hurdle Failure: R:R = 0.59 < 1.00,SHADOW_TAKE_PROFIT_HIT,0.0,0.0,0.0,0.51,0.87,0.75,-0.41,0.51,0.0,0.0,0.0,0.0,0.0,10039.49,0.0,0.26,2026-07-29
93,2026-07-29 17:45:00+00:00,SOLUSDT,LONG,REJECTED,HIGH_RISK__HIGH_QUAL__HIGH_PROFIT,0.51,R:R Hurdle Failure: R:R = 0.51 < 1.00,SHADOW_TAKE_PROFIT_HIT,0.0,0.0,0.0,0.61,1.18,0.8,-0.81,0.61,0.0,0.0,0.0,0.0,0.0,10039.49,0.0,1.94,2026-07-29
94,2026-07-29 17:45:00+00:00,XRPUSDT,LONG,REJECTED,HIGH_RISK__HIGH_QUAL__LOW_PROFIT,0.81,R:R Hurdle Failure: R:R = 0.81 < 1.00,SHADOW_TAKE_PROFIT_HIT,0.0,0.0,0.0,0.76,0.94,0.99,-0.6,0.76,0.0,0.0,0.0,0.0,0.0,10039.49,0.0,0.46,2026-07-29
95,2026-07-29 18:30:00+00:00,BTCUSDT,LONG,REJECTED,HIGH_RISK__HIGH_QUAL__HIGH_PROFIT,0.65,R:R Hurdle Failure: R:R = 0.65 < 1.00,SHADOW_TIME_CLOSE_EXIT,0.0,0.0,0.0,0.63,0.96,0.36,-1.01,-0.58,0.0,0.0,0.0,0.0,0.0,10039.49,0.0,-3.43,2026-07-29
96,2026-07-29 19:30:00+00:00,BTCUSDT,SHORT,EXECUTED,LOW_RISK__HIGH_QUAL__LOW_PROFIT,1.98,None,TIME_CLOSE_EXIT,150.59,5.0,752.96,1.29,0.65,0.95,-0.38,-0.27,-2.03,0.6,0.75,1.36,-3.39,10036.1,0.03,,2026-07-29
97,2026-07-29 19:45:00+00:00,ETHUSDT,SHORT,EXECUTED,HIGH_RISK__HIGH_QUAL__HIGH_PROFIT,1.02,None,TIME_CLOSE_EXIT,150.54,3.0,451.62,1.23,1.21,0.88,-0.68,-1.01,-4.56,0.36,0.45,0.81,-5.37,10030.73,0.09,,2026-07-29
98,2026-07-29 19:45:00+00:00,SOLUSDT,SHORT,EXECUTED,HIGH_RISK__HIGH_QUAL__LOW_PROFIT,1.7,None,TIME_CLOSE_EXIT,52.66,1.5,78.99,2.0,1.18,0.6,-0.81,-1.18,-0.93,0.06,0.08,0.14,-1.07,10029.65,0.1,,2026-07-29
99,2026-07-29 19:45:00+00:00,DOGEUSDT,SHORT,REJECTED,HIGH_RISK__LOW_QUAL__HIGH_PROFIT,0.77,R:R Hurdle Failure: R:R = 0.77 < 1.00,SHADOW_TAKE_PROFIT_HIT,0.0,0.0,0.0,1.07,1.38,1.28,-0.59,1.07,0.0,0.0,0.0,0.0,0.0,10029.65,0.1,0.23,2026-07-29
100,2026-07-29 20:00:00+00:00,XRPUSDT,SHORT,REJECTED,HIGH_RISK__LOW_QUAL__LOW_PROFIT,1.25,Consensus Failure: HIGH_RISK + LOW_QUAL + LOW_PROFIT,SHADOW_TIME_CLOSE_EXIT,0.0,0.0,0.0,1.31,1.05,0.61,-0.2,-0.68,0.0,0.0,0.0,0.0,0.0,10029.65,0.1,-0.23,2026-07-29
101,2026-07-29 22:15:00+00:00,SOLUSDT,LONG,EXECUTED,HIGH_RISK__HIGH_QUAL__HIGH_PROFIT,1.14,None,TIME_CLOSE_EXIT,150.44,3.0,451.33,1.06,0.93,0.68,-0.76,-0.18,-0.81,0.36,0.45,0.81,-1.62,10028.03,0.11,,2026-07-29
102,2026-07-29 22:15:00+00:00,ETHUSDT,LONG,EXECUTED,HIGH_RISK__LOW_QUAL__HIGH_PROFIT,1.13,None,TIME_CLOSE_EXIT,17.55,1.5,26.32,0.95,0.84,0.7,-0.76,-0.11,-0.03,0.02,0.03,0.05,-0.08,10027.95,0.11,,2026-07-29
103,2026-07-29 22:30:00+00:00,XRPUSDT,LONG,EXECUTED,HIGH_RISK__HIGH_QUAL__LOW_PROFIT,1.32,None,TIME_CLOSE_EXIT,52.65,1.5,78.97,0.61,0.46,0.12,-0.14,-0.07,-0.06,0.06,0.08,0.14,-0.2,10027.75,0.12,,2026-07-29
104,2026-07-29 22:30:00+00:00,BTCUSDT,LONG,EXECUTED,HIGH_RISK__HIGH_QUAL__HIGH_PROFIT,1.01,None,TIME_CLOSE_EXIT,150.42,3.0,451.25,0.55,0.55,0.17,-0.18,-0.5,-2.26,0.36,0.45,0.81,-3.07,10024.68,0.15,,2026-07-29
105,2026-07-29 23:00:00+00:00,XRPUSDT,SHORT,EXECUTED,LOW_RISK__LOW_QUAL__LOW_PROFIT,1.57,None,TIME_CLOSE_EXIT,50.12,5.0,250.62,0.92,0.59,0.03,-0.3,-0.24,-0.6,0.2,0.25,0.45,-1.05,10023.63,0.16,,2026-07-29
106,2026-07-29 23:15:00+00:00,DOGEUSDT,LONG,EXECUTED,HIGH_RISK__HIGH_QUAL__LOW_PROFIT,1.24,None,TAKE_PROFIT_HIT,52.62,1.5,78.94,0.59,0.47,0.84,-0.38,0.59,0.46,0.06,0.08,0.14,0.32,10023.95,0.15,,2026-07-29
107,2026-07-30 00:00:00+00:00,XRPUSDT,LONG,EXECUTED,HIGH_RISK__HIGH_QUAL__LOW_PROFIT,1.16,None,TIME_CLOSE_EXIT,52.63,1.5,78.94,0.46,0.39,0.17,-0.22,-0.03,-0.02,0.06,0.08,0.14,-0.17,10023.79,0.16,,2026-07-30
108,2026-07-30 00:30:00+00:00,XRPUSDT,SHORT,EXECUTED,LOW_RISK__LOW_QUAL__LOW_PROFIT,1.35,None,TIME_CLOSE_EXIT,50.12,5.0,250.59,0.89,0.66,0.14,-0.47,-0.64,-1.6,0.2,0.25,0.45,-2.05,10021.73,0.18,,2026-07-30
109,2026-07-30 00:45:00+00:00,BTCUSDT,SHORT,EXECUTED,LOW_RISK__HIGH_QUAL__LOW_PROFIT,1.21,None,TIME_CLOSE_EXIT,150.33,5.0,751.63,0.6,0.5,0.15,-0.08,-0.57,-4.28,0.6,0.75,1.35,-5.64,10016.1,0.23,,2026-07-30
110,2026-07-30 01:45:00+00:00,XRPUSDT,LONG,REJECTED,HIGH_RISK__HIGH_QUAL__LOW_PROFIT,0.81,R:R Hurdle Failure: R:R = 0.81 < 1.00,SHADOW_TIME_CLOSE_EXIT,0.0,0.0,0.0,0.63,0.78,0.26,-0.17,-0.32,0.0,0.0,0.0,0.0,0.0,10016.1,0.23,-0.39,2026-07-30
111,2026-07-30 01:45:00+00:00,BTCUSDT,LONG,EXECUTED,HIGH_RISK__HIGH_QUAL__HIGH_PROFIT,1.03,None,TIME_CLOSE_EXIT,150.24,3.0,450.72,0.74,0.72,0.23,-0.35,-0.38,-1.71,0.36,0.45,0.81,-2.52,10013.57,0.26,,2026-07-30
112,2026-07-30 04:15:00+00:00,DOGEUSDT,SHORT,EXECUTED,HIGH_RISK__HIGH_QUAL__HIGH_PROFIT,1.13,None,TAKE_PROFIT_HIT,150.2,3.0,450.61,0.64,0.57,0.66,-0.19,0.64,2.9,0.36,0.45,0.81,2.08,10015.66,0.24,,2026-07-30
113,2026-07-30 04:30:00+00:00,SOLUSDT,SHORT,EXECUTED,LOW_RISK__HIGH_QUAL__LOW_PROFIT,1.66,None,TIME_CLOSE_EXIT,150.23,5.0,751.17,0.72,0.43,0.39,-0.37,-0.26,-1.95,0.6,0.75,1.35,-3.31,10012.35,0.27,,2026-07-30
114,2026-07-30 04:30:00+00:00,ETHUSDT,SHORT,EXECUTED,LOW_RISK__HIGH_QUAL__HIGH_PROFIT,2.18,None,TIME_CLOSE_EXIT,150.19,5.0,750.93,0.79,0.36,0.29,-0.24,0.02,0.15,0.6,0.75,1.35,-1.2,10011.15,0.28,,2026-07-30
115,2026-07-30 04:45:00+00:00,XRPUSDT,SHORT,EXECUTED,LOW_RISK__LOW_QUAL__LOW_PROFIT,2.57,None,TIME_CLOSE_EXIT,50.06,5.0,250.28,0.66,0.26,0.17,-0.2,-0.02,-0.05,0.2,0.25,0.45,-0.5,10010.65,0.29,,2026-07-30
116,2026-07-30 05:00:00+00:00,BTCUSDT,SHORT,EXECUTED,LOW_RISK__HIGH_QUAL__LOW_PROFIT,2.4,None,TIME_CLOSE_EXIT,150.16,5.0,750.8,0.63,0.26,0.1,-0.1,-0.05,-0.38,0.6,0.75,1.35,-1.73,10008.92,0.3,,2026-07-30
117,2026-07-30 05:30:00+00:00,XRPUSDT,LONG,EXECUTED,HIGH_RISK__HIGH_QUAL__LOW_PROFIT,1.01,None,TIME_CLOSE_EXIT,52.55,1.5,78.82,0.38,0.37,0.07,-0.27,-0.22,-0.17,0.06,0.08,0.14,-0.32,10008.61,0.31,,2026-07-30
118,2026-07-30 06:45:00+00:00,XRPUSDT,SHORT,EXECUTED,LOW_RISK__LOW_QUAL__LOW_PROFIT,1.95,None,TIME_CLOSE_EXIT,50.04,5.0,250.22,0.65,0.34,0.14,-0.15,0.0,0.0,0.2,0.25,0.45,-0.45,10008.16,0.31,,2026-07-30
119,2026-07-30 07:00:00+00:00,XRPUSDT,LONG,EXECUTED,HIGH_RISK__HIGH_QUAL__LOW_PROFIT,1.21,None,TAKE_PROFIT_HIT,52.54,1.5,78.81,0.45,0.37,1.72,-0.27,0.45,0.35,0.06,0.08,0.14,0.21,10008.37,0.31,,2026-07-30
120,2026-07-30 08:15:00+00:00,ETHUSDT,LONG,EXECUTED,HIGH_RISK__LOW_QUAL__HIGH_PROFIT,1.09,None,TAKE_PROFIT_HIT,17.51,1.5,26.27,0.89,0.82,1.18,-0.56,0.89,0.23,0.02,0.03,0.05,0.19,10008.55,0.31,,2026-07-30
121,2026-07-30 08:15:00+00:00,BTCUSDT,LONG,EXECUTED,HIGH_RISK__HIGH_QUAL__HIGH_PROFIT,1.56,None,TAKE_PROFIT_HIT,150.13,3.0,450.38,0.93,0.6,1.41,-0.45,0.93,4.2,0.36,0.45,0.81,3.39,10011.95,0.27,,2026-07-30
122,2026-07-30 08:45:00+00:00,SOLUSDT,LONG,EXECUTED,HIGH_RISK__HIGH_QUAL__HIGH_PROFIT,2.01,None,TAKE_PROFIT_HIT,150.18,3.0,450.54,1.05,0.52,1.59,-0.12,1.05,4.75,0.36,0.45,0.81,3.94,10015.89,0.24,,2026-07-30
123,2026-07-30 09:00:00+00:00,DOGEUSDT,LONG,REJECTED,HIGH_RISK__HIGH_QUAL__LOW_PROFIT,0.83,R:R Hurdle Failure: R:R = 0.83 < 1.00,SHADOW_TIME_CLOSE_EXIT,0.0,0.0,0.0,0.53,0.64,0.24,-0.19,-0.24,0.0,0.0,0.0,0.0,0.0,10015.89,0.24,-0.33,2026-07-30
124,2026-07-30 11:15:00+00:00,DOGEUSDT,SHORT,REJECTED,HIGH_RISK__HIGH_QUAL__HIGH_PROFIT,0.97,R:R Hurdle Failure: R:R = 0.97 < 1.00,SHADOW_TIME_CLOSE_EXIT,0.0,0.0,0.0,0.53,0.54,0.24,-0.14,-0.24,0.0,0.0,0.0,0.0,0.0,10015.89,0.24,-1.89,2026-07-30
125,2026-07-30 12:00:00+00:00,DOGEUSDT,LONG,REJECTED,HIGH_RISK__HIGH_QUAL__LOW_PROFIT,0.83,R:R Hurdle Failure: R:R = 0.83 < 1.00,SHADOW_TAKE_PROFIT_HIT,0.0,0.0,0.0,0.56,0.68,1.0,-0.58,0.56,0.0,0.0,0.0,0.0,0.0,10015.89,0.24,0.3,2026-07-30
126,2026-07-30 15:00:00+00:00,ETHUSDT,SHORT,EXECUTED,LOW_RISK__HIGH_QUAL__HIGH_PROFIT,1.23,None,TIME_CLOSE_EXIT,150.24,5.0,751.19,0.69,0.57,0.12,-0.22,-0.27,-2.03,0.6,0.75,1.35,-3.38,10012.51,0.27,,2026-07-30
127,2026-07-30 17:30:00+00:00,ETHUSDT,LONG,EXECUTED,HIGH_RISK__LOW_QUAL__HIGH_PROFIT,1.24,None,TIME_CLOSE_EXIT,17.52,1.5,26.28,0.57,0.46,0.1,-0.24,-0.17,-0.04,0.02,0.03,0.05,-0.09,10012.41,0.27,,2026-07-30
128,2026-07-30 18:30:00+00:00,ETHUSDT,SHORT,EXECUTED,LOW_RISK__HIGH_QUAL__HIGH_PROFIT,1.43,None,TIME_CLOSE_EXIT,150.19,5.0,750.93,0.42,0.29,0.2,-0.12,-0.18,-1.35,0.6,0.75,1.35,-2.7,10009.71,0.3,,2026-07-30
129,2026-07-30 18:45:00+00:00,BTCUSDT,SHORT,EXECUTED,LOW_RISK__HIGH_QUAL__LOW_PROFIT,1.1,None,TIME_CLOSE_EXIT,150.15,5.0,750.73,0.38,0.35,0.02,-0.05,-0.21,-1.58,0.6,0.75,1.35,-2.93,10006.78,0.33,,2026-07-30
130,2026-07-30 19:00:00+00:00,XRPUSDT,SHORT,REJECTED,LOW_RISK__LOW_QUAL__LOW_PROFIT,0.95,R:R Hurdle Failure: R:R = 0.95 < 1.00,SHADOW_TIME_CLOSE_EXIT,0.0,0.0,0.0,0.46,0.49,0.13,-0.1,-0.27,0.0,0.0,0.0,0.0,0.0,10006.78,0.33,-1.13,2026-07-30
131,2026-07-30 19:15:00+00:00,ETHUSDT,LONG,REJECTED,HIGH_RISK__LOW_QUAL__HIGH_PROFIT,0.93,R:R Hurdle Failure: R:R = 0.93 < 1.00,SHADOW_TIME_CLOSE_EXIT,0.0,0.0,0.0,0.64,0.69,0.15,-0.29,-0.25,0.0,0.0,0.0,0.0,0.0,10006.78,0.33,-0.11,2026-07-30
132,2026-07-30 19:15:00+00:00,BTCUSDT,LONG,EXECUTED,HIGH_RISK__HIGH_QUAL__HIGH_PROFIT,1.14,None,TIME_CLOSE_EXIT,150.1,3.0,450.31,0.33,0.29,0.07,-0.16,-0.15,-0.68,0.36,0.45,0.81,-1.49,10005.3,0.34,,2026-07-30
133,2026-07-30 19:45:00+00:00,XRPUSDT,LONG,EXECUTED,HIGH_RISK__HIGH_QUAL__LOW_PROFIT,1.31,None,TIME_CLOSE_EXIT,52.53,1.5,78.79,0.58,0.45,0.22,-0.17,-0.14,-0.11,0.06,0.08,0.14,-0.25,10005.04,0.34,,2026-07-30
134,2026-07-30 20:15:00+00:00,BTCUSDT,SHORT,EXECUTED,LOW_RISK__HIGH_QUAL__LOW_PROFIT,2.36,None,TIME_CLOSE_EXIT,150.08,5.0,750.38,0.29,0.12,0.05,-0.12,0.0,0.0,0.6,0.75,1.35,-1.35,10003.69,0.36,,2026-07-30
135,2026-07-30 20:15:00+00:00,XRPUSDT,SHORT,EXECUTED,LOW_RISK__LOW_QUAL__LOW_PROFIT,2.01,None,TAKE_PROFIT_HIT,50.02,5.0,250.09,0.71,0.35,2.68,-0.35,0.71,1.77,0.2,0.25,0.45,1.32,10005.01,0.34,,2026-07-30
136,2026-07-30 20:30:00+00:00,BTCUSDT,LONG,REJECTED,HIGH_RISK__HIGH_QUAL__HIGH_PROFIT,0.86,R:R Hurdle Failure: R:R = 0.86 < 1.00,SHADOW_TIME_CLOSE_EXIT,0.0,0.0,0.0,0.22,0.26,0.02,-0.18,0.0,0.0,0.0,0.0,0.0,0.0,10005.01,0.34,-0.81,2026-07-30
137,2026-07-30 20:45:00+00:00,DOGEUSDT,SHORT,EXECUTED,HIGH_RISK__HIGH_QUAL__HIGH_PROFIT,1.22,None,TIME_CLOSE_EXIT,150.08,3.0,450.23,0.52,0.42,0.23,-0.26,-0.13,-0.59,0.36,0.45,0.81,-1.4,10003.62,0.36,,2026-07-30
138,2026-07-30 20:45:00+00:00,BTCUSDT,SHORT,EXECUTED,LOW_RISK__HIGH_QUAL__LOW_PROFIT,2.2,None,TIME_CLOSE_EXIT,150.05,5.0,750.27,0.31,0.14,0.12,-0.17,0.06,0.45,0.6,0.75,1.35,-0.9,10002.72,0.37,,2026-07-30
139,2026-07-30 20:45:00+00:00,SOLUSDT,SHORT,EXECUTED,LOW_RISK__HIGH_QUAL__LOW_PROFIT,1.76,None,TIME_CLOSE_EXIT,150.04,5.0,750.2,0.67,0.38,0.12,-0.39,-0.28,-2.1,0.6,0.75,1.35,-3.45,9999.26,0.4,,2026-07-30
140,2026-07-30 21:45:00+00:00,ETHUSDT,SHORT,EXECUTED,LOW_RISK__HIGH_QUAL__HIGH_PROFIT,1.48,None,TIME_CLOSE_EXIT,149.99,5.0,749.94,0.52,0.35,0.08,-0.18,0.0,0.0,0.6,0.75,1.35,-1.35,9997.91,0.41,,2026-07-30
141,2026-07-30 22:00:00+00:00,ETHUSDT,LONG,REJECTED,HIGH_RISK__LOW_QUAL__HIGH_PROFIT,0.61,R:R Hurdle Failure: R:R = 0.61 < 1.00,SHADOW_TAKE_PROFIT_HIT,0.0,0.0,0.0,0.35,0.56,0.58,-0.5,0.35,0.0,0.0,0.0,0.0,0.0,9997.91,0.41,0.04,2026-07-30
142,2026-07-30 22:00:00+00:00,BTCUSDT,LONG,EXECUTED,HIGH_RISK__HIGH_QUAL__HIGH_PROFIT,1.66,None,TIME_CLOSE_EXIT,149.97,3.0,449.91,0.7,0.42,0.24,-0.4,-0.17,-0.76,0.36,0.45,0.81,-1.57,9996.34,0.43,,2026-07-30
143,2026-07-30 22:15:00+00:00,SOLUSDT,LONG,EXECUTED,HIGH_RISK__HIGH_QUAL__HIGH_PROFIT,1.04,None,TIME_CLOSE_EXIT,149.95,3.0,449.84,0.74,0.71,0.19,-0.25,-0.32,-1.44,0.36,0.45,0.81,-2.25,9994.09,0.45,,2026-07-30
144,2026-07-30 22:15:00+00:00,DOGEUSDT,LONG,REJECTED,HIGH_RISK__HIGH_QUAL__LOW_PROFIT,0.9,R:R Hurdle Failure: R:R = 0.90 < 1.00,SHADOW_TIME_CLOSE_EXIT,0.0,0.0,0.0,0.47,0.52,0.14,-0.41,-0.37,0.0,0.0,0.0,0.0,0.0,9994.09,0.45,-0.43,2026-07-30
145,2026-07-30 23:45:00+00:00,DOGEUSDT,SHORT,EXECUTED,HIGH_RISK__HIGH_QUAL__HIGH_PROFIT,1.27,None,TAKE_PROFIT_HIT,149.91,3.0,449.73,0.45,0.36,0.55,-0.23,0.45,2.04,0.36,0.45,0.81,1.23,9995.33,0.44,,2026-07-30
146,2026-07-31 00:00:00+00:00,ETHUSDT,SHORT,EXECUTED,LOW_RISK__HIGH_QUAL__HIGH_PROFIT,2.1,None,TIME_CLOSE_EXIT,149.93,5.0,749.65,0.85,0.41,0.23,-0.14,-0.6,-4.5,0.6,0.75,1.35,-5.85,9989.48,0.5,,2026-07-31
147,2026-07-31 00:15:00+00:00,BTCUSDT,SHORT,EXECUTED,LOW_RISK__HIGH_QUAL__LOW_PROFIT,2.8,None,TIME_CLOSE_EXIT,149.84,5.0,749.21,0.58,0.21,0.13,-0.07,0.08,0.6,0.6,0.75,1.35,-0.75,9988.73,0.51,,2026-07-31
148,2026-07-31 00:15:00+00:00,SOLUSDT,SHORT,EXECUTED,LOW_RISK__HIGH_QUAL__LOW_PROFIT,2.03,None,TIME_CLOSE_EXIT,149.83,5.0,749.15,0.62,0.31,0.17,-0.11,0.09,0.67,0.6,0.75,1.35,-0.67,9988.05,0.51,,2026-07-31
149,2026-07-31 01:00:00+00:00,SOLUSDT,LONG,REJECTED,HIGH_RISK__HIGH_QUAL__HIGH_PROFIT,0.67,R:R Hurdle Failure: R:R = 0.67 < 1.00,SHADOW_TIME_CLOSE_EXIT,0.0,0.0,0.0,0.74,1.1,0.09,-0.97,-1.09,0.0,0.0,0.0,0.0,0.0,9988.05,0.51,-5.71,2026-07-31
150,2026-07-31 01:00:00+00:00,BTCUSDT,LONG,REJECTED,HIGH_RISK__HIGH_QUAL__HIGH_PROFIT,0.67,R:R Hurdle Failure: R:R = 0.67 < 1.00,SHADOW_TIME_CLOSE_EXIT,0.0,0.0,0.0,0.57,0.85,0.34,-0.71,-0.56,0.0,0.0,0.0,0.0,0.0,9988.05,0.51,-3.33,2026-07-31
151,2026-07-31 01:15:00+00:00,ETHUSDT,LONG,REJECTED,HIGH_RISK__LOW_QUAL__HIGH_PROFIT,0.62,R:R Hurdle Failure: R:R = 0.62 < 1.00,SHADOW_TIME_CLOSE_EXIT,0.0,0.0,0.0,0.45,0.73,0.17,-0.23,0.0,0.0,0.0,0.0,0.0,0.0,9988.05,0.51,-0.05,2026-07-31
152,2026-07-31 01:15:00+00:00,DOGEUSDT,LONG,REJECTED,HIGH_RISK__HIGH_QUAL__LOW_PROFIT,0.39,R:R Hurdle Failure: R:R = 0.39 < 1.00,SHADOW_TIME_CLOSE_EXIT,0.0,0.0,0.0,0.26,0.66,0.07,-0.23,0.0,0.0,0.0,0.0,0.0,0.0,9988.05,0.51,-0.14,2026-07-31
153,2026-07-31 01:30:00+00:00,DOGEUSDT,SHORT,EXECUTED,HIGH_RISK__HIGH_QUAL__HIGH_PROFIT,1.72,None,TAKE_PROFIT_HIT,149.82,3.0,449.46,0.66,0.38,2.98,-0.4,0.66,2.95,0.36,0.45,0.81,2.15,9990.2,0.49,,2026-07-31
154,2026-07-31 01:30:00+00:00,ETHUSDT,SHORT,EXECUTED,LOW_RISK__HIGH_QUAL__HIGH_PROFIT,2.84,None,TAKE_PROFIT_HIT,149.85,5.0,749.27,0.98,0.35,3.68,-0.56,0.98,7.36,0.6,0.75,1.35,6.01,9996.21,0.43,,2026-07-31
155,2026-07-31 01:45:00+00:00,BTCUSDT,SHORT,EXECUTED,LOW_RISK__HIGH_QUAL__LOW_PROFIT,1.37,None,TAKE_PROFIT_HIT,149.94,5.0,749.72,0.9,0.66,3.25,-0.51,0.9,6.75,0.6,0.75,1.35,5.4,10001.61,0.38,,2026-07-31
156,2026-07-31 02:00:00+00:00,SOLUSDT,SHORT,EXECUTED,LOW_RISK__HIGH_QUAL__LOW_PROFIT,1.41,None,TIME_CLOSE_EXIT,150.02,5.0,750.12,0.88,0.62,0.85,-0.28,0.0,0.0,0.6,0.75,1.35,-1.35,10000.26,0.39,,2026-07-31
157,2026-07-31 06:15:00+00:00,SOLUSDT,LONG,EXECUTED,HIGH_RISK__HIGH_QUAL__HIGH_PROFIT,1.13,None,TIME_CLOSE_EXIT,150.0,3.0,450.01,0.71,0.63,0.01,-0.21,0.0,0.0,0.36,0.45,0.81,-0.81,9999.45,0.4,,2026-07-31
158,2026-07-31 06:30:00+00:00,SOLUSDT,SHORT,EXECUTED,LOW_RISK__HIGH_QUAL__LOW_PROFIT,2.65,None,TAKE_PROFIT_HIT,149.99,5.0,749.96,0.71,0.27,1.13,-0.55,0.71,5.3,0.6,0.75,1.35,3.95,10003.4,0.36,,2026-07-31
159,2026-07-31 13:15:00+00:00,SOLUSDT,LONG,REJECTED,HIGH_RISK__HIGH_QUAL__HIGH_PROFIT,0.58,R:R Hurdle Failure: R:R = 0.58 < 1.00,SHADOW_TIME_CLOSE_EXIT,0.0,0.0,0.0,0.38,0.65,0.01,-0.15,0.0,0.0,0.0,0.0,0.0,0.0,10003.4,0.36,-0.81,2026-07-31
160,2026-07-31 13:30:00+00:00,SOLUSDT,SHORT,EXECUTED,LOW_RISK__HIGH_QUAL__LOW_PROFIT,3.51,None,TIME_CLOSE_EXIT,150.05,5.0,750.26,1.94,0.55,0.82,-0.57,0.07,0.53,0.6,0.75,1.35,-0.83,10002.58,0.37,,2026-07-31
161,2026-07-31 17:00:00+00:00,DOGEUSDT,LONG,REJECTED,HIGH_RISK__HIGH_QUAL__LOW_PROFIT,0.65,R:R Hurdle Failure: R:R = 0.65 < 1.00,SHADOW_TAKE_PROFIT_HIT,0.0,0.0,0.0,0.52,0.81,1.02,-0.11,0.52,0.0,0.0,0.0,0.0,0.0,10002.58,0.37,0.27,2026-07-31
162,2026-07-31 17:30:00+00:00,XRPUSDT,LONG,REJECTED,HIGH_RISK__HIGH_QUAL__LOW_PROFIT,0.42,R:R Hurdle Failure: R:R = 0.42 < 1.00,SHADOW_TIME_CLOSE_EXIT,0.0,0.0,0.0,0.25,0.6,0.22,-0.04,-0.33,0.0,0.0,0.0,0.0,0.0,10002.58,0.37,-0.4,2026-07-31
163,2026-07-31 17:45:00+00:00,ETHUSDT,LONG,REJECTED,HIGH_RISK__LOW_QUAL__HIGH_PROFIT,0.35,R:R Hurdle Failure: R:R = 0.35 < 1.00,SHADOW_TIME_CLOSE_EXIT,0.0,0.0,0.0,0.19,0.54,0.17,-0.08,-0.36,0.0,0.0,0.0,0.0,0.0,10002.58,0.37,-0.14,2026-07-31
164,2026-07-31 18:00:00+00:00,SOLUSDT,LONG,EXECUTED,HIGH_RISK__HIGH_QUAL__HIGH_PROFIT,1.12,None,TIME_CLOSE_EXIT,150.04,3.0,450.12,0.28,0.25,0.25,-0.03,0.0,0.0,0.36,0.45,0.81,-0.81,10001.77,0.38,,2026-07-31
165,2026-07-31 18:15:00+00:00,SOLUSDT,SHORT,EXECUTED,LOW_RISK__HIGH_QUAL__LOW_PROFIT,5.98,None,TIME_CLOSE_EXIT,150.03,5.0,750.13,1.54,0.26,0.89,-0.33,0.27,2.03,0.6,0.75,1.35,0.68,10002.44,0.37,,2026-07-31
166,2026-07-31 18:30:00+00:00,BTCUSDT,LONG,REJECTED,HIGH_RISK__HIGH_QUAL__HIGH_PROFIT,0.46,R:R Hurdle Failure: R:R = 0.46 < 1.00,SHADOW_TAKE_PROFIT_HIT,0.0,0.0,0.0,0.12,0.27,0.22,-0.11,0.12,0.0,0.0,0.0,0.0,0.0,10002.44,0.37,-0.26,2026-07-31
167,2026-07-31 19:00:00+00:00,XRPUSDT,SHORT,EXECUTED,LOW_RISK__LOW_QUAL__LOW_PROFIT,2.62,None,TIME_CLOSE_EXIT,50.01,5.0,250.06,1.16,0.44,0.35,-0.31,0.0,0.0,0.2,0.25,0.45,-0.45,10001.99,0.37,,2026-07-31
168,2026-07-31 19:30:00+00:00,BTCUSDT,SHORT,EXECUTED,LOW_RISK__HIGH_QUAL__LOW_PROFIT,2.9,None,TIME_CLOSE_EXIT,150.03,5.0,750.15,0.58,0.2,0.25,-0.08,0.04,0.3,0.6,0.75,1.35,-1.05,10000.94,0.38,,2026-07-31
169,2026-07-31 19:45:00+00:00,ETHUSDT,SHORT,EXECUTED,LOW_RISK__HIGH_QUAL__HIGH_PROFIT,3.84,None,TIME_CLOSE_EXIT,150.01,5.0,750.07,0.96,0.25,0.5,-0.14,0.12,0.9,0.6,0.75,1.35,-0.45,10000.49,0.39,,2026-07-31
170,2026-07-31 20:45:00+00:00,DOGEUSDT,SHORT,EXECUTED,HIGH_RISK__HIGH_QUAL__HIGH_PROFIT,1.18,None,TIME_CLOSE_EXIT,150.01,3.0,450.02,0.78,0.66,0.12,-0.26,-0.35,-1.58,0.36,0.45,0.81,-2.39,9998.11,0.41,,2026-07-31
171,2026-07-31 22:15:00+00:00,DOGEUSDT,LONG,REJECTED,HIGH_RISK__HIGH_QUAL__LOW_PROFIT,0.64,R:R Hurdle Failure: R:R = 0.64 < 1.00,SHADOW_TIME_CLOSE_EXIT,0.0,0.0,0.0,0.24,0.38,0.0,-0.13,0.0,0.0,0.0,0.0,0.0,0.0,9998.11,0.41,-0.14,2026-07-31
172,2026-07-31 22:30:00+00:00,DOGEUSDT,SHORT,EXECUTED,HIGH_RISK__HIGH_QUAL__HIGH_PROFIT,1.75,None,TIME_CLOSE_EXIT,149.97,3.0,449.91,0.52,0.3,0.24,-0.16,0.09,0.4,0.36,0.45,0.81,-0.4,9997.7,0.42,,2026-07-31
173,2026-08-01 00:30:00+00:00,DOGEUSDT,LONG,REJECTED,HIGH_RISK__HIGH_QUAL__LOW_PROFIT,0.67,R:R Hurdle Failure: R:R = 0.67 < 1.00,SHADOW_TAKE_PROFIT_HIT,0.0,0.0,0.0,0.37,0.56,0.56,-0.43,0.37,0.0,0.0,0.0,0.0,0.0,9997.7,0.42,0.15,2026-08-01
174,2026-08-01 00:30:00+00:00,ETHUSDT,LONG,EXECUTED,LOW_RISK__LOW_QUAL__LOW_PROFIT,1.89,None,TIME_CLOSE_EXIT,49.99,5.0,249.94,0.29,0.15,0.26,-0.15,0.04,0.1,0.2,0.25,0.45,-0.35,9997.35,0.42,,2026-08-01
175,2026-08-01 01:00:00+00:00,XRPUSDT,LONG,REJECTED,HIGH_RISK__HIGH_QUAL__LOW_PROFIT,0.65,R:R Hurdle Failure: R:R = 0.65 < 1.00,SHADOW_TAKE_PROFIT_HIT,0.0,0.0,0.0,0.2,0.3,0.26,-0.15,0.2,0.0,0.0,0.0,0.0,0.0,9997.35,0.42,0.01,2026-08-01
176,2026-08-01 01:00:00+00:00,SOLUSDT,LONG,REJECTED,HIGH_RISK__HIGH_QUAL__HIGH_PROFIT,0.35,R:R Hurdle Failure: R:R = 0.35 < 1.00,SHADOW_TIME_CLOSE_EXIT,0.0,0.0,0.0,0.11,0.33,0.08,-0.16,-0.16,0.0,0.0,0.0,0.0,0.0,9997.35,0.42,-1.53,2026-08-01
177,2026-08-01 02:00:00+00:00,BTCUSDT,LONG,REJECTED,HIGH_RISK__HIGH_QUAL__HIGH_PROFIT,0.92,R:R Hurdle Failure: R:R = 0.92 < 1.00,SHADOW_TAKE_PROFIT_HIT,0.0,0.0,0.0,0.08,0.09,0.21,-0.08,0.08,0.0,0.0,0.0,0.0,0.0,9997.35,0.42,-0.45,2026-08-01
178,2026-08-01 03:15:00+00:00,SOLUSDT,SHORT,EXECUTED,LOW_RISK__HIGH_QUAL__LOW_PROFIT,3.9,None,TIME_CLOSE_EXIT,149.96,5.0,749.8,1.03,0.27,0.08,-0.11,-0.15,-1.12,0.6,0.75,1.35,-2.47,9994.88,0.44,,2026-08-01
179,2026-08-01 04:00:00+00:00,SOLUSDT,LONG,EXECUTED,HIGH_RISK__HIGH_QUAL__HIGH_PROFIT,1.1,None,TIME_CLOSE_EXIT,149.92,3.0,449.77,0.21,0.19,0.16,-0.1,-0.21,-0.94,0.36,0.45,0.81,-1.75,9993.13,0.46,,2026-08-01
180,2026-08-01 05:45:00+00:00,XRPUSDT,SHORT,EXECUTED,LOW_RISK__LOW_QUAL__LOW_PROFIT,4.93,None,TIME_CLOSE_EXIT,49.97,5.0,249.83,0.93,0.19,0.39,-0.11,0.07,0.17,0.2,0.25,0.45,-0.27,9992.85,0.46,,2026-08-01
181,2026-08-01 05:45:00+00:00,SOLUSDT,SHORT,EXECUTED,LOW_RISK__HIGH_QUAL__LOW_PROFIT,4.15,None,TIME_CLOSE_EXIT,149.89,5.0,749.46,1.16,0.28,0.36,-0.25,0.0,0.0,0.6,0.75,1.35,-1.35,9991.5,0.48,,2026-08-01
182,2026-08-01 06:30:00+00:00,DOGEUSDT,SHORT,EXECUTED,HIGH_RISK__HIGH_QUAL__HIGH_PROFIT,1.28,None,TAKE_PROFIT_HIT,149.87,3.0,449.62,0.44,0.34,0.57,-0.43,0.44,1.98,0.36,0.45,0.81,1.17,9992.68,0.47,,2026-08-01
183,2026-08-01 10:00:00+00:00,BTCUSDT,SHORT,EXECUTED,LOW_RISK__HIGH_QUAL__HIGH_PROFIT,2.1,None,TIME_CLOSE_EXIT,149.89,5.0,749.45,0.52,0.25,0.03,-0.17,-0.11,-0.82,0.6,0.75,1.35,-2.17,9990.5,0.49,,2026-08-01
184,2026-08-01 10:00:00+00:00,ETHUSDT,SHORT,EXECUTED,LOW_RISK__HIGH_QUAL__HIGH_PROFIT,1.27,None,TIME_CLOSE_EXIT,149.86,5.0,749.29,0.53,0.42,0.08,-0.24,-0.24,-1.8,0.6,0.75,1.35,-3.15,9987.36,0.52,,2026-08-01
185,2026-08-01 11:45:00+00:00,XRPUSDT,LONG,EXECUTED,HIGH_RISK__HIGH_QUAL__LOW_PROFIT,1.0,None,TIME_CLOSE_EXIT,52.43,1.5,78.65,0.25,0.25,0.24,-0.06,-0.08,-0.06,0.06,0.08,0.14,-0.2,9987.15,0.52,,2026-08-01
186,2026-08-01 12:00:00+00:00,BTCUSDT,LONG,EXECUTED,HIGH_RISK__HIGH_QUAL__HIGH_PROFIT,1.66,None,TIME_CLOSE_EXIT,149.81,3.0,449.42,0.17,0.1,0.04,-0.08,-0.06,-0.27,0.36,0.45,0.81,-1.08,9986.07,0.53,,2026-08-01
187,2026-08-01 13:00:00+00:00,DOGEUSDT,LONG,REJECTED,HIGH_RISK__HIGH_QUAL__LOW_PROFIT,0.9,R:R Hurdle Failure: R:R = 0.90 < 1.00,SHADOW_TIME_CLOSE_EXIT,0.0,0.0,0.0,0.53,0.59,0.23,-0.26,-0.29,0.0,0.0,0.0,0.0,0.0,9986.07,0.53,-0.37,2026-08-01
188,2026-08-01 13:00:00+00:00,ETHUSDT,LONG,EXECUTED,LOW_RISK__LOW_QUAL__LOW_PROFIT,1.13,None,TAKE_PROFIT_HIT,49.93,5.0,249.65,0.17,0.15,0.32,-0.1,0.17,0.42,0.2,0.25,0.45,-0.03,9986.05,0.53,,2026-08-01
189,2026-08-01 13:00:00+00:00,SOLUSDT,LONG,REJECTED,HIGH_RISK__HIGH_QUAL__HIGH_PROFIT,0.57,R:R Hurdle Failure: R:R = 0.57 < 1.00,SHADOW_TIME_CLOSE_EXIT,0.0,0.0,0.0,0.17,0.29,0.1,-0.15,-0.19,0.0,0.0,0.0,0.0,0.0,9986.05,0.53,-1.66,2026-08-01
190,2026-08-01 15:30:00+00:00,SOLUSDT,SHORT,EXECUTED,LOW_RISK__HIGH_QUAL__LOW_PROFIT,3.32,None,TAKE_PROFIT_HIT,149.79,5.0,748.95,1.1,0.33,3.08,-0.16,1.1,8.25,0.6,0.75,1.35,6.9,9992.95,0.46,,2026-08-01
191,2026-08-01 15:30:00+00:00,BTCUSDT,SHORT,EXECUTED,LOW_RISK__HIGH_QUAL__HIGH_PROFIT,2.88,None,TAKE_PROFIT_HIT,149.89,5.0,749.47,0.41,0.14,1.23,-0.02,0.41,3.09,0.6,0.75,1.35,1.74,9994.69,0.45,,2026-08-01
192,2026-08-01 16:00:00+00:00,XRPUSDT,SHORT,EXECUTED,LOW_RISK__LOW_QUAL__LOW_PROFIT,6.96,None,TAKE_PROFIT_HIT,49.97,5.0,249.87,1.45,0.21,1.47,-0.16,1.45,3.63,0.2,0.25,0.45,3.18,9997.86,0.41,,2026-08-01
193,2026-08-01 16:45:00+00:00,ETHUSDT,SHORT,EXECUTED,LOW_RISK__HIGH_QUAL__HIGH_PROFIT,7.84,None,TAKE_PROFIT_HIT,149.97,5.0,749.84,0.67,0.09,2.5,-0.08,0.67,5.04,0.6,0.75,1.35,3.69,10001.56,0.38,,2026-08-01
194,2026-08-01 17:15:00+00:00,DOGEUSDT,SHORT,EXECUTED,HIGH_RISK__HIGH_QUAL__HIGH_PROFIT,2.31,None,TAKE_PROFIT_HIT,150.02,3.0,450.07,1.23,0.53,3.05,-0.19,1.23,5.52,0.36,0.45,0.81,4.71,10006.27,0.33,,2026-08-01
195,2026-08-01 21:30:00+00:00,XRPUSDT,LONG,REJECTED,HIGH_RISK__HIGH_QUAL__LOW_PROFIT,0.59,R:R Hurdle Failure: R:R = 0.59 < 1.00,SHADOW_TAKE_PROFIT_HIT,0.0,0.0,0.0,0.36,0.61,2.38,-0.24,0.36,0.0,0.0,0.0,0.0,0.0,10006.27,0.33,0.14,2026-08-01
196,2026-08-01 21:30:00+00:00,BTCUSDT,LONG,REJECTED,HIGH_RISK__HIGH_QUAL__HIGH_PROFIT,0.69,R:R Hurdle Failure: R:R = 0.69 < 1.00,SHADOW_TAKE_PROFIT_HIT,0.0,0.0,0.0,0.24,0.35,1.33,-0.05,0.24,0.0,0.0,0.0,0.0,0.0,10006.27,0.33,0.29,2026-08-01
197,2026-08-01 22:15:00+00:00,SOLUSDT,LONG,REJECTED,HIGH_RISK__HIGH_QUAL__HIGH_PROFIT,0.76,R:R Hurdle Failure: R:R = 0.76 < 1.00,SHADOW_TAKE_PROFIT_HIT,0.0,0.0,0.0,0.4,0.52,2.32,-0.24,0.4,0.0,0.0,0.0,0.0,0.0,10006.27,0.33,1.0,2026-08-01
198,2026-08-01 22:30:00+00:00,DOGEUSDT,LONG,EXECUTED,HIGH_RISK__HIGH_QUAL__LOW_PROFIT,1.66,None,TIME_CLOSE_EXIT,52.53,1.5,78.8,0.37,0.22,0.07,-0.09,0.0,0.0,0.06,0.08,0.14,-0.14,10006.13,0.33,,2026-08-01
199,2026-08-01 23:00:00+00:00,DOGEUSDT,LONG,EXECUTED,HIGH_RISK__HIGH_QUAL__LOW_PROFIT,1.22,None,TAKE_PROFIT_HIT,52.53,1.5,78.8,0.56,0.46,2.04,-0.25,0.56,0.44,0.06,0.08,0.14,0.3,10006.43,0.33,,2026-08-01
200,2026-08-01 23:00:00+00:00,ETHUSDT,LONG,EXECUTED,LOW_RISK__LOW_QUAL__HIGH_PROFIT,2.27,None,TIME_CLOSE_EXIT,50.03,5.0,250.16,0.32,0.14,0.14,-0.01,0.0,0.0,0.2,0.25,0.45,-0.45,10005.98,0.33,,2026-08-01
201,2026-08-01 23:15:00+00:00,ETHUSDT,SHORT,EXECUTED,LOW_RISK__HIGH_QUAL__HIGH_PROFIT,2.64,None,TIME_CLOSE_EXIT,150.09,5.0,750.45,0.57,0.22,0.02,-0.15,-0.07,-0.53,0.6,0.75,1.35,-1.88,10004.1,0.35,,2026-08-01
202,2026-08-02 00:00:00+00:00,ETHUSDT,LONG,EXECUTED,LOW_RISK__LOW_QUAL__HIGH_PROFIT,10.23,None,TAKE_PROFIT_HIT,50.02,5.0,250.1,1.2,0.12,2.0,-0.22,1.2,3.01,0.2,0.25,0.45,2.56,10006.66,0.33,,2026-08-02
203,2026-08-02 08:30:00+00:00,BTCUSDT,SHORT,EXECUTED,LOW_RISK__HIGH_QUAL__LOW_PROFIT,2.08,None,TIME_CLOSE_EXIT,150.1,5.0,750.5,0.73,0.35,0.39,-0.26,0.01,0.08,0.6,0.75,1.35,-1.28,10005.38,0.34,,2026-08-02
204,2026-08-02 08:30:00+00:00,ETHUSDT,SHORT,EXECUTED,LOW_RISK__HIGH_QUAL__HIGH_PROFIT,1.48,None,TAKE_PROFIT_HIT,150.08,5.0,750.4,0.87,0.59,1.07,-0.21,0.87,6.5,0.6,0.75,1.35,5.15,10010.53,0.29,,2026-08-02
205,2026-08-02 08:45:00+00:00,DOGEUSDT,SHORT,EXECUTED,HIGH_RISK__HIGH_QUAL__HIGH_PROFIT,1.36,None,TIME_CLOSE_EXIT,150.16,3.0,450.47,0.67,0.49,0.24,-0.19,-0.29,-1.31,0.36,0.45,0.81,-2.12,10008.42,0.31,,2026-08-02
206,2026-08-02 08:45:00+00:00,SOLUSDT,SHORT,EXECUTED,LOW_RISK__HIGH_QUAL__LOW_PROFIT,2.58,None,TIME_CLOSE_EXIT,150.13,5.0,750.63,1.13,0.44,0.66,-0.34,-0.04,-0.3,0.6,0.75,1.35,-1.65,10006.76,0.33,,2026-08-02
207,2026-08-02 10:30:00+00:00,XRPUSDT,SHORT,EXECUTED,LOW_RISK__LOW_QUAL__LOW_PROFIT,1.47,None,TIME_CLOSE_EXIT,50.03,5.0,250.17,0.42,0.29,0.31,-0.18,-0.03,-0.08,0.2,0.25,0.45,-0.53,10006.24,0.33,,2026-08-02
208,2026-08-02 13:30:00+00:00,DOGEUSDT,LONG,EXECUTED,HIGH_RISK__HIGH_QUAL__LOW_PROFIT,2.37,None,TAKE_PROFIT_HIT,52.53,1.5,78.8,0.52,0.22,1.94,-0.1,0.52,0.41,0.06,0.08,0.14,0.27,10006.51,0.33,,2026-08-02
209,2026-08-02 14:15:00+00:00,XRPUSDT,LONG,EXECUTED,HIGH_RISK__HIGH_QUAL__LOW_PROFIT,1.43,None,TIME_CLOSE_EXIT,52.53,1.5,78.8,0.54,0.38,0.07,-0.13,-0.21,-0.17,0.06,0.08,0.14,-0.31,10006.2,0.33,,2026-08-02
210,2026-08-02 15:15:00+00:00,SOLUSDT,LONG,EXECUTED,HIGH_RISK__HIGH_QUAL__HIGH_PROFIT,3.84,None,TIME_CLOSE_EXIT,150.09,3.0,450.28,0.72,0.19,0.11,-0.01,0.0,0.0,0.36,0.45,0.81,-0.81,10005.39,0.34,,2026-08-02
211,2026-08-02 15:30:00+00:00,SOLUSDT,SHORT,EXECUTED,LOW_RISK__HIGH_QUAL__LOW_PROFIT,1.92,None,TIME_CLOSE_EXIT,150.08,5.0,750.4,0.54,0.28,0.22,-0.16,-0.21,-1.58,0.6,0.75,1.35,-2.93,10002.46,0.37,,2026-08-02
212,2026-08-02 16:00:00+00:00,XRPUSDT,SHORT,REJECTED,LOW_RISK__LOW_QUAL__LOW_PROFIT,0.91,R:R Hurdle Failure: R:R = 0.91 < 1.00,SHADOW_TIME_CLOSE_EXIT,0.0,0.0,0.0,0.45,0.5,0.07,-0.19,-0.28,0.0,0.0,0.0,0.0,0.0,10002.46,0.37,-1.15,2026-08-02
213,2026-08-02 16:30:00+00:00,ETHUSDT,LONG,EXECUTED,LOW_RISK__LOW_QUAL__HIGH_PROFIT,2.03,None,TAKE_PROFIT_HIT,50.01,5.0,250.06,0.87,0.43,1.8,-0.35,0.87,2.18,0.2,0.25,0.45,1.73,10004.19,0.35,,2026-08-02
214,2026-08-02 16:45:00+00:00,BTCUSDT,LONG,EXECUTED,HIGH_RISK__HIGH_QUAL__HIGH_PROFIT,2.68,None,TAKE_PROFIT_HIT,150.06,3.0,450.19,0.32,0.12,0.97,-0.04,0.32,1.42,0.36,0.45,0.81,0.61,10004.8,0.35,,2026-08-02
215,2026-08-02 16:45:00+00:00,SOLUSDT,LONG,EXECUTED,HIGH_RISK__HIGH_QUAL__HIGH_PROFIT,9.56,None,TIME_CLOSE_EXIT,150.07,3.0,450.22,2.08,0.22,1.63,-0.07,0.57,2.57,0.36,0.45,0.81,1.76,10006.56,0.33,,2026-08-02
216,2026-08-02 17:15:00+00:00,XRPUSDT,LONG,EXECUTED,HIGH_RISK__HIGH_QUAL__LOW_PROFIT,2.29,None,TIME_CLOSE_EXIT,52.53,1.5,78.8,0.58,0.25,0.46,-0.09,-0.01,-0.01,0.06,0.08,0.14,-0.15,10006.41,0.33,,2026-08-02
217,2026-08-02 20:15:00+00:00,XRPUSDT,SHORT,EXECUTED,LOW_RISK__LOW_QUAL__LOW_PROFIT,1.08,None,TIME_CLOSE_EXIT,50.03,5.0,250.16,0.31,0.29,0.02,-0.18,-0.09,-0.23,0.2,0.25,0.45,-0.68,10005.73,0.34,,2026-08-02
218,2026-08-02 21:00:00+00:00,XRPUSDT,LONG,EXECUTED,HIGH_RISK__HIGH_QUAL__LOW_PROFIT,2.6,None,TIME_CLOSE_EXIT,52.53,1.5,78.8,1.0,0.39,0.92,-0.18,0.06,0.05,0.06,0.08,0.14,-0.09,10005.64,0.34,,2026-08-02
219,2026-08-02 23:45:00+00:00,SOLUSDT,SHORT,EXECUTED,LOW_RISK__HIGH_QUAL__LOW_PROFIT,1.41,None,TAKE_PROFIT_HIT,150.08,5.0,750.42,0.65,0.46,2.24,-0.05,0.65,4.91,0.6,0.75,1.35,3.56,10009.2,0.3,,2026-08-02
220,2026-08-03 00:15:00+00:00,ETHUSDT,SHORT,EXECUTED,LOW_RISK__HIGH_QUAL__HIGH_PROFIT,2.53,None,TAKE_PROFIT_HIT,150.14,5.0,750.69,1.41,0.56,2.43,-0.34,1.41,10.55,0.6,0.75,1.35,9.2,10018.41,0.21,,2026-08-03
221,2026-08-03 00:15:00+00:00,DOGEUSDT,SHORT,EXECUTED,HIGH_RISK__HIGH_QUAL__HIGH_PROFIT,1.4,None,TAKE_PROFIT_HIT,150.28,3.0,450.83,1.07,0.76,1.96,-0.43,1.07,4.81,0.36,0.45,0.81,4.0,10022.41,0.17,,2026-08-03
222,2026-08-03 00:15:00+00:00,XRPUSDT,SHORT,EXECUTED,LOW_RISK__LOW_QUAL__LOW_PROFIT,3.06,None,TAKE_PROFIT_HIT,50.11,5.0,250.56,1.1,0.36,1.76,-0.3,1.1,2.75,0.2,0.25,0.45,2.3,10024.71,0.15,,2026-08-03
223,2026-08-03 00:15:00+00:00,BTCUSDT,SHORT,EXECUTED,LOW_RISK__HIGH_QUAL__LOW_PROFIT,2.98,None,TAKE_PROFIT_HIT,150.37,5.0,751.85,1.01,0.34,1.52,-0.28,1.01,7.62,0.6,0.75,1.35,6.26,10030.97,0.08,,2026-08-03
224,2026-08-03 10:15:00+00:00,BTCUSDT,LONG,REJECTED,HIGH_RISK__HIGH_QUAL__HIGH_PROFIT,0.67,R:R Hurdle Failure: R:R = 0.67 < 1.00,SHADOW_TIME_CLOSE_EXIT,0.0,0.0,0.0,0.23,0.34,0.15,0.0,-0.07,0.0,0.0,0.0,0.0,0.0,10030.97,0.08,-1.13,2026-08-03
225,2026-08-03 10:30:00+00:00,DOGEUSDT,LONG,REJECTED,HIGH_RISK__HIGH_QUAL__LOW_PROFIT,0.92,R:R Hurdle Failure: R:R = 0.92 < 1.00,SHADOW_TIME_CLOSE_EXIT,0.0,0.0,0.0,0.35,0.39,0.04,-0.29,-0.07,0.0,0.0,0.0,0.0,0.0,10030.97,0.08,-0.2,2026-08-03
226,2026-08-03 10:45:00+00:00,XRPUSDT,LONG,EXECUTED,HIGH_RISK__HIGH_QUAL__LOW_PROFIT,1.22,None,TIME_CLOSE_EXIT,52.66,1.5,78.99,0.42,0.34,0.05,-0.14,-0.12,-0.09,0.06,0.08,0.14,-0.24,10030.74,0.09,,2026-08-03
227,2026-08-03 11:00:00+00:00,DOGEUSDT,SHORT,EXECUTED,HIGH_RISK__HIGH_QUAL__HIGH_PROFIT,1.97,None,TIME_CLOSE_EXIT,150.46,3.0,451.38,0.8,0.41,0.22,-0.35,-0.16,-0.72,0.36,0.45,0.81,-1.53,10029.2,0.1,,2026-08-03
228,2026-08-03 11:15:00+00:00,XRPUSDT,SHORT,EXECUTED,LOW_RISK__LOW_QUAL__LOW_PROFIT,1.99,None,TIME_CLOSE_EXIT,50.15,5.0,250.73,1.2,0.61,0.21,-0.3,-0.27,-0.68,0.2,0.25,0.45,-1.13,10028.07,0.11,,2026-08-03
229,2026-08-03 11:45:00+00:00,BTCUSDT,SHORT,EXECUTED,LOW_RISK__HIGH_QUAL__LOW_PROFIT,2.19,None,TIME_CLOSE_EXIT,150.42,5.0,752.11,0.82,0.37,0.18,-0.22,-0.22,-1.65,0.6,0.75,1.35,-3.01,10025.06,0.14,,2026-08-03
230,2026-08-03 12:30:00+00:00,DOGEUSDT,LONG,EXECUTED,HIGH_RISK__HIGH_QUAL__LOW_PROFIT,2.35,None,TAKE_PROFIT_HIT,52.63,1.5,78.95,0.73,0.31,1.44,-0.17,0.73,0.57,0.06,0.08,0.14,0.43,10025.5,0.14,,2026-08-03
231,2026-08-03 13:00:00+00:00,BTCUSDT,LONG,EXECUTED,HIGH_RISK__HIGH_QUAL__HIGH_PROFIT,2.67,None,TAKE_PROFIT_HIT,150.38,3.0,451.15,0.93,0.35,2.07,-0.35,0.93,4.19,0.36,0.45,0.81,3.37,10028.87,0.11,,2026-08-03
232,2026-08-03 13:30:00+00:00,SOLUSDT,LONG,EXECUTED,HIGH_RISK__HIGH_QUAL__HIGH_PROFIT,2.49,None,TAKE_PROFIT_HIT,150.43,3.0,451.3,1.65,0.66,2.02,-0.67,1.65,7.45,0.36,0.45,0.81,6.64,10035.51,0.04,,2026-08-03
233,2026-08-03 13:30:00+00:00,ETHUSDT,LONG,EXECUTED,HIGH_RISK__LOW_QUAL__HIGH_PROFIT,1.53,None,TAKE_PROFIT_HIT,17.56,1.5,26.34,0.9,0.59,1.46,-0.6,0.9,0.24,0.02,0.03,0.05,0.19,10035.7,0.04,,2026-08-03
234,2026-08-03 13:30:00+00:00,XRPUSDT,LONG,EXECUTED,HIGH_RISK__HIGH_QUAL__LOW_PROFIT,1.82,None,TAKE_PROFIT_HIT,52.69,1.5,79.03,1.05,0.58,1.5,-0.51,1.05,0.83,0.06,0.08,0.14,0.69,10036.39,0.03,,2026-08-03
235,2026-08-03 21:30:00+00:00,BTCUSDT,SHORT,EXECUTED,LOW_RISK__HIGH_QUAL__LOW_PROFIT,1.45,None,TIME_CLOSE_EXIT,150.55,5.0,752.73,0.58,0.4,0.56,-0.08,-0.2,-1.51,0.6,0.75,1.35,-2.86,10033.53,0.06,,2026-08-03
236,2026-08-03 21:45:00+00:00,ETHUSDT,SHORT,EXECUTED,LOW_RISK__HIGH_QUAL__HIGH_PROFIT,1.78,None,TIME_CLOSE_EXIT,150.5,5.0,752.51,0.89,0.5,0.82,-0.28,-0.22,-1.66,0.6,0.75,1.35,-3.01,10030.52,0.09,,2026-08-03
237,2026-08-03 22:00:00+00:00,SOLUSDT,SHORT,EXECUTED,LOW_RISK__HIGH_QUAL__LOW_PROFIT,1.1,None,TIME_CLOSE_EXIT,150.46,5.0,752.29,0.73,0.66,0.69,-0.24,-0.3,-2.26,0.6,0.75,1.35,-3.61,10026.91,0.13,,2026-08-03
238,2026-08-03 22:00:00+00:00,XRPUSDT,SHORT,REJECTED,HIGH_RISK__LOW_QUAL__LOW_PROFIT,1.26,Consensus Failure: HIGH_RISK + LOW_QUAL + LOW_PROFIT,SHADOW_TIME_CLOSE_EXIT,0.0,0.0,0.0,0.94,0.74,0.56,-0.4,-0.03,0.0,0.0,0.0,0.0,0.0,10026.91,0.13,-0.06,2026-08-03
239,2026-08-03 22:15:00+00:00,DOGEUSDT,SHORT,REJECTED,HIGH_RISK__HIGH_QUAL__HIGH_PROFIT,0.96,R:R Hurdle Failure: R:R = 0.96 < 1.00,SHADOW_TAKE_PROFIT_HIT,0.0,0.0,0.0,0.43,0.45,0.48,-0.26,0.43,0.0,0.0,0.0,0.0,0.0,10026.91,0.13,1.14,2026-08-03
240,2026-08-04 01:45:00+00:00,DOGEUSDT,LONG,REJECTED,HIGH_RISK__HIGH_QUAL__LOW_PROFIT,0.84,R:R Hurdle Failure: R:R = 0.84 < 1.00,SHADOW_TIME_CLOSE_EXIT,0.0,0.0,0.0,0.55,0.65,0.23,-0.37,-0.41,0.0,0.0,0.0,0.0,0.0,10026.91,0.13,-0.47,2026-08-04
241,2026-08-04 01:45:00+00:00,BTCUSDT,LONG,EXECUTED,HIGH_RISK__HIGH_QUAL__HIGH_PROFIT,1.27,None,TIME_CLOSE_EXIT,150.4,3.0,451.21,0.81,0.64,0.62,-0.31,-0.22,-0.99,0.36,0.45,0.81,-1.8,10025.1,0.14,,2026-08-04
242,2026-08-04 02:00:00+00:00,SOLUSDT,LONG,EXECUTED,HIGH_RISK__HIGH_QUAL__HIGH_PROFIT,2.09,None,TIME_CLOSE_EXIT,150.38,3.0,451.13,1.19,0.57,0.49,-0.12,-0.11,-0.5,0.36,0.45,0.81,-1.31,10023.8,0.16,,2026-08-04
243,2026-08-04 02:00:00+00:00,ETHUSDT,LONG,EXECUTED,HIGH_RISK__LOW_QUAL__HIGH_PROFIT,1.3,None,TAKE_PROFIT_HIT,17.54,1.5,26.31,0.69,0.53,0.91,-0.38,0.69,0.18,0.02,0.03,0.05,0.14,10023.93,0.15,,2026-08-04
244,2026-08-04 02:30:00+00:00,XRPUSDT,LONG,EXECUTED,HIGH_RISK__HIGH_QUAL__LOW_PROFIT,1.15,None,TIME_CLOSE_EXIT,52.63,1.5,78.94,0.61,0.53,0.28,-0.44,-0.29,-0.23,0.06,0.08,0.14,-0.37,10023.56,0.16,,2026-08-04
245,2026-08-04 05:15:00+00:00,DOGEUSDT,SHORT,REJECTED,HIGH_RISK__HIGH_QUAL__HIGH_PROFIT,0.88,R:R Hurdle Failure: R:R = 0.88 < 1.00,SHADOW_TAKE_PROFIT_HIT,0.0,0.0,0.0,0.25,0.29,0.37,-0.26,0.25,0.0,0.0,0.0,0.0,0.0,10023.56,0.16,0.32,2026-08-04
246,2026-08-04 06:15:00+00:00,XRPUSDT,SHORT,EXECUTED,LOW_RISK__LOW_QUAL__LOW_PROFIT,1.08,None,TIME_CLOSE_EXIT,50.12,5.0,250.59,0.41,0.38,0.33,-0.19,-0.33,-0.83,0.2,0.25,0.45,-1.28,10022.28,0.17,,2026-08-04
247,2026-08-04 06:30:00+00:00,ETHUSDT,SHORT,EXECUTED,LOW_RISK__HIGH_QUAL__HIGH_PROFIT,1.4,None,TIME_CLOSE_EXIT,150.33,5.0,751.67,0.84,0.6,0.17,-0.5,-0.36,-2.71,0.6,0.75,1.35,-4.06,10018.22,0.21,,2026-08-04
248,2026-08-04 06:30:00+00:00,SOLUSDT,SHORT,EXECUTED,LOW_RISK__HIGH_QUAL__LOW_PROFIT,1.03,None,TIME_CLOSE_EXIT,150.27,5.0,751.37,0.63,0.61,0.46,-0.44,-0.22,-1.65,0.6,0.75,1.35,-3.01,10015.22,0.24,,2026-08-04
249,2026-08-04 06:45:00+00:00,BTCUSDT,SHORT,EXECUTED,LOW_RISK__HIGH_QUAL__LOW_PROFIT,1.77,None,TIME_CLOSE_EXIT,150.23,5.0,751.14,0.49,0.28,0.34,-0.15,-0.15,-1.13,0.6,0.75,1.35,-2.48,10012.74,0.27,,2026-08-04
250,2026-08-04 08:00:00+00:00,XRPUSDT,LONG,EXECUTED,HIGH_RISK__HIGH_QUAL__LOW_PROFIT,1.99,None,TIME_CLOSE_EXIT,52.57,1.5,78.85,0.56,0.28,0.24,-0.02,0.0,0.0,0.06,0.08,0.14,-0.14,10012.6,0.27,,2026-08-04
251,2026-08-04 08:15:00+00:00,XRPUSDT,SHORT,EXECUTED,LOW_RISK__LOW_QUAL__LOW_PROFIT,1.01,None,TAKE_PROFIT_HIT,50.06,5.0,250.31,0.35,0.35,0.48,-0.15,0.35,0.88,0.2,0.25,0.45,0.43,10013.02,0.26,,2026-08-04
252,2026-08-04 10:45:00+00:00,DOGEUSDT,LONG,EXECUTED,HIGH_RISK__HIGH_QUAL__LOW_PROFIT,1.23,None,TIME_CLOSE_EXIT,52.57,1.5,78.85,0.76,0.62,0.48,-0.16,-0.3,-0.24,0.06,0.08,0.14,-0.38,10012.64,0.27,,2026-08-04
253,2026-08-04 10:45:00+00:00,ETHUSDT,LONG,EXECUTED,HIGH_RISK__LOW_QUAL__HIGH_PROFIT,1.16,None,TIME_CLOSE_EXIT,17.52,1.5,26.28,0.83,0.72,0.81,-0.23,0.35,0.09,0.02,0.03,0.05,0.04,10012.69,0.27,,2026-08-04
254,2026-08-04 11:00:00+00:00,BTCUSDT,LONG,EXECUTED,HIGH_RISK__HIGH_QUAL__HIGH_PROFIT,1.34,None,TAKE_PROFIT_HIT,150.19,3.0,450.57,0.54,0.41,1.26,-0.2,0.54,2.45,0.36,0.45,0.81,1.64,10014.33,0.25,,2026-08-04
255,2026-08-04 11:15:00+00:00,SOLUSDT,LONG,EXECUTED,HIGH_RISK__HIGH_QUAL__HIGH_PROFIT,1.86,None,TIME_CLOSE_EXIT,150.21,3.0,450.64,1.3,0.7,0.98,-0.54,0.68,3.06,0.36,0.45,0.81,2.25,10016.58,0.23,,2026-08-04
256,2026-08-04 11:30:00+00:00,XRPUSDT,LONG,EXECUTED,HIGH_RISK__HIGH_QUAL__LOW_PROFIT,1.53,None,TIME_CLOSE_EXIT,52.59,1.5,78.88,0.61,0.4,0.29,-0.2,0.1,0.08,0.06,0.08,0.14,-0.06,10016.52,0.23,,2026-08-04
257,2026-08-04 13:45:00+00:00,XRPUSDT,SHORT,EXECUTED,LOW_RISK__LOW_QUAL__LOW_PROFIT,1.2,None,TIME_CLOSE_EXIT,50.08,5.0,250.41,0.78,0.65,0.1,-0.49,-0.4,-1.0,0.2,0.25,0.45,-1.45,10015.07,0.24,,2026-08-04
258,2026-08-04 14:00:00+00:00,DOGEUSDT,SHORT,REJECTED,HIGH_RISK__HIGH_QUAL__HIGH_PROFIT,0.99,R:R Hurdle Failure: R:R = 0.99 < 1.00,SHADOW_TIME_CLOSE_EXIT,0.0,0.0,0.0,0.64,0.65,0.41,-0.27,-0.41,0.0,0.0,0.0,0.0,0.0,10015.07,0.24,-2.66,2026-08-04
259,2026-08-04 14:45:00+00:00,XRPUSDT,LONG,EXECUTED,HIGH_RISK__HIGH_QUAL__LOW_PROFIT,1.41,None,TIME_CLOSE_EXIT,52.58,1.5,78.87,0.49,0.35,0.07,-0.11,0.0,0.0,0.06,0.08,0.14,-0.14,10014.93,0.24,,2026-08-04
260,2026-08-04 15:00:00+00:00,XRPUSDT,SHORT,EXECUTED,LOW_RISK__LOW_QUAL__LOW_PROFIT,1.38,None,TIME_CLOSE_EXIT,50.07,5.0,250.37,0.47,0.34,0.21,-0.2,0.17,0.43,0.2,0.25,0.45,-0.03,10014.9,0.24,,2026-08-04
261,2026-08-04 15:30:00+00:00,XRPUSDT,LONG,EXECUTED,HIGH_RISK__HIGH_QUAL__LOW_PROFIT,1.19,None,TIME_CLOSE_EXIT,52.58,1.5,78.87,0.49,0.41,0.33,-0.43,-0.22,-0.17,0.06,0.08,0.14,-0.32,10014.59,0.25,,2026-08-04
262,2026-08-04 16:45:00+00:00,XRPUSDT,SHORT,REJECTED,LOW_RISK__LOW_QUAL__LOW_PROFIT,0.83,R:R Hurdle Failure: R:R = 0.83 < 1.00,SHADOW_TIME_CLOSE_EXIT,0.0,0.0,0.0,0.36,0.44,0.09,-0.1,0.0,0.0,0.0,0.0,0.0,0.0,10014.59,0.25,-0.45,2026-08-04
263,2026-08-04 17:00:00+00:00,DOGEUSDT,LONG,EXECUTED,HIGH_RISK__HIGH_QUAL__LOW_PROFIT,1.13,None,TIME_CLOSE_EXIT,52.58,1.5,78.86,0.63,0.56,0.34,-0.33,-0.04,-0.03,0.06,0.08,0.14,-0.17,10014.41,0.25,,2026-08-04
264,2026-08-04 17:00:00+00:00,XRPUSDT,LONG,EXECUTED,HIGH_RISK__HIGH_QUAL__LOW_PROFIT,1.38,None,TIME_CLOSE_EXIT,52.58,1.5,78.86,0.48,0.35,0.17,-0.2,0.03,0.02,0.06,0.08,0.14,-0.12,10014.29,0.25,,2026-08-04
265,2026-08-04 17:45:00+00:00,XRPUSDT,SHORT,REJECTED,LOW_RISK__LOW_QUAL__LOW_PROFIT,0.91,R:R Hurdle Failure: R:R = 0.91 < 1.00,SHADOW_TIME_CLOSE_EXIT,0.0,0.0,0.0,0.43,0.47,0.1,-0.3,0.0,0.0,0.0,0.0,0.0,0.0,10014.29,0.25,-0.45,2026-08-04
266,2026-08-04 18:00:00+00:00,XRPUSDT,LONG,EXECUTED,HIGH_RISK__HIGH_QUAL__LOW_PROFIT,1.44,None,TIME_CLOSE_EXIT,52.58,1.5,78.86,0.63,0.44,0.44,-0.4,-0.16,-0.13,0.06,0.08,0.14,-0.27,10014.03,0.25,,2026-08-04
267,2026-08-04 21:00:00+00:00,DOGEUSDT,SHORT,EXECUTED,HIGH_RISK__HIGH_QUAL__HIGH_PROFIT,1.45,None,TIME_CLOSE_EXIT,150.21,3.0,450.63,0.53,0.36,0.07,-0.21,-0.23,-1.04,0.36,0.45,0.81,-1.85,10012.18,0.27,,2026-08-04
268,2026-08-04 21:45:00+00:00,ETHUSDT,SHORT,EXECUTED,LOW_RISK__HIGH_QUAL__HIGH_PROFIT,1.93,None,TIME_CLOSE_EXIT,150.18,5.0,750.91,0.61,0.31,0.21,-0.09,-0.2,-1.5,0.6,0.75,1.35,-2.85,10009.33,0.3,,2026-08-04
269,2026-08-04 22:00:00+00:00,XRPUSDT,SHORT,EXECUTED,LOW_RISK__LOW_QUAL__LOW_PROFIT,2.66,None,TAKE_PROFIT_HIT,50.05,5.0,250.23,0.75,0.28,1.94,-0.29,0.75,1.88,0.2,0.25,0.45,1.43,10010.75,0.29,,2026-08-04
270,2026-08-04 22:30:00+00:00,ETHUSDT,LONG,REJECTED,HIGH_RISK__LOW_QUAL__HIGH_PROFIT,0.6,R:R Hurdle Failure: R:R = 0.60 < 1.00,SHADOW_TAKE_PROFIT_HIT,0.0,0.0,0.0,0.15,0.26,0.22,-0.09,0.15,0.0,0.0,0.0,0.0,0.0,10010.75,0.29,-0.01,2026-08-04
271,2026-08-04 23:00:00+00:00,DOGEUSDT,LONG,REJECTED,HIGH_RISK__HIGH_QUAL__LOW_PROFIT,0.71,R:R Hurdle Failure: R:R = 0.71 < 1.00,SHADOW_TIME_CLOSE_EXIT,0.0,0.0,0.0,0.42,0.6,0.04,-0.24,0.0,0.0,0.0,0.0,0.0,0.0,10010.75,0.29,-0.14,2026-08-04
272,2026-08-04 23:15:00+00:00,ETHUSDT,SHORT,EXECUTED,LOW_RISK__HIGH_QUAL__HIGH_PROFIT,1.58,None,TIME_CLOSE_EXIT,150.16,5.0,750.81,0.77,0.49,0.47,-0.6,-0.36,-2.7,0.6,0.75,1.35,-4.05,10006.7,0.33,,2026-08-04
273,2026-08-04 23:15:00+00:00,DOGEUSDT,SHORT,EXECUTED,HIGH_RISK__HIGH_QUAL__HIGH_PROFIT,1.2,None,TAKE_PROFIT_HIT,150.1,3.0,450.3,0.55,0.46,0.74,-0.44,0.55,2.48,0.36,0.45,0.81,1.67,10008.37,0.31,,2026-08-04
274,2026-08-04 23:15:00+00:00,SOLUSDT,SHORT,EXECUTED,LOW_RISK__HIGH_QUAL__LOW_PROFIT,1.09,None,TIME_CLOSE_EXIT,150.13,5.0,750.63,0.72,0.66,0.69,-0.54,-0.28,-2.1,0.6,0.75,1.35,-3.45,10004.91,0.34,,2026-08-04
275,2026-08-04 23:45:00+00:00,BTCUSDT,SHORT,REJECTED,LOW_RISK__HIGH_QUAL__LOW_PROFIT,0.96,R:R Hurdle Failure: R:R = 0.96 < 1.00,SHADOW_TIME_CLOSE_EXIT,0.0,0.0,0.0,0.4,0.41,0.24,-0.18,-0.35,0.0,0.0,0.0,0.0,0.0,10004.91,0.34,-3.98,2026-08-04
276,2026-08-05 02:00:00+00:00,SOLUSDT,LONG,EXECUTED,HIGH_RISK__HIGH_QUAL__HIGH_PROFIT,1.49,None,TIME_CLOSE_EXIT,150.07,3.0,450.22,1.12,0.75,0.35,-0.2,-0.59,-2.66,0.36,0.45,0.81,-3.47,10001.45,0.38,,2026-08-05
277,2026-08-05 02:00:00+00:00,BTCUSDT,LONG,EXECUTED,HIGH_RISK__HIGH_QUAL__HIGH_PROFIT,1.87,None,TIME_CLOSE_EXIT,150.02,3.0,450.07,1.06,0.57,0.07,-0.2,-0.5,-2.25,0.36,0.45,0.81,-3.06,9998.39,0.41,,2026-08-05
278,2026-08-05 02:15:00+00:00,ETHUSDT,LONG,EXECUTED,HIGH_RISK__LOW_QUAL__HIGH_PROFIT,1.32,None,TIME_CLOSE_EXIT,17.5,1.5,26.25,0.59,0.45,0.13,-0.1,-0.18,-0.05,0.02,0.03,0.05,-0.09,9998.29,0.41,,2026-08-05
279,2026-08-05 02:30:00+00:00,DOGEUSDT,LONG,REJECTED,HIGH_RISK__HIGH_QUAL__LOW_PROFIT,0.69,R:R Hurdle Failure: R:R = 0.69 < 1.00,SHADOW_TIME_CLOSE_EXIT,0.0,0.0,0.0,0.37,0.53,0.09,-0.24,-0.18,0.0,0.0,0.0,0.0,0.0,9998.29,0.41,-0.28,2026-08-05
280,2026-08-05 03:00:00+00:00,DOGEUSDT,SHORT,EXECUTED,HIGH_RISK__HIGH_QUAL__HIGH_PROFIT,1.66,None,TIME_CLOSE_EXIT,149.97,3.0,449.92,0.72,0.43,0.56,-0.46,0.1,0.45,0.36,0.45,0.81,-0.36,9997.93,0.41,,2026-08-05
281,2026-08-05 03:15:00+00:00,ETHUSDT,SHORT,EXECUTED,LOW_RISK__HIGH_QUAL__HIGH_PROFIT,1.58,None,TIME_CLOSE_EXIT,149.97,5.0,749.84,0.75,0.47,0.07,-0.31,-0.37,-2.77,0.6,0.75,1.35,-4.12,9993.81,0.46,,2026-08-05
282,2026-08-05 03:45:00+00:00,BTCUSDT,SHORT,EXECUTED,LOW_RISK__HIGH_QUAL__LOW_PROFIT,3.03,None,TIME_CLOSE_EXIT,149.91,5.0,749.54,0.33,0.11,0.15,-0.03,0.01,0.07,0.6,0.75,1.35,-1.27,9992.53,0.47,,2026-08-05
283,2026-08-05 03:45:00+00:00,SOLUSDT,SHORT,EXECUTED,LOW_RISK__HIGH_QUAL__LOW_PROFIT,1.23,None,TIME_CLOSE_EXIT,149.89,5.0,749.44,0.58,0.47,0.22,-0.05,-0.24,-1.8,0.6,0.75,1.35,-3.15,9989.38,0.5,,2026-08-05
284,2026-08-05 05:00:00+00:00,BTCUSDT,LONG,EXECUTED,HIGH_RISK__HIGH_QUAL__HIGH_PROFIT,2.59,None,TIME_CLOSE_EXIT,149.84,3.0,449.52,0.66,0.25,0.32,-0.24,-0.2,-0.9,0.36,0.45,0.81,-1.71,9987.68,0.52,,2026-08-05
285,2026-08-05 05:15:00+00:00,SOLUSDT,LONG,EXECUTED,HIGH_RISK__HIGH_QUAL__HIGH_PROFIT,2.85,None,TIME_CLOSE_EXIT,149.82,3.0,449.45,1.61,0.56,0.16,-0.35,-0.36,-1.62,0.36,0.45,0.81,-2.43,9985.25,0.54,,2026-08-05
286,2026-08-05 05:15:00+00:00,ETHUSDT,LONG,EXECUTED,LOW_RISK__LOW_QUAL__HIGH_PROFIT,1.64,None,TIME_CLOSE_EXIT,49.93,5.0,249.63,0.64,0.39,0.17,-0.16,-0.24,-0.6,0.2,0.25,0.45,-1.05,9984.2,0.55,,2026-08-05
287,2026-08-05 07:00:00+00:00,ETHUSDT,SHORT,EXECUTED,LOW_RISK__HIGH_QUAL__HIGH_PROFIT,2.12,None,TIME_CLOSE_EXIT,149.76,5.0,748.82,0.59,0.28,0.24,-0.13,-0.11,-0.82,0.6,0.75,1.35,-2.17,9982.03,0.57,,2026-08-05
288,2026-08-05 07:15:00+00:00,BTCUSDT,SHORT,EXECUTED,LOW_RISK__HIGH_QUAL__LOW_PROFIT,1.08,None,TIME_CLOSE_EXIT,149.73,5.0,748.65,0.44,0.41,0.12,-0.18,-0.21,-1.57,0.6,0.75,1.35,-2.92,9979.11,0.6,,2026-08-05
289,2026-08-05 07:15:00+00:00,SOLUSDT,SHORT,REJECTED,LOW_RISK__HIGH_QUAL__LOW_PROFIT,0.75,R:R Hurdle Failure: R:R = 0.75 < 1.00,SHADOW_TIME_CLOSE_EXIT,0.0,0.0,0.0,0.49,0.65,0.07,-0.24,-0.39,0.0,0.0,0.0,0.0,0.0,9979.11,0.6,-4.27,2026-08-05
290,2026-08-05 08:15:00+00:00,SOLUSDT,LONG,EXECUTED,HIGH_RISK__HIGH_QUAL__HIGH_PROFIT,1.42,None,TIME_CLOSE_EXIT,149.69,3.0,449.06,0.86,0.6,0.11,-0.26,-0.15,-0.67,0.36,0.45,0.81,-1.48,9977.63,0.62,,2026-08-05
291,2026-08-05 09:00:00+00:00,ETHUSDT,LONG,EXECUTED,LOW_RISK__LOW_QUAL__HIGH_PROFIT,1.06,None,TIME_CLOSE_EXIT,49.89,5.0,249.44,0.33,0.31,0.24,-0.14,-0.09,-0.22,0.2,0.25,0.45,-0.67,9976.95,0.62,,2026-08-05
292,2026-08-05 09:15:00+00:00,DOGEUSDT,LONG,EXECUTED,HIGH_RISK__HIGH_QUAL__LOW_PROFIT,1.22,None,TIME_CLOSE_EXIT,52.38,1.5,78.57,0.47,0.38,0.1,-0.04,-0.11,-0.09,0.06,0.08,0.14,-0.23,9976.73,0.63,,2026-08-05
293,2026-08-05 10:00:00+00:00,DOGEUSDT,SHORT,EXECUTED,HIGH_RISK__HIGH_QUAL__HIGH_PROFIT,1.27,None,TIME_CLOSE_EXIT,149.65,3.0,448.95,0.59,0.47,0.19,-0.24,-0.1,-0.45,0.36,0.45,0.81,-1.26,9975.47,0.64,,2026-08-05
294,2026-08-05 10:45:00+00:00,SOLUSDT,SHORT,EXECUTED,LOW_RISK__HIGH_QUAL__LOW_PROFIT,1.18,None,TIME_CLOSE_EXIT,149.63,5.0,748.16,0.63,0.53,0.16,-0.3,-0.6,-4.49,0.6,0.75,1.35,-5.84,9969.63,0.7,,2026-08-05
295,2026-08-05 11:15:00+00:00,ETHUSDT,SHORT,EXECUTED,LOW_RISK__HIGH_QUAL__HIGH_PROFIT,2.09,None,TIME_CLOSE_EXIT,149.54,5.0,747.72,0.54,0.26,0.07,-0.11,-0.19,-1.42,0.6,0.75,1.35,-2.77,9966.87,0.72,,2026-08-05
296,2026-08-05 12:00:00+00:00,DOGEUSDT,LONG,REJECTED,HIGH_RISK__HIGH_QUAL__LOW_PROFIT,0.73,R:R Hurdle Failure: R:R = 0.73 < 1.00,SHADOW_TAKE_PROFIT_HIT,0.0,0.0,0.0,0.35,0.48,0.5,-0.19,0.35,0.0,0.0,0.0,0.0,0.0,9966.87,0.72,0.13,2026-08-05
297,2026-08-05 12:15:00+00:00,ETHUSDT,LONG,REJECTED,HIGH_RISK__LOW_QUAL__HIGH_PROFIT,0.56,R:R Hurdle Failure: R:R = 0.56 < 1.00,SHADOW_TAKE_PROFIT_HIT,0.0,0.0,0.0,0.65,1.17,2.4,-1.45,0.65,0.0,0.0,0.0,0.0,0.0,9966.87,0.72,0.12,2026-08-05
298,2026-08-05 12:15:00+00:00,BTCUSDT,LONG,EXECUTED,HIGH_RISK__HIGH_QUAL__HIGH_PROFIT,1.53,None,TIME_CLOSE_EXIT,149.5,3.0,448.51,1.34,0.88,0.79,-0.99,0.34,1.52,0.36,0.45,0.81,0.72,9967.58,0.72,,2026-08-05
299,2026-08-05 12:30:00+00:00,SOLUSDT,LONG,EXECUTED,HIGH_RISK__HIGH_QUAL__HIGH_PROFIT,2.18,None,TIME_CLOSE_EXIT,149.51,3.0,448.54,1.42,0.65,0.24,-0.07,-0.35,-1.57,0.36,0.45,0.81,-2.38,9965.21,0.74,,2026-08-05
300,2026-08-05 13:15:00+00:00,SOLUSDT,SHORT,REJECTED,LOW_RISK__HIGH_QUAL__LOW_PROFIT,0.76,R:R Hurdle Failure: R:R = 0.76 < 1.00,SHADOW_TAKE_PROFIT_HIT,0.0,0.0,0.0,0.47,0.61,0.7,-0.16,0.47,0.0,0.0,0.0,0.0,0.0,9965.21,0.74,2.14,2026-08-05
301,2026-08-05 13:30:00+00:00,DOGEUSDT,SHORT,EXECUTED,HIGH_RISK__HIGH_QUAL__HIGH_PROFIT,1.39,None,TIME_CLOSE_EXIT,149.48,3.0,448.43,0.86,0.61,0.55,-0.26,-0.26,-1.17,0.36,0.45,0.81,-1.97,9963.23,0.76,,2026-08-05
302,2026-08-05 14:00:00+00:00,DOGEUSDT,LONG,REJECTED,HIGH_RISK__HIGH_QUAL__LOW_PROFIT,0.68,R:R Hurdle Failure: R:R = 0.68 < 1.00,SHADOW_TIME_CLOSE_EXIT,0.0,0.0,0.0,0.35,0.51,0.06,-0.39,0.0,0.0,0.0,0.0,0.0,0.0,9963.23,0.76,-0.14,2026-08-05
303,2026-08-05 14:15:00+00:00,DOGEUSDT,SHORT,EXECUTED,HIGH_RISK__HIGH_QUAL__HIGH_PROFIT,1.75,None,TIME_CLOSE_EXIT,149.45,3.0,448.35,0.75,0.43,0.1,-0.36,-0.11,-0.49,0.36,0.45,0.81,-1.3,9961.93,0.77,,2026-08-05
304,2026-08-05 14:45:00+00:00,DOGEUSDT,LONG,REJECTED,HIGH_RISK__HIGH_QUAL__LOW_PROFIT,0.66,R:R Hurdle Failure: R:R = 0.66 < 1.00,SHADOW_TIME_CLOSE_EXIT,0.0,0.0,0.0,0.34,0.51,0.24,-0.24,-0.06,0.0,0.0,0.0,0.0,0.0,9961.93,0.77,-0.19,2026-08-05
305,2026-08-05 15:00:00+00:00,XRPUSDT,LONG,REJECTED,HIGH_RISK__HIGH_QUAL__LOW_PROFIT,0.58,R:R Hurdle Failure: R:R = 0.58 < 1.00,SHADOW_TAKE_PROFIT_HIT,0.0,0.0,0.0,0.27,0.46,0.28,-0.01,0.27,0.0,0.0,0.0,0.0,0.0,9961.93,0.77,0.07,2026-08-05
306,2026-08-05 15:15:00+00:00,SOLUSDT,LONG,EXECUTED,HIGH_RISK__HIGH_QUAL__HIGH_PROFIT,2.76,None,TIME_CLOSE_EXIT,149.43,3.0,448.29,1.38,0.5,1.09,-0.23,0.43,1.93,0.36,0.45,0.81,1.12,9963.05,0.76,,2026-08-05
307,2026-08-05 15:45:00+00:00,XRPUSDT,SHORT,EXECUTED,LOW_RISK__LOW_QUAL__LOW_PROFIT,2.68,None,TIME_CLOSE_EXIT,49.82,5.0,249.08,1.33,0.49,0.02,-0.37,0.0,0.0,0.2,0.25,0.45,-0.45,9962.61,0.77,,2026-08-05
308,2026-08-05 15:45:00+00:00,DOGEUSDT,SHORT,EXECUTED,HIGH_RISK__HIGH_QUAL__HIGH_PROFIT,1.48,None,TIME_CLOSE_EXIT,149.44,3.0,448.32,0.81,0.55,0.01,-0.37,-0.36,-1.61,0.36,0.45,0.81,-2.42,9960.19,0.79,,2026-08-05
309,2026-08-05 16:00:00+00:00,XRPUSDT,LONG,EXECUTED,HIGH_RISK__HIGH_QUAL__LOW_PROFIT,1.4,None,TAKE_PROFIT_HIT,52.29,1.5,78.44,0.54,0.39,0.8,-0.39,0.54,0.43,0.06,0.08,0.14,0.29,9960.47,0.79,,2026-08-05
310,2026-08-05 16:15:00+00:00,DOGEUSDT,LONG,REJECTED,HIGH_RISK__HIGH_QUAL__LOW_PROFIT,0.76,R:R Hurdle Failure: R:R = 0.76 < 1.00,SHADOW_TIME_CLOSE_EXIT,0.0,0.0,0.0,0.81,1.07,0.4,-0.51,-0.26,0.0,0.0,0.0,0.0,0.0,9960.47,0.79,-0.35,2026-08-05
311,2026-08-05 21:15:00+00:00,XRPUSDT,SHORT,EXECUTED,LOW_RISK__LOW_QUAL__LOW_PROFIT,2.16,None,TAKE_PROFIT_HIT,49.8,5.0,249.01,1.29,0.6,2.33,-0.39,1.29,3.2,0.2,0.25,0.45,2.75,9963.23,0.76,,2026-08-05
312,2026-08-05 21:15:00+00:00,SOLUSDT,SHORT,REJECTED,LOW_RISK__HIGH_QUAL__LOW_PROFIT,0.85,R:R Hurdle Failure: R:R = 0.85 < 1.00,SHADOW_TAKE_PROFIT_HIT,0.0,0.0,0.0,0.6,0.7,1.01,-0.28,0.6,0.0,0.0,0.0,0.0,0.0,9963.23,0.76,3.15,2026-08-05
313,2026-08-05 21:45:00+00:00,DOGEUSDT,SHORT,EXECUTED,HIGH_RISK__HIGH_QUAL__HIGH_PROFIT,1.07,None,TAKE_PROFIT_HIT,149.45,3.0,448.35,0.42,0.39,0.86,-0.16,0.42,1.88,0.36,0.45,0.81,1.07,9964.3,0.75,,2026-08-05
314,2026-08-05 22:00:00+00:00,BTCUSDT,SHORT,EXECUTED,LOW_RISK__HIGH_QUAL__LOW_PROFIT,1.19,None,TAKE_PROFIT_HIT,149.46,5.0,747.32,0.33,0.28,0.38,-0.15,0.33,2.5,0.6,0.75,1.35,1.15,9965.45,0.74,,2026-08-05
315,2026-08-05 22:45:00+00:00,ETHUSDT,SHORT,EXECUTED,LOW_RISK__HIGH_QUAL__HIGH_PROFIT,1.07,None,TAKE_PROFIT_HIT,149.48,5.0,747.41,0.48,0.44,0.62,-0.38,0.48,3.55,0.6,0.75,1.35,2.21,9967.66,0.72,,2026-08-05
316,2026-08-06 04:30:00+00:00,BTCUSDT,LONG,EXECUTED,HIGH_RISK__HIGH_QUAL__HIGH_PROFIT,7.32,None,TIME_CLOSE_EXIT,149.51,3.0,448.54,0.83,0.11,0.52,-0.04,0.11,0.49,0.36,0.45,0.81,-0.31,9967.34,0.72,,2026-08-06
317,2026-08-06 05:00:00+00:00,ETHUSDT,LONG,EXECUTED,HIGH_RISK__LOW_QUAL__HIGH_PROFIT,1.53,None,TIME_CLOSE_EXIT,17.44,1.5,26.16,1.16,0.75,0.29,-0.4,-0.32,-0.08,0.02,0.03,0.05,-0.13,9967.21,0.72,,2026-08-06
318,2026-08-06 05:00:00+00:00,SOLUSDT,LONG,EXECUTED,HIGH_RISK__HIGH_QUAL__HIGH_PROFIT,2.02,None,TIME_CLOSE_EXIT,149.51,3.0,448.52,1.57,0.78,0.16,-0.5,-0.48,-2.15,0.36,0.45,0.81,-2.96,9964.25,0.75,,2026-08-06
319,2026-08-06 06:45:00+00:00,XRPUSDT,LONG,EXECUTED,HIGH_RISK__HIGH_QUAL__LOW_PROFIT,1.02,None,TIME_CLOSE_EXIT,52.31,1.5,78.47,0.35,0.34,0.03,-0.08,-0.07,-0.05,0.06,0.08,0.14,-0.2,9964.06,0.75,,2026-08-06
320,2026-08-06 07:30:00+00:00,XRPUSDT,SHORT,EXECUTED,LOW_RISK__LOW_QUAL__LOW_PROFIT,2.68,None,TIME_CLOSE_EXIT,49.82,5.0,249.1,0.98,0.37,0.04,-0.23,-0.24,-0.6,0.2,0.25,0.45,-1.05,9963.01,0.76,,2026-08-06
321,2026-08-06 08:00:00+00:00,SOLUSDT,SHORT,EXECUTED,LOW_RISK__HIGH_QUAL__LOW_PROFIT,2.6,None,TAKE_PROFIT_HIT,149.45,5.0,747.23,1.15,0.44,1.25,-0.47,1.15,8.62,0.6,0.75,1.35,7.28,9970.29,0.69,,2026-08-06
322,2026-08-06 08:00:00+00:00,DOGEUSDT,SHORT,EXECUTED,HIGH_RISK__HIGH_QUAL__HIGH_PROFIT,2.75,None,TIME_CLOSE_EXIT,149.55,3.0,448.66,1.01,0.37,0.07,-0.17,-0.26,-1.17,0.36,0.45,0.81,-1.97,9968.31,0.71,,2026-08-06
323,2026-08-06 08:30:00+00:00,XRPUSDT,LONG,REJECTED,HIGH_RISK__HIGH_QUAL__LOW_PROFIT,0.49,R:R Hurdle Failure: R:R = 0.49 < 1.00,SHADOW_TIME_CLOSE_EXIT,0.0,0.0,0.0,0.46,0.94,0.26,-0.47,-0.59,0.0,0.0,0.0,0.0,0.0,9968.31,0.71,-0.6,2026-08-06
324,2026-08-06 08:45:00+00:00,DOGEUSDT,LONG,REJECTED,HIGH_RISK__HIGH_QUAL__LOW_PROFIT,0.35,R:R Hurdle Failure: R:R = 0.35 < 1.00,SHADOW_TIME_CLOSE_EXIT,0.0,0.0,0.0,0.17,0.5,0.13,-0.1,0.0,0.0,0.0,0.0,0.0,0.0,9968.31,0.71,-0.14,2026-08-06
325,2026-08-06 09:00:00+00:00,DOGEUSDT,SHORT,EXECUTED,HIGH_RISK__HIGH_QUAL__HIGH_PROFIT,1.36,None,TAKE_PROFIT_HIT,149.52,3.0,448.57,1.1,0.81,1.83,-0.72,1.1,4.95,0.36,0.45,0.81,4.14,9972.46,0.67,,2026-08-06
326,2026-08-06 09:15:00+00:00,XRPUSDT,SHORT,EXECUTED,LOW_RISK__LOW_QUAL__LOW_PROFIT,2.05,None,TIME_CLOSE_EXIT,49.86,5.0,249.31,1.26,0.61,0.54,-0.23,-0.31,-0.77,0.2,0.25,0.45,-1.22,9971.23,0.68,,2026-08-06
327,2026-08-06 09:30:00+00:00,BTCUSDT,SHORT,REJECTED,LOW_RISK__HIGH_QUAL__LOW_PROFIT,0.85,R:R Hurdle Failure: R:R = 0.85 < 1.00,SHADOW_TAKE_PROFIT_HIT,0.0,0.0,0.0,0.36,0.42,0.77,-0.1,0.36,0.0,0.0,0.0,0.0,0.0,9971.23,0.68,1.31,2026-08-06
328,2026-08-06 09:30:00+00:00,ETHUSDT,SHORT,REJECTED,LOW_RISK__HIGH_QUAL__HIGH_PROFIT,0.99,R:R Hurdle Failure: R:R = 0.99 < 1.00,SHADOW_TAKE_PROFIT_HIT,0.0,0.0,0.0,0.42,0.42,0.73,-0.15,0.42,0.0,0.0,0.0,0.0,0.0,9971.23,0.68,1.77,2026-08-06
329,2026-08-06 11:45:00+00:00,XRPUSDT,LONG,REJECTED,HIGH_RISK__HIGH_QUAL__LOW_PROFIT,0.81,R:R Hurdle Failure: R:R = 0.81 < 1.00,SHADOW_TIME_CLOSE_EXIT,0.0,0.0,0.0,0.33,0.41,0.08,-0.06,0.0,0.0,0.0,0.0,0.0,0.0,9971.23,0.68,-0.14,2026-08-06
330,2026-08-06 12:00:00+00:00,XRPUSDT,SHORT,EXECUTED,LOW_RISK__LOW_QUAL__LOW_PROFIT,2.5,None,TIME_CLOSE_EXIT,49.86,5.0,249.28,1.01,0.41,0.44,-0.32,-0.08,-0.2,0.2,0.25,0.45,-0.65,9970.59,0.69,,2026-08-06
331,2026-08-06 14:15:00+00:00,ETHUSDT,LONG,EXECUTED,HIGH_RISK__LOW_QUAL__HIGH_PROFIT,1.82,None,TIME_CLOSE_EXIT,17.45,1.5,26.17,0.94,0.52,0.67,-0.78,0.24,0.06,0.02,0.03,0.05,0.02,9970.6,0.69,,2026-08-06
332,2026-08-06 14:45:00+00:00,BTCUSDT,LONG,EXECUTED,HIGH_RISK__HIGH_QUAL__HIGH_PROFIT,1.61,None,TIME_CLOSE_EXIT,149.56,3.0,448.68,1.0,0.62,0.32,-0.15,-0.24,-1.08,0.36,0.45,0.81,-1.88,9968.72,0.7,,2026-08-06
333,2026-08-06 15:00:00+00:00,XRPUSDT,LONG,REJECTED,HIGH_RISK__HIGH_QUAL__LOW_PROFIT,0.56,R:R Hurdle Failure: R:R = 0.56 < 1.00,SHADOW_TIME_CLOSE_EXIT,0.0,0.0,0.0,0.41,0.73,0.36,-0.29,-0.12,0.0,0.0,0.0,0.0,0.0,9968.72,0.7,-0.24,2026-08-06
334,2026-08-06 15:00:00+00:00,SOLUSDT,LONG,REJECTED,HIGH_RISK__HIGH_QUAL__HIGH_PROFIT,0.82,R:R Hurdle Failure: R:R = 0.82 < 1.00,SHADOW_TIME_CLOSE_EXIT,0.0,0.0,0.0,0.54,0.66,0.16,-0.1,-0.29,0.0,0.0,0.0,0.0,0.0,9968.72,0.7,-2.11,2026-08-06
335,2026-08-06 15:30:00+00:00,DOGEUSDT,LONG,REJECTED,HIGH_RISK__HIGH_QUAL__LOW_PROFIT,0.65,R:R Hurdle Failure: R:R = 0.65 < 1.00,SHADOW_TIME_CLOSE_EXIT,0.0,0.0,0.0,0.32,0.49,0.26,-0.1,-0.09,0.0,0.0,0.0,0.0,0.0,9968.72,0.7,-0.21,2026-08-06
336,2026-08-06 16:00:00+00:00,DOGEUSDT,SHORT,EXECUTED,HIGH_RISK__HIGH_QUAL__HIGH_PROFIT,2.15,None,TIME_CLOSE_EXIT,149.53,3.0,448.59,0.81,0.38,0.03,-0.28,0.0,0.0,0.36,0.45,0.81,-0.81,9967.91,0.71,,2026-08-06
337,2026-08-06 16:00:00+00:00,XRPUSDT,SHORT,EXECUTED,LOW_RISK__LOW_QUAL__LOW_PROFIT,2.7,None,TIME_CLOSE_EXIT,49.84,5.0,249.2,1.81,0.67,1.33,-0.67,0.63,1.57,0.2,0.25,0.45,1.12,9969.03,0.7,,2026-08-06
338,2026-08-06 16:00:00+00:00,SOLUSDT,SHORT,EXECUTED,LOW_RISK__HIGH_QUAL__LOW_PROFIT,4.04,None,TIME_CLOSE_EXIT,149.54,5.0,747.68,1.89,0.47,0.05,-0.34,-0.36,-2.69,0.6,0.75,1.35,-4.04,9964.99,0.74,,2026-08-06
339,2026-08-06 16:15:00+00:00,DOGEUSDT,LONG,REJECTED,HIGH_RISK__HIGH_QUAL__LOW_PROFIT,0.53,R:R Hurdle Failure: R:R = 0.53 < 1.00,SHADOW_TAKE_PROFIT_HIT,0.0,0.0,0.0,0.3,0.56,0.38,-0.26,0.3,0.0,0.0,0.0,0.0,0.0,9964.99,0.74,0.09,2026-08-06
340,2026-08-06 16:45:00+00:00,SOLUSDT,LONG,REJECTED,HIGH_RISK__HIGH_QUAL__HIGH_PROFIT,0.29,R:R Hurdle Failure: R:R = 0.29 < 1.00,SHADOW_TIME_CLOSE_EXIT,0.0,0.0,0.0,0.19,0.66,0.14,-0.15,-0.15,0.0,0.0,0.0,0.0,0.0,9964.99,0.74,-1.48,2026-08-06
341,2026-08-06 17:30:00+00:00,SOLUSDT,SHORT,EXECUTED,LOW_RISK__HIGH_QUAL__LOW_PROFIT,4.69,None,TIME_CLOSE_EXIT,149.47,5.0,747.37,1.58,0.34,1.11,-0.33,0.66,4.93,0.6,0.75,1.35,3.59,9968.58,0.71,,2026-08-06
342,2026-08-06 18:00:00+00:00,BTCUSDT,SHORT,EXECUTED,LOW_RISK__HIGH_QUAL__LOW_PROFIT,1.2,None,TAKE_PROFIT_HIT,149.53,5.0,747.64,0.36,0.3,0.53,-0.13,0.36,2.71,0.6,0.75,1.35,1.36,9969.95,0.69,,2026-08-06
343,2026-08-06 18:30:00+00:00,ETHUSDT,SHORT,REJECTED,LOW_RISK__HIGH_QUAL__HIGH_PROFIT,0.78,R:R Hurdle Failure: R:R = 0.78 < 1.00,SHADOW_TAKE_PROFIT_HIT,0.0,0.0,0.0,0.45,0.57,0.6,-0.3,0.45,0.0,0.0,0.0,0.0,0.0,9969.95,0.69,2.0,2026-08-06
344,2026-08-06 18:30:00+00:00,DOGEUSDT,SHORT,EXECUTED,HIGH_RISK__HIGH_QUAL__HIGH_PROFIT,1.73,None,TIME_CLOSE_EXIT,149.55,3.0,448.65,1.11,0.64,0.23,-0.36,-0.32,-1.44,0.36,0.45,0.81,-2.24,9967.7,0.72,,2026-08-06
345,2026-08-06 21:30:00+00:00,DOGEUSDT,LONG,EXECUTED,HIGH_RISK__HIGH_QUAL__LOW_PROFIT,1.11,None,TIME_CLOSE_EXIT,52.33,1.5,78.5,0.39,0.35,0.14,-0.19,-0.17,-0.13,0.06,0.08,0.14,-0.27,9967.43,0.72,,2026-08-06
346,2026-08-06 23:30:00+00:00,DOGEUSDT,SHORT,EXECUTED,HIGH_RISK__HIGH_QUAL__HIGH_PROFIT,2.04,None,TIME_CLOSE_EXIT,149.51,3.0,448.53,0.65,0.32,0.06,-0.07,0.0,0.0,0.36,0.45,0.81,-0.81,9966.62,0.73,,2026-08-06
347,2026-08-06 23:45:00+00:00,DOGEUSDT,LONG,REJECTED,HIGH_RISK__HIGH_QUAL__LOW_PROFIT,0.58,R:R Hurdle Failure: R:R = 0.58 < 1.00,SHADOW_TAKE_PROFIT_HIT,0.0,0.0,0.0,0.27,0.46,0.58,-0.28,0.27,0.0,0.0,0.0,0.0,0.0,9966.62,0.73,0.07,2026-08-06
348,2026-08-07 01:15:00+00:00,XRPUSDT,LONG,REJECTED,HIGH_RISK__HIGH_QUAL__LOW_PROFIT,0.1,R:R Hurdle Failure: R:R = 0.10 < 1.00,SHADOW_TIME_CLOSE_EXIT,0.0,0.0,0.0,0.09,0.89,0.06,-0.32,-0.25,0.0,0.0,0.0,0.0,0.0,9966.62,0.73,-0.34,2026-08-07
349,2026-08-07 02:00:00+00:00,BTCUSDT,LONG,EXECUTED,HIGH_RISK__HIGH_QUAL__HIGH_PROFIT,3.78,None,TIME_CLOSE_EXIT,149.5,3.0,448.5,0.32,0.09,0.06,-0.22,0.0,0.0,0.36,0.45,0.81,-0.81,9965.81,0.73,,2026-08-07
350,2026-08-07 02:15:00+00:00,BTCUSDT,SHORT,EXECUTED,LOW_RISK__HIGH_QUAL__LOW_PROFIT,1.71,None,TIME_CLOSE_EXIT,149.49,5.0,747.44,0.34,0.2,0.01,-0.36,0.0,0.0,0.6,0.75,1.35,-1.35,9964.47,0.75,,2026-08-07
351,2026-08-07 02:15:00+00:00,XRPUSDT,SHORT,EXECUTED,LOW_RISK__LOW_QUAL__LOW_PROFIT,2.56,None,TAKE_PROFIT_HIT,49.82,5.0,249.11,1.59,0.62,1.62,-0.62,1.59,3.96,0.2,0.25,0.45,3.51,9967.98,0.71,,2026-08-07
352,2026-08-07 02:30:00+00:00,BTCUSDT,LONG,EXECUTED,HIGH_RISK__HIGH_QUAL__HIGH_PROFIT,1.48,None,TIME_CLOSE_EXIT,149.52,3.0,448.56,0.24,0.16,0.09,-0.21,-0.12,-0.54,0.36,0.45,0.81,-1.35,9966.64,0.73,,2026-08-07
353,2026-08-07 03:15:00+00:00,BTCUSDT,SHORT,EXECUTED,LOW_RISK__HIGH_QUAL__LOW_PROFIT,2.49,None,TIME_CLOSE_EXIT,149.5,5.0,747.5,0.29,0.12,0.24,-0.08,-0.15,-1.12,0.6,0.75,1.35,-2.47,9964.17,0.75,,2026-08-07
354,2026-08-07 04:00:00+00:00,DOGEUSDT,SHORT,EXECUTED,HIGH_RISK__HIGH_QUAL__HIGH_PROFIT,1.58,None,TIME_CLOSE_EXIT,149.46,3.0,448.39,0.66,0.42,0.3,-0.26,-0.25,-1.12,0.36,0.45,0.81,-1.93,9962.24,0.77,,2026-08-07
355,2026-08-07 05:00:00+00:00,SOLUSDT,LONG,EXECUTED,HIGH_RISK__HIGH_QUAL__HIGH_PROFIT,2.52,None,TIME_CLOSE_EXIT,149.43,3.0,448.3,0.49,0.19,0.06,-0.08,0.0,0.0,0.36,0.45,0.81,-0.81,9961.43,0.78,,2026-08-07
356,2026-08-07 05:15:00+00:00,SOLUSDT,SHORT,EXECUTED,LOW_RISK__HIGH_QUAL__LOW_PROFIT,2.04,None,TIME_CLOSE_EXIT,149.42,5.0,747.11,0.64,0.32,0.18,-0.22,-0.18,-1.34,0.6,0.75,1.34,-2.69,9958.74,0.8,,2026-08-07
357,2026-08-07 05:45:00+00:00,SOLUSDT,LONG,REJECTED,HIGH_RISK__HIGH_QUAL__HIGH_PROFIT,0.77,R:R Hurdle Failure: R:R = 0.77 < 1.00,SHADOW_TAKE_PROFIT_HIT,0.0,0.0,0.0,0.43,0.56,2.02,-0.25,0.43,0.0,0.0,0.0,0.0,0.0,9958.74,0.8,1.12,2026-08-07
358,2026-08-07 06:00:00+00:00,DOGEUSDT,LONG,REJECTED,HIGH_RISK__HIGH_QUAL__LOW_PROFIT,0.51,R:R Hurdle Failure: R:R = 0.51 < 1.00,SHADOW_TAKE_PROFIT_HIT,0.0,0.0,0.0,0.3,0.59,1.47,-0.85,0.3,0.0,0.0,0.0,0.0,0.0,9958.74,0.8,0.1,2026-08-07
359,2026-08-07 06:15:00+00:00,BTCUSDT,LONG,EXECUTED,HIGH_RISK__HIGH_QUAL__HIGH_PROFIT,1.7,None,TAKE_PROFIT_HIT,149.38,3.0,448.14,0.44,0.26,1.51,-0.24,0.44,1.97,0.36,0.45,0.81,1.17,9959.91,0.79,,2026-08-07
360,2026-08-07 06:15:00+00:00,ETHUSDT,LONG,EXECUTED,LOW_RISK__LOW_QUAL__HIGH_PROFIT,1.45,None,TAKE_PROFIT_HIT,49.8,5.0,249.0,0.69,0.47,1.96,-0.2,0.69,1.72,0.2,0.25,0.45,1.27,9961.18,0.78,,2026-08-07
361,2026-08-07 07:15:00+00:00,XRPUSDT,LONG,REJECTED,HIGH_RISK__HIGH_QUAL__LOW_PROFIT,0.63,R:R Hurdle Failure: R:R = 0.63 < 1.00,SHADOW_TAKE_PROFIT_HIT,0.0,0.0,0.0,0.36,0.57,1.48,-0.1,0.36,0.0,0.0,0.0,0.0,0.0,9961.18,0.78,0.14,2026-08-07
362,2026-08-07 14:15:00+00:00,XRPUSDT,SHORT,EXECUTED,LOW_RISK__LOW_QUAL__LOW_PROFIT,3.74,None,TIME_CLOSE_EXIT,49.81,5.0,249.03,2.15,0.57,1.88,-0.19,0.75,1.87,0.2,0.25,0.45,1.42,9962.6,0.77,,2026-08-07
363,2026-08-07 14:45:00+00:00,ETHUSDT,SHORT,REJECTED,HIGH_RISK__HIGH_QUAL__HIGH_PROFIT,0.76,R:R Hurdle Failure: R:R = 0.76 < 1.00,SHADOW_TIME_CLOSE_EXIT,0.0,0.0,0.0,0.57,0.75,0.43,-0.6,-0.26,0.0,0.0,0.0,0.0,0.0,9962.6,0.77,-1.97,2026-08-07
364,2026-08-07 15:45:00+00:00,BTCUSDT,SHORT,REJECTED,LOW_RISK__HIGH_QUAL__LOW_PROFIT,0.76,R:R Hurdle Failure: R:R = 0.76 < 1.00,SHADOW_TAKE_PROFIT_HIT,0.0,0.0,0.0,0.32,0.43,0.6,-0.25,0.32,0.0,0.0,0.0,0.0,0.0,9962.6,0.77,1.08,2026-08-07
365,2026-08-07 16:45:00+00:00,SOLUSDT,SHORT,REJECTED,HIGH_RISK__HIGH_QUAL__LOW_PROFIT,0.67,R:R Hurdle Failure: R:R = 0.67 < 1.00,SHADOW_TAKE_PROFIT_HIT,0.0,0.0,0.0,0.49,0.74,0.54,-0.35,0.49,0.0,0.0,0.0,0.0,0.0,9962.6,0.77,0.24,2026-08-07
366,2026-08-07 17:00:00+00:00,DOGEUSDT,SHORT,REJECTED,HIGH_RISK__HIGH_QUAL__HIGH_PROFIT,0.54,R:R Hurdle Failure: R:R = 0.54 < 1.00,SHADOW_TIME_CLOSE_EXIT,0.0,0.0,0.0,0.46,0.87,0.13,-0.32,-0.53,0.0,0.0,0.0,0.0,0.0,9962.6,0.77,-3.18,2026-08-07
367,2026-08-07 19:30:00+00:00,DOGEUSDT,LONG,EXECUTED,HIGH_RISK__HIGH_QUAL__LOW_PROFIT,1.72,None,TIME_CLOSE_EXIT,52.3,1.5,78.46,0.48,0.28,0.09,-0.37,-0.1,-0.08,0.06,0.08,0.14,-0.22,9962.38,0.77,,2026-08-07
368,2026-08-07 19:30:00+00:00,SOLUSDT,LONG,EXECUTED,HIGH_RISK__HIGH_QUAL__HIGH_PROFIT,4.68,None,TIME_CLOSE_EXIT,149.44,3.0,448.31,2.22,0.48,0.37,-0.08,-0.19,-0.85,0.36,0.45,0.81,-1.66,9960.72,0.78,,2026-08-07
369,2026-08-07 19:45:00+00:00,BTCUSDT,LONG,EXECUTED,HIGH_RISK__HIGH_QUAL__HIGH_PROFIT,2.88,None,TIME_CLOSE_EXIT,149.41,3.0,448.23,0.66,0.23,0.22,-0.02,-0.13,-0.58,0.36,0.45,0.81,-1.39,9959.33,0.8,,2026-08-07
370,2026-08-07 19:45:00+00:00,ETHUSDT,LONG,EXECUTED,HIGH_RISK__LOW_QUAL__HIGH_PROFIT,3.04,None,TIME_CLOSE_EXIT,17.43,1.5,26.14,1.31,0.43,0.21,-0.32,-0.22,-0.06,0.02,0.03,0.05,-0.1,9959.23,0.8,,2026-08-07
371,2026-08-07 20:15:00+00:00,XRPUSDT,LONG,REJECTED,HIGH_RISK__HIGH_QUAL__LOW_PROFIT,0.38,R:R Hurdle Failure: R:R = 0.38 < 1.00,SHADOW_TIME_CLOSE_EXIT,0.0,0.0,0.0,0.27,0.71,0.2,-0.19,-0.22,0.0,0.0,0.0,0.0,0.0,9959.23,0.8,-0.31,2026-08-07
372,2026-08-07 21:45:00+00:00,DOGEUSDT,SHORT,EXECUTED,HIGH_RISK__HIGH_QUAL__HIGH_PROFIT,1.1,None,TIME_CLOSE_EXIT,149.39,3.0,448.17,0.3,0.27,0.2,-0.22,-0.06,-0.27,0.36,0.45,0.81,-1.08,9958.15,0.81,,2026-08-07
373,2026-08-07 22:15:00+00:00,SOLUSDT,SHORT,EXECUTED,LOW_RISK__HIGH_QUAL__LOW_PROFIT,1.72,None,TIME_CLOSE_EXIT,149.37,5.0,746.86,0.41,0.24,0.16,-0.12,-0.08,-0.6,0.6,0.75,1.34,-1.94,9956.21,0.83,,2026-08-07
374,2026-08-07 22:15:00+00:00,XRPUSDT,SHORT,EXECUTED,LOW_RISK__LOW_QUAL__LOW_PROFIT,3.14,None,TIME_CLOSE_EXIT,49.78,5.0,248.91,1.62,0.52,0.2,-0.28,-0.32,-0.8,0.2,0.25,0.45,-1.24,9954.96,0.84,,2026-08-07
375,2026-08-07 22:45:00+00:00,ETHUSDT,SHORT,REJECTED,LOW_RISK__HIGH_QUAL__HIGH_PROFIT,0.5,R:R Hurdle Failure: R:R = 0.50 < 1.00,SHADOW_TIME_CLOSE_EXIT,0.0,0.0,0.0,0.1,0.19,0.03,0.0,0.0,0.0,0.0,0.0,0.0,0.0,9954.96,0.84,-1.34,2026-08-07
376,2026-08-07 22:45:00+00:00,BTCUSDT,SHORT,EXECUTED,LOW_RISK__HIGH_QUAL__LOW_PROFIT,2.13,None,TIME_CLOSE_EXIT,149.32,5.0,746.62,0.27,0.13,0.16,-0.1,-0.06,-0.45,0.6,0.75,1.34,-1.79,9953.17,0.86,,2026-08-07
377,2026-08-07 23:00:00+00:00,ETHUSDT,LONG,EXECUTED,LOW_RISK__LOW_QUAL__LOW_PROFIT,4.96,None,TIME_CLOSE_EXIT,49.77,5.0,248.83,0.7,0.14,0.0,-0.06,0.0,0.0,0.2,0.25,0.45,-0.45,9952.72,0.86,,2026-08-07
378,2026-08-07 23:15:00+00:00,ETHUSDT,SHORT,REJECTED,LOW_RISK__HIGH_QUAL__HIGH_PROFIT,0.58,R:R Hurdle Failure: R:R = 0.58 < 1.00,SHADOW_TIME_CLOSE_EXIT,0.0,0.0,0.0,0.1,0.16,0.01,-0.05,0.0,0.0,0.0,0.0,0.0,0.0,9952.72,0.86,-1.34,2026-08-07
379,2026-08-07 23:30:00+00:00,ETHUSDT,LONG,EXECUTED,LOW_RISK__LOW_QUAL__LOW_PROFIT,5.21,None,TIME_CLOSE_EXIT,49.76,5.0,248.82,0.72,0.14,0.0,-0.04,0.0,0.0,0.2,0.25,0.45,-0.45,9952.28,0.87,,2026-08-07
380,2026-08-07 23:45:00+00:00,ETHUSDT,SHORT,REJECTED,LOW_RISK__LOW_QUAL__HIGH_PROFIT,0.78,R:R Hurdle Failure: R:R = 0.78 < 1.00,SHADOW_TIME_CLOSE_EXIT,0.0,0.0,0.0,0.15,0.2,0.1,-0.13,-0.12,0.0,0.0,0.0,0.0,0.0,9952.28,0.87,-0.75,2026-08-07
381,2026-08-08 00:30:00+00:00,XRPUSDT,LONG,EXECUTED,HIGH_RISK__HIGH_QUAL__LOW_PROFIT,1.47,None,TAKE_PROFIT_HIT,52.25,1.5,78.37,0.51,0.34,2.32,-0.15,0.51,0.4,0.06,0.08,0.14,0.26,9952.53,0.87,,2026-08-08
382,2026-08-08 01:00:00+00:00,DOGEUSDT,LONG,EXECUTED,HIGH_RISK__HIGH_QUAL__LOW_PROFIT,2.1,None,TAKE_PROFIT_HIT,52.25,1.5,78.38,0.61,0.29,2.43,-0.21,0.61,0.48,0.06,0.08,0.14,0.34,9952.87,0.86,,2026-08-08
383,2026-08-08 01:00:00+00:00,BTCUSDT,LONG,EXECUTED,HIGH_RISK__HIGH_QUAL__HIGH_PROFIT,40.1,None,TIME_CLOSE_EXIT,149.29,3.0,447.88,0.69,0.02,0.01,-0.07,-0.07,-0.31,0.36,0.45,0.81,-1.12,9951.75,0.87,,2026-08-08
384,2026-08-08 01:15:00+00:00,SOLUSDT,LONG,EXECUTED,HIGH_RISK__HIGH_QUAL__HIGH_PROFIT,10.81,None,TAKE_PROFIT_HIT,149.28,3.0,447.83,2.16,0.2,4.05,-0.14,2.16,9.67,0.36,0.45,0.81,8.87,9960.61,0.79,,2026-08-08
385,2026-08-08 02:00:00+00:00,BTCUSDT,SHORT,EXECUTED,LOW_RISK__HIGH_QUAL__HIGH_PROFIT,3.23,None,TIME_CLOSE_EXIT,149.41,5.0,747.05,0.14,0.04,0.02,-0.01,0.0,0.0,0.6,0.75,1.34,-1.34,9959.27,0.8,,2026-08-08
386,2026-08-08 02:15:00+00:00,BTCUSDT,LONG,REJECTED,HIGH_RISK__HIGH_QUAL__HIGH_PROFIT,0.0,R:R Hurdle Failure: R:R = 0.00 < 1.00,SHADOW_TIME_CLOSE_EXIT,0.0,0.0,0.0,0.69,-0.02,0.22,-0.04,0.04,0.0,0.0,0.0,0.0,0.0,9959.27,0.8,-0.63,2026-08-08
387,2026-08-08 03:30:00+00:00,ETHUSDT,LONG,EXECUTED,LOW_RISK__LOW_QUAL__LOW_PROFIT,2.97,None,TIME_CLOSE_EXIT,49.8,5.0,248.98,0.77,0.26,0.12,-0.05,-0.09,-0.22,0.2,0.25,0.45,-0.67,9958.6,0.81,,2026-08-08
388,2026-08-08 07:30:00+00:00,ETHUSDT,SHORT,EXECUTED,LOW_RISK__HIGH_QUAL__LOW_PROFIT,1.16,None,TIME_CLOSE_EXIT,149.38,5.0,746.89,0.2,0.18,0.03,-0.06,-0.17,-1.27,0.6,0.75,1.34,-2.61,9955.98,0.83,,2026-08-08
389,2026-08-08 07:45:00+00:00,BTCUSDT,SHORT,EXECUTED,LOW_RISK__HIGH_QUAL__HIGH_PROFIT,1.44,None,TIME_CLOSE_EXIT,149.34,5.0,746.7,0.09,0.07,0.02,-0.01,-0.02,-0.15,0.6,0.75,1.34,-1.49,9954.49,0.85,,2026-08-08
390,2026-08-08 08:30:00+00:00,BTCUSDT,LONG,EXECUTED,HIGH_RISK__HIGH_QUAL__HIGH_PROFIT,3.67,None,TIME_CLOSE_EXIT,149.32,3.0,447.95,0.38,0.1,0.05,-0.06,-0.06,-0.27,0.36,0.45,0.81,-1.08,9953.42,0.86,,2026-08-08
391,2026-08-08 08:45:00+00:00,ETHUSDT,LONG,EXECUTED,LOW_RISK__LOW_QUAL__LOW_PROFIT,4.57,None,TIME_CLOSE_EXIT,49.77,5.0,248.84,0.58,0.13,0.51,-0.03,0.23,0.57,0.2,0.25,0.45,0.12,9953.54,0.86,,2026-08-08
392,2026-08-08 11:30:00+00:00,BTCUSDT,SHORT,REJECTED,LOW_RISK__HIGH_QUAL__HIGH_PROFIT,0.78,R:R Hurdle Failure: R:R = 0.78 < 1.00,SHADOW_TIME_CLOSE_EXIT,0.0,0.0,0.0,0.1,0.13,0.07,-0.06,-0.06,0.0,0.0,0.0,0.0,0.0,9953.54,0.86,-1.79,2026-08-08
393,2026-08-08 12:45:00+00:00,BTCUSDT,LONG,EXECUTED,HIGH_RISK__HIGH_QUAL__HIGH_PROFIT,8.83,None,TIME_CLOSE_EXIT,149.3,3.0,447.91,0.81,0.09,0.28,-0.01,0.06,0.27,0.36,0.45,0.81,-0.54,9953.0,0.86,,2026-08-08
394,2026-08-08 18:45:00+00:00,BTCUSDT,SHORT,EXECUTED,LOW_RISK__HIGH_QUAL__HIGH_PROFIT,1.07,None,TIME_CLOSE_EXIT,149.3,5.0,746.48,0.1,0.1,0.04,-0.01,-0.05,-0.37,0.6,0.75,1.34,-1.72,9951.29,0.88,,2026-08-08
395,2026-08-08 18:45:00+00:00,XRPUSDT,SHORT,EXECUTED,LOW_RISK__LOW_QUAL__LOW_PROFIT,2.35,None,TIME_CLOSE_EXIT,49.76,5.0,248.78,0.79,0.34,0.77,-0.16,0.36,0.9,0.2,0.25,0.45,0.45,9951.73,0.87,,2026-08-08
396,2026-08-08 18:45:00+00:00,ETHUSDT,SHORT,REJECTED,LOW_RISK__HIGH_QUAL__LOW_PROFIT,0.35,R:R Hurdle Failure: R:R = 0.35 < 1.00,SHADOW_TAKE_PROFIT_HIT,0.0,0.0,0.0,0.05,0.14,0.45,-0.08,0.05,0.0,0.0,0.0,0.0,0.0,9951.73,0.87,-0.99,2026-08-08
397,2026-08-08 19:15:00+00:00,SOLUSDT,SHORT,REJECTED,LOW_RISK__HIGH_QUAL__LOW_PROFIT,0.12,R:R Hurdle Failure: R:R = 0.12 < 1.00,SHADOW_TIME_CLOSE_EXIT,0.0,0.0,0.0,0.05,0.44,0.03,-0.16,-0.22,0.0,0.0,0.0,0.0,0.0,9951.73,0.87,-2.99,2026-08-08
398,2026-08-08 19:15:00+00:00,DOGEUSDT,SHORT,REJECTED,HIGH_RISK__HIGH_QUAL__HIGH_PROFIT,0.88,R:R Hurdle Failure: R:R = 0.88 < 1.00,SHADOW_TAKE_PROFIT_HIT,0.0,0.0,0.0,0.3,0.35,1.48,-0.3,0.3,0.0,0.0,0.0,0.0,0.0,9951.73,0.87,0.56,2026-08-08
399,2026-08-08 20:00:00+00:00,SOLUSDT,LONG,EXECUTED,HIGH_RISK__HIGH_QUAL__HIGH_PROFIT,1.41,None,TIME_CLOSE_EXIT,149.28,3.0,447.83,0.48,0.34,0.16,-0.13,-0.14,-0.63,0.36,0.45,0.81,-1.43,9950.3,0.89,,2026-08-08
400,2026-08-08 20:45:00+00:00,BTCUSDT,LONG,EXECUTED,HIGH_RISK__HIGH_QUAL__HIGH_PROFIT,2.31,None,TIME_CLOSE_EXIT,149.25,3.0,447.76,0.43,0.19,0.03,-0.03,0.0,0.0,0.36,0.45,0.81,-0.81,9949.49,0.9,,2026-08-08
401,2026-08-08 21:00:00+00:00,BTCUSDT,SHORT,EXECUTED,LOW_RISK__HIGH_QUAL__HIGH_PROFIT,2.4,None,TAKE_PROFIT_HIT,149.24,5.0,746.21,0.11,0.05,0.49,-0.06,0.11,0.83,0.6,0.75,1.34,-0.51,9948.99,0.9,,2026-08-08
402,2026-08-08 22:45:00+00:00,SOLUSDT,SHORT,REJECTED,HIGH_RISK__HIGH_QUAL__LOW_PROFIT,0.36,R:R Hurdle Failure: R:R = 0.36 < 1.00,SHADOW_TIME_CLOSE_EXIT,0.0,0.0,0.0,0.31,0.86,0.24,-0.29,-0.11,0.0,0.0,0.0,0.0,0.0,9948.99,0.9,-0.23,2026-08-08
403,2026-08-09 04:00:00+00:00,SOLUSDT,LONG,EXECUTED,HIGH_RISK__HIGH_QUAL__HIGH_PROFIT,6.51,None,TAKE_PROFIT_HIT,149.23,3.0,447.7,1.58,0.24,2.29,-0.29,1.58,7.08,0.36,0.45,0.81,6.28,9955.26,0.84,,2026-08-09
404,2026-08-09 06:15:00+00:00,XRPUSDT,LONG,EXECUTED,HIGH_RISK__HIGH_QUAL__LOW_PROFIT,1.02,None,TIME_CLOSE_EXIT,52.27,1.5,78.4,0.35,0.34,0.22,-0.13,-0.2,-0.16,0.06,0.08,0.14,-0.3,9954.97,0.84,,2026-08-09
405,2026-08-09 06:30:00+00:00,ETHUSDT,LONG,EXECUTED,LOW_RISK__LOW_QUAL__LOW_PROFIT,3.06,None,TIME_CLOSE_EXIT,49.77,5.0,248.87,0.6,0.2,0.37,-0.05,-0.14,-0.35,0.2,0.25,0.45,-0.8,9954.17,0.85,,2026-08-09
406,2026-08-09 06:45:00+00:00,DOGEUSDT,LONG,EXECUTED,LOW_RISK__HIGH_QUAL__LOW_PROFIT,1.47,None,TIME_CLOSE_EXIT,149.31,5.0,746.56,0.54,0.37,0.14,-0.19,-0.04,-0.3,0.6,0.75,1.34,-1.64,9952.53,0.87,,2026-08-09
407,2026-08-09 07:00:00+00:00,BTCUSDT,LONG,EXECUTED,HIGH_RISK__HIGH_QUAL__HIGH_PROFIT,13.39,None,TIME_CLOSE_EXIT,149.29,3.0,447.86,0.44,0.03,0.16,-0.04,-0.05,-0.22,0.36,0.45,0.81,-1.03,9951.5,0.88,,2026-08-09
408,2026-08-09 08:00:00+00:00,XRPUSDT,SHORT,EXECUTED,LOW_RISK__LOW_QUAL__LOW_PROFIT,3.77,None,TIME_CLOSE_EXIT,49.76,5.0,248.79,0.72,0.19,0.6,-0.18,0.05,0.12,0.2,0.25,0.45,-0.32,9951.17,0.88,,2026-08-09
409,2026-08-09 09:00:00+00:00,BTCUSDT,SHORT,EXECUTED,LOW_RISK__HIGH_QUAL__HIGH_PROFIT,3.84,None,TIME_CLOSE_EXIT,149.27,5.0,746.34,0.1,0.03,0.02,-0.01,0.01,0.07,0.6,0.75,1.34,-1.27,9949.9,0.89,,2026-08-09
410,2026-08-09 09:15:00+00:00,ETHUSDT,SHORT,REJECTED,LOW_RISK__HIGH_QUAL__HIGH_PROFIT,0.54,R:R Hurdle Failure: R:R = 0.54 < 1.00,SHADOW_TIME_CLOSE_EXIT,0.0,0.0,0.0,0.16,0.29,0.04,-0.07,-0.12,0.0,0.0,0.0,0.0,0.0,9949.9,0.89,-2.24,2026-08-09
411,2026-08-09 09:15:00+00:00,DOGEUSDT,SHORT,REJECTED,HIGH_RISK__HIGH_QUAL__HIGH_PROFIT,0.92,R:R Hurdle Failure: R:R = 0.92 < 1.00,SHADOW_TIME_CLOSE_EXIT,0.0,0.0,0.0,0.33,0.36,0.03,-0.11,-0.14,0.0,0.0,0.0,0.0,0.0,9949.9,0.89,-1.43,2026-08-09
412,2026-08-09 09:45:00+00:00,ETHUSDT,LONG,EXECUTED,LOW_RISK__LOW_QUAL__LOW_PROFIT,2.06,None,TIME_CLOSE_EXIT,49.75,5.0,248.75,0.79,0.38,0.08,-0.26,-0.21,-0.52,0.2,0.25,0.45,-0.97,9948.93,0.9,,2026-08-09
413,2026-08-09 09:45:00+00:00,BTCUSDT,LONG,EXECUTED,HIGH_RISK__HIGH_QUAL__HIGH_PROFIT,4.0,None,TAKE_PROFIT_HIT,149.23,3.0,447.7,0.5,0.12,0.65,-0.1,0.5,2.22,0.36,0.45,0.81,1.41,9950.35,0.89,,2026-08-09
414,2026-08-09 10:00:00+00:00,DOGEUSDT,LONG,REJECTED,HIGH_RISK__HIGH_QUAL__LOW_PROFIT,0.89,R:R Hurdle Failure: R:R = 0.89 < 1.00,SHADOW_TAKE_PROFIT_HIT,0.0,0.0,0.0,0.35,0.39,0.87,-0.16,0.35,0.0,0.0,0.0,0.0,0.0,9950.35,0.89,0.13,2026-08-09
415,2026-08-09 11:45:00+00:00,XRPUSDT,LONG,EXECUTED,HIGH_RISK__HIGH_QUAL__LOW_PROFIT,1.37,None,TAKE_PROFIT_HIT,52.24,1.5,78.36,0.35,0.26,0.86,-0.16,0.35,0.28,0.06,0.08,0.14,0.14,9950.48,0.89,,2026-08-09
416,2026-08-09 12:45:00+00:00,ETHUSDT,SHORT,REJECTED,LOW_RISK__HIGH_QUAL__LOW_PROFIT,0.53,R:R Hurdle Failure: R:R = 0.53 < 1.00,SHADOW_TIME_CLOSE_EXIT,0.0,0.0,0.0,0.13,0.25,0.01,-0.02,0.0,0.0,0.0,0.0,0.0,0.0,9950.48,0.89,-1.34,2026-08-09
417,2026-08-09 13:00:00+00:00,ETHUSDT,LONG,EXECUTED,LOW_RISK__LOW_QUAL__LOW_PROFIT,6.54,None,TIME_CLOSE_EXIT,49.75,5.0,248.76,0.67,0.1,0.38,-0.13,0.14,0.35,0.2,0.25,0.45,-0.1,9950.38,0.89,,2026-08-09
418,2026-08-09 18:15:00+00:00,ETHUSDT,SHORT,REJECTED,LOW_RISK__HIGH_QUAL__HIGH_PROFIT,0.76,R:R Hurdle Failure: R:R = 0.76 < 1.00,SHADOW_TAKE_PROFIT_HIT,0.0,0.0,0.0,0.13,0.17,0.22,-0.03,0.13,0.0,0.0,0.0,0.0,0.0,9950.38,0.89,-0.4,2026-08-09
419,2026-08-09 18:45:00+00:00,XRPUSDT,SHORT,EXECUTED,LOW_RISK__LOW_QUAL__LOW_PROFIT,3.04,None,TIME_CLOSE_EXIT,49.75,5.0,248.76,0.68,0.22,0.08,-0.06,-0.12,-0.3,0.2,0.25,0.45,-0.75,9949.64,0.89,,2026-08-09
420,2026-08-09 19:00:00+00:00,DOGEUSDT,SHORT,REJECTED,HIGH_RISK__HIGH_QUAL__HIGH_PROFIT,0.94,R:R Hurdle Failure: R:R = 0.94 < 1.00,SHADOW_TIME_CLOSE_EXIT,0.0,0.0,0.0,0.4,0.42,0.09,-0.18,-0.13,0.0,0.0,0.0,0.0,0.0,9949.64,0.89,-1.39,2026-08-09
421,2026-08-09 20:00:00+00:00,BTCUSDT,SHORT,EXECUTED,LOW_RISK__HIGH_QUAL__HIGH_PROFIT,1.34,None,TIME_CLOSE_EXIT,149.24,5.0,746.22,0.41,0.3,0.04,-0.17,-0.18,-1.34,0.6,0.75,1.34,-2.69,9946.95,0.92,,2026-08-09
422,2026-08-09 21:15:00+00:00,DOGEUSDT,LONG,REJECTED,LOW_RISK__HIGH_QUAL__LOW_PROFIT,0.14,R:R Hurdle Failure: R:R = 0.14 < 1.00,SHADOW_TAKE_PROFIT_HIT,0.0,0.0,0.0,0.09,0.62,0.47,-0.21,0.09,0.0,0.0,0.0,0.0,0.0,9946.95,0.92,-0.7,2026-08-09
423,2026-08-09 21:15:00+00:00,XRPUSDT,LONG,REJECTED,HIGH_RISK__HIGH_QUAL__LOW_PROFIT,0.13,R:R Hurdle Failure: R:R = 0.13 < 1.00,SHADOW_TAKE_PROFIT_HIT,0.0,0.0,0.0,0.09,0.67,0.34,-0.29,0.09,0.0,0.0,0.0,0.0,0.0,9946.95,0.92,-0.07,2026-08-09
424,2026-08-09 21:30:00+00:00,ETHUSDT,LONG,REJECTED,LOW_RISK__LOW_QUAL__LOW_PROFIT,0.62,R:R Hurdle Failure: R:R = 0.62 < 1.00,SHADOW_TAKE_PROFIT_HIT,0.0,0.0,0.0,0.19,0.31,0.66,-0.09,0.19,0.0,0.0,0.0,0.0,0.0,9946.95,0.92,0.03,2026-08-09
425,2026-08-09 22:00:00+00:00,BTCUSDT,LONG,REJECTED,HIGH_RISK__HIGH_QUAL__HIGH_PROFIT,0.93,R:R Hurdle Failure: R:R = 0.93 < 1.00,SHADOW_TIME_CLOSE_EXIT,0.0,0.0,0.0,0.5,0.54,0.1,-0.33,-0.27,0.0,0.0,0.0,0.0,0.0,9946.95,0.92,-2.01,2026-08-09
426,2026-08-09 22:30:00+00:00,DOGEUSDT,SHORT,EXECUTED,HIGH_RISK__HIGH_QUAL__HIGH_PROFIT,1.82,None,TAKE_PROFIT_HIT,149.2,3.0,447.61,1.46,0.8,1.53,-0.77,1.46,6.52,0.36,0.45,0.81,5.71,9952.66,0.86,,2026-08-09
427,2026-08-09 22:30:00+00:00,BTCUSDT,SHORT,EXECUTED,LOW_RISK__HIGH_QUAL__LOW_PROFIT,1.03,None,TIME_CLOSE_EXIT,149.29,5.0,746.45,0.43,0.42,0.31,-0.45,0.11,0.82,0.6,0.75,1.34,-0.52,9952.14,0.87,,2026-08-09
428,2026-08-09 22:45:00+00:00,XRPUSDT,SHORT,EXECUTED,LOW_RISK__LOW_QUAL__LOW_PROFIT,3.08,None,TIME_CLOSE_EXIT,49.76,5.0,248.8,1.5,0.49,0.91,-0.11,0.28,0.7,0.2,0.25,0.45,0.25,9952.39,0.87,,2026-08-09
429,2026-08-09 22:45:00+00:00,SOLUSDT,SHORT,REJECTED,HIGH_RISK__HIGH_QUAL__LOW_PROFIT,0.76,R:R Hurdle Failure: R:R = 0.76 < 1.00,SHADOW_TAKE_PROFIT_HIT,0.0,0.0,0.0,0.69,0.9,0.79,-0.3,0.69,0.0,0.0,0.0,0.0,0.0,9952.39,0.87,0.4,2026-08-09
430,2026-08-09 23:00:00+00:00,ETHUSDT,SHORT,EXECUTED,LOW_RISK__HIGH_QUAL__HIGH_PROFIT,1.5,None,TIME_CLOSE_EXIT,149.29,5.0,746.43,0.62,0.41,0.6,-0.55,-0.39,-2.91,0.6,0.75,1.34,-4.25,9948.13,0.91,,2026-08-09
431,2026-08-10 02:00:00+00:00,ETHUSDT,LONG,EXECUTED,HIGH_RISK__LOW_QUAL__HIGH_PROFIT,3.67,None,TIME_CLOSE_EXIT,17.41,1.5,26.11,1.16,0.32,0.23,-0.04,0.0,0.0,0.02,0.03,0.05,-0.05,9948.09,0.91,,2026-08-10
432,2026-08-10 02:15:00+00:00,ETHUSDT,SHORT,EXECUTED,LOW_RISK__HIGH_QUAL__HIGH_PROFIT,1.72,None,TIME_CLOSE_EXIT,149.22,5.0,746.11,0.58,0.33,0.14,-0.33,0.0,0.0,0.6,0.75,1.34,-1.34,9946.74,0.92,,2026-08-10
433,2026-08-10 02:30:00+00:00,ETHUSDT,LONG,EXECUTED,HIGH_RISK__LOW_QUAL__HIGH_PROFIT,1.96,None,TIME_CLOSE_EXIT,17.41,1.5,26.11,1.13,0.58,0.04,-0.54,-0.48,-0.13,0.02,0.03,0.05,-0.17,9946.57,0.93,,2026-08-10
434,2026-08-10 02:30:00+00:00,BTCUSDT,LONG,EXECUTED,HIGH_RISK__HIGH_QUAL__HIGH_PROFIT,1.85,None,TIME_CLOSE_EXIT,149.2,3.0,447.6,0.68,0.36,0.03,-0.38,-0.15,-0.67,0.36,0.45,0.81,-1.48,9945.09,0.94,,2026-08-10
435,2026-08-10 03:00:00+00:00,BTCUSDT,SHORT,REJECTED,LOW_RISK__HIGH_QUAL__LOW_PROFIT,1.0,R:R Hurdle Failure: R:R = 1.00 < 1.00,SHADOW_TIME_CLOSE_EXIT,0.0,0.0,0.0,0.33,0.33,0.09,-0.32,-0.19,0.0,0.0,0.0,0.0,0.0,9945.09,0.94,-2.76,2026-08-10
436,2026-08-10 04:45:00+00:00,ETHUSDT,SHORT,REJECTED,LOW_RISK__HIGH_QUAL__HIGH_PROFIT,0.82,R:R Hurdle Failure: R:R = 0.82 < 1.00,SHADOW_TIME_CLOSE_EXIT,0.0,0.0,0.0,0.39,0.47,0.07,-0.14,-0.23,0.0,0.0,0.0,0.0,0.0,9945.09,0.94,-3.06,2026-08-10
437,2026-08-10 05:30:00+00:00,ETHUSDT,LONG,EXECUTED,HIGH_RISK__LOW_QUAL__HIGH_PROFIT,4.46,None,TIME_CLOSE_EXIT,17.4,1.5,26.11,1.36,0.3,0.49,-0.1,0.08,0.02,0.02,0.03,0.05,-0.03,9945.07,0.94,,2026-08-10
438,2026-08-10 05:30:00+00:00,SOLUSDT,LONG,EXECUTED,HIGH_RISK__HIGH_QUAL__HIGH_PROFIT,5.42,None,TIME_CLOSE_EXIT,149.18,3.0,447.53,1.64,0.3,0.44,-0.12,-0.1,-0.45,0.36,0.45,0.81,-1.25,9943.81,0.95,,2026-08-10
439,2026-08-10 05:30:00+00:00,DOGEUSDT,LONG,EXECUTED,HIGH_RISK__HIGH_QUAL__LOW_PROFIT,1.19,None,TIME_CLOSE_EXIT,52.21,1.5,78.31,0.58,0.49,0.33,-0.27,0.01,0.01,0.06,0.08,0.14,-0.13,9943.68,0.95,,2026-08-10
440,2026-08-10 05:45:00+00:00,BTCUSDT,LONG,EXECUTED,HIGH_RISK__HIGH_QUAL__HIGH_PROFIT,4.11,None,TIME_CLOSE_EXIT,149.16,3.0,447.47,0.96,0.23,0.38,-0.12,0.05,0.22,0.36,0.45,0.81,-0.58,9943.1,0.96,,2026-08-10
441,2026-08-10 05:45:00+00:00,XRPUSDT,LONG,EXECUTED,HIGH_RISK__HIGH_QUAL__LOW_PROFIT,1.11,None,TIME_CLOSE_EXIT,52.2,1.5,78.3,0.57,0.51,0.48,-0.12,-0.13,-0.1,0.06,0.08,0.14,-0.24,9942.86,0.96,,2026-08-10
442,2026-08-10 09:00:00+00:00,XRPUSDT,SHORT,EXECUTED,LOW_RISK__LOW_QUAL__LOW_PROFIT,3.67,None,TAKE_PROFIT_HIT,49.71,5.0,248.57,0.9,0.24,2.81,-0.15,0.9,2.23,0.2,0.25,0.45,1.78,9944.64,0.94,,2026-08-10
443,2026-08-10 09:30:00+00:00,BTCUSDT,SHORT,EXECUTED,LOW_RISK__HIGH_QUAL__LOW_PROFIT,1.13,None,TAKE_PROFIT_HIT,149.17,5.0,745.85,0.42,0.37,1.92,-0.28,0.42,3.1,0.6,0.75,1.34,1.76,9946.4,0.93,,2026-08-10
444,2026-08-10 09:30:00+00:00,ETHUSDT,SHORT,REJECTED,LOW_RISK__HIGH_QUAL__HIGH_PROFIT,0.79,R:R Hurdle Failure: R:R = 0.79 < 1.00,SHADOW_TAKE_PROFIT_HIT,0.0,0.0,0.0,0.49,0.62,2.62,-0.26,0.49,0.0,0.0,0.0,0.0,0.0,9946.4,0.93,2.32,2026-08-10
445,2026-08-10 09:45:00+00:00,SOLUSDT,SHORT,REJECTED,HIGH_RISK__HIGH_QUAL__LOW_PROFIT,0.72,R:R Hurdle Failure: R:R = 0.72 < 1.00,SHADOW_TIME_CLOSE_EXIT,0.0,0.0,0.0,0.71,0.99,0.05,-0.22,-0.35,0.0,0.0,0.0,0.0,0.0,9946.4,0.93,-0.42,2026-08-10
446,2026-08-10 11:00:00+00:00,DOGEUSDT,SHORT,EXECUTED,HIGH_RISK__HIGH_QUAL__HIGH_PROFIT,1.12,None,TIME_CLOSE_EXIT,149.2,3.0,447.59,0.43,0.38,0.04,-0.07,0.0,0.0,0.36,0.45,0.81,-0.81,9945.59,0.94,,2026-08-10
447,2026-08-10 11:15:00+00:00,DOGEUSDT,LONG,REJECTED,HIGH_RISK__HIGH_QUAL__LOW_PROFIT,0.89,R:R Hurdle Failure: R:R = 0.89 < 1.00,SHADOW_TIME_CLOSE_EXIT,0.0,0.0,0.0,0.43,0.48,0.13,-0.19,-0.1,0.0,0.0,0.0,0.0,0.0,9945.59,0.94,-0.22,2026-08-10
448,2026-08-10 11:45:00+00:00,SOLUSDT,LONG,EXECUTED,HIGH_RISK__HIGH_QUAL__HIGH_PROFIT,2.82,None,TIME_CLOSE_EXIT,149.18,3.0,447.55,1.6,0.57,0.1,-0.27,-0.25,-1.12,0.36,0.45,0.81,-1.92,9943.67,0.95,,2026-08-10
449,2026-08-10 12:45:00+00:00,SOLUSDT,SHORT,EXECUTED,LOW_RISK__HIGH_QUAL__LOW_PROFIT,2.05,None,TAKE_PROFIT_HIT,149.16,5.0,745.78,1.03,0.5,1.38,-0.3,1.03,7.65,0.6,0.75,1.34,6.31,9949.98,0.89,,2026-08-10
450,2026-08-10 12:45:00+00:00,DOGEUSDT,SHORT,EXECUTED,HIGH_RISK__HIGH_QUAL__HIGH_PROFIT,1.68,None,TIME_CLOSE_EXIT,149.25,3.0,447.75,0.78,0.47,0.64,-0.3,0.07,0.31,0.36,0.45,0.81,-0.49,9949.48,0.9,,2026-08-10
451,2026-08-10 19:15:00+00:00,DOGEUSDT,LONG,EXECUTED,HIGH_RISK__HIGH_QUAL__LOW_PROFIT,1.25,None,TIME_CLOSE_EXIT,52.23,1.5,78.35,0.47,0.37,0.16,-0.14,-0.27,-0.21,0.06,0.08,0.14,-0.35,9949.13,0.9,,2026-08-10
452,2026-08-10 20:00:00+00:00,SOLUSDT,LONG,EXECUTED,HIGH_RISK__HIGH_QUAL__HIGH_PROFIT,1.47,None,TIME_CLOSE_EXIT,149.24,3.0,447.71,0.78,0.53,0.29,-0.13,-0.12,-0.54,0.36,0.45,0.81,-1.34,9947.79,0.91,,2026-08-10
453,2026-08-10 22:00:00+00:00,DOGEUSDT,SHORT,EXECUTED,HIGH_RISK__HIGH_QUAL__HIGH_PROFIT,2.08,None,TIME_CLOSE_EXIT,149.22,3.0,447.65,0.61,0.3,0.34,-0.03,-0.07,-0.31,0.36,0.45,0.81,-1.12,9946.67,0.92,,2026-08-10
454,2026-08-10 23:00:00+00:00,DOGEUSDT,LONG,REJECTED,HIGH_RISK__HIGH_QUAL__LOW_PROFIT,0.93,R:R Hurdle Failure: R:R = 0.93 < 1.00,SHADOW_TIME_CLOSE_EXIT,0.0,0.0,0.0,0.37,0.39,0.07,-0.17,-0.11,0.0,0.0,0.0,0.0,0.0,9946.67,0.92,-0.23,2026-08-10
455,2026-08-10 23:15:00+00:00,SOLUSDT,SHORT,EXECUTED,LOW_RISK__HIGH_QUAL__LOW_PROFIT,1.58,None,TIME_CLOSE_EXIT,149.2,5.0,746.0,0.62,0.39,0.55,-0.09,-0.01,-0.07,0.6,0.75,1.34,-1.42,9945.25,0.94,,2026-08-10
456,2026-08-10 23:45:00+00:00,DOGEUSDT,SHORT,EXECUTED,HIGH_RISK__HIGH_QUAL__HIGH_PROFIT,1.62,None,TIME_CLOSE_EXIT,149.18,3.0,447.54,0.64,0.4,0.13,-0.14,-0.14,-0.63,0.36,0.45,0.81,-1.43,9943.82,0.95,,2026-08-10
457,2026-08-11 00:45:00+00:00,DOGEUSDT,LONG,REJECTED,HIGH_RISK__HIGH_QUAL__LOW_PROFIT,0.96,R:R Hurdle Failure: R:R = 0.96 < 1.00,SHADOW_TAKE_PROFIT_HIT,0.0,0.0,0.0,0.31,0.32,0.7,-0.14,0.31,0.0,0.0,0.0,0.0,0.0,9943.82,0.95,0.1,2026-08-11
458,2026-08-11 01:15:00+00:00,ETHUSDT,LONG,REJECTED,LOW_RISK__LOW_QUAL__HIGH_PROFIT,0.76,R:R Hurdle Failure: R:R = 0.76 < 1.00,SHADOW_TAKE_PROFIT_HIT,0.0,0.0,0.0,0.2,0.26,0.22,-0.22,0.2,0.0,0.0,0.0,0.0,0.0,9943.82,0.95,0.04,2026-08-11
459,2026-08-11 01:15:00+00:00,BTCUSDT,LONG,EXECUTED,HIGH_RISK__HIGH_QUAL__HIGH_PROFIT,1.23,None,TIME_CLOSE_EXIT,149.16,3.0,447.47,0.22,0.18,0.01,-0.15,0.0,0.0,0.36,0.45,0.81,-0.81,9943.01,0.96,,2026-08-11
460,2026-08-11 01:30:00+00:00,BTCUSDT,SHORT,EXECUTED,LOW_RISK__HIGH_QUAL__LOW_PROFIT,10.02,None,TIME_CLOSE_EXIT,149.15,5.0,745.73,0.38,0.04,0.05,-0.13,0.0,0.0,0.6,0.75,1.34,-1.34,9941.67,0.97,,2026-08-11
461,2026-08-11 01:45:00+00:00,BTCUSDT,LONG,REJECTED,HIGH_RISK__HIGH_QUAL__HIGH_PROFIT,0.51,R:R Hurdle Failure: R:R = 0.51 < 1.00,SHADOW_TAKE_PROFIT_HIT,0.0,0.0,0.0,0.06,0.12,0.18,-0.12,0.06,0.0,0.0,0.0,0.0,0.0,9941.67,0.97,-0.52,2026-08-11
462,2026-08-11 03:15:00+00:00,SOLUSDT,LONG,EXECUTED,HIGH_RISK__HIGH_QUAL__HIGH_PROFIT,3.0,None,TIME_CLOSE_EXIT,149.13,3.0,447.38,0.96,0.32,0.08,-0.11,-0.17,-0.76,0.36,0.45,0.81,-1.57,9940.11,0.99,,2026-08-11
463,2026-08-11 04:00:00+00:00,XRPUSDT,LONG,REJECTED,HIGH_RISK__HIGH_QUAL__LOW_PROFIT,0.33,R:R Hurdle Failure: R:R = 0.33 < 1.00,SHADOW_TIME_CLOSE_EXIT,0.0,0.0,0.0,0.13,0.41,0.08,-0.02,-0.05,0.0,0.0,0.0,0.0,0.0,9940.11,0.99,-0.18,2026-08-11
464,2026-08-11 04:30:00+00:00,XRPUSDT,SHORT,EXECUTED,LOW_RISK__LOW_QUAL__LOW_PROFIT,5.31,None,TIME_CLOSE_EXIT,49.7,5.0,248.5,1.18,0.22,1.18,-0.06,0.52,1.29,0.2,0.25,0.45,0.84,9940.95,0.98,,2026-08-11
465,2026-08-11 05:15:00+00:00,ETHUSDT,SHORT,EXECUTED,LOW_RISK__HIGH_QUAL__HIGH_PROFIT,2.35,None,TIME_CLOSE_EXIT,149.11,5.0,745.57,0.57,0.24,0.19,-0.16,-0.17,-1.27,0.6,0.75,1.34,-2.61,9938.34,1.01,,2026-08-11
466,2026-08-11 05:15:00+00:00,SOLUSDT,SHORT,EXECUTED,LOW_RISK__HIGH_QUAL__LOW_PROFIT,1.08,None,TIME_CLOSE_EXIT,149.08,5.0,745.38,0.68,0.63,0.5,-0.38,-0.03,-0.22,0.6,0.75,1.34,-1.57,9936.78,1.02,,2026-08-11
467,2026-08-11 05:15:00+00:00,BTCUSDT,SHORT,EXECUTED,LOW_RISK__HIGH_QUAL__HIGH_PROFIT,5.08,None,TIME_CLOSE_EXIT,149.05,5.0,745.26,0.7,0.14,0.19,-0.12,-0.12,-0.89,0.6,0.75,1.34,-2.24,9934.54,1.05,,2026-08-11
468,2026-08-11 05:15:00+00:00,DOGEUSDT,SHORT,REJECTED,HIGH_RISK__HIGH_QUAL__HIGH_PROFIT,0.95,R:R Hurdle Failure: R:R = 0.95 < 1.00,SHADOW_TIME_CLOSE_EXIT,0.0,0.0,0.0,0.34,0.36,0.04,-0.24,0.0,0.0,0.0,0.0,0.0,0.0,9934.54,1.05,-0.8,2026-08-11
469,2026-08-11 05:30:00+00:00,DOGEUSDT,LONG,EXECUTED,HIGH_RISK__HIGH_QUAL__LOW_PROFIT,1.23,None,TAKE_PROFIT_HIT,52.16,1.5,78.23,0.46,0.37,1.71,-0.34,0.46,0.36,0.06,0.08,0.14,0.22,9934.76,1.04,,2026-08-11
470,2026-08-11 08:15:00+00:00,BTCUSDT,LONG,EXECUTED,HIGH_RISK__HIGH_QUAL__HIGH_PROFIT,1.98,None,TAKE_PROFIT_HIT,149.02,3.0,447.06,0.23,0.12,0.71,-0.02,0.23,1.02,0.36,0.45,0.8,0.22,9934.98,1.04,,2026-08-11
471,2026-08-11 08:30:00+00:00,ETHUSDT,LONG,EXECUTED,LOW_RISK__LOW_QUAL__LOW_PROFIT,2.19,None,TAKE_PROFIT_HIT,49.67,5.0,248.37,0.59,0.27,1.03,-0.1,0.59,1.47,0.2,0.25,0.45,1.03,9936.01,1.03,,2026-08-11
472,2026-08-11 10:15:00+00:00,SOLUSDT,LONG,EXECUTED,HIGH_RISK__HIGH_QUAL__HIGH_PROFIT,3.39,None,TIME_CLOSE_EXIT,149.04,3.0,447.12,1.55,0.46,0.51,-0.28,0.07,0.31,0.36,0.45,0.8,-0.49,9935.51,1.04,,2026-08-11
473,2026-08-11 11:30:00+00:00,XRPUSDT,LONG,REJECTED,HIGH_RISK__HIGH_QUAL__LOW_PROFIT,0.64,R:R Hurdle Failure: R:R = 0.64 < 1.00,SHADOW_TIME_CLOSE_EXIT,0.0,0.0,0.0,0.3,0.46,0.15,-0.03,-0.15,0.0,0.0,0.0,0.0,0.0,9935.51,1.04,-0.26,2026-08-11
474,2026-08-11 12:45:00+00:00,XRPUSDT,SHORT,EXECUTED,LOW_RISK__LOW_QUAL__LOW_PROFIT,2.9,None,TIME_CLOSE_EXIT,49.68,5.0,248.39,1.37,0.47,0.12,-0.39,-0.29,-0.72,0.2,0.25,0.45,-1.17,9934.35,1.05,,2026-08-11
475,2026-08-11 13:45:00+00:00,XRPUSDT,LONG,REJECTED,HIGH_RISK__HIGH_QUAL__LOW_PROFIT,0.35,R:R Hurdle Failure: R:R = 0.35 < 1.00,SHADOW_TAKE_PROFIT_HIT,0.0,0.0,0.0,0.22,0.61,0.24,-0.28,0.22,0.0,0.0,0.0,0.0,0.0,9934.35,1.05,0.03,2026-08-11
476,2026-08-11 13:45:00+00:00,BTCUSDT,SHORT,EXECUTED,LOW_RISK__HIGH_QUAL__LOW_PROFIT,4.33,None,TAKE_PROFIT_HIT,149.02,5.0,745.08,1.12,0.26,1.5,-0.1,1.12,8.35,0.6,0.75,1.34,7.01,9941.36,0.98,,2026-08-11
477,2026-08-11 14:15:00+00:00,SOLUSDT,SHORT,EXECUTED,LOW_RISK__HIGH_QUAL__LOW_PROFIT,2.36,None,TIME_CLOSE_EXIT,149.12,5.0,745.6,1.51,0.64,1.34,-0.69,0.46,3.43,0.6,0.75,1.34,2.09,9943.45,0.96,,2026-08-11
478,2026-08-11 14:30:00+00:00,ETHUSDT,SHORT,EXECUTED,LOW_RISK__HIGH_QUAL__HIGH_PROFIT,2.15,None,TIME_CLOSE_EXIT,149.15,5.0,745.76,1.44,0.67,1.26,-0.21,0.3,2.24,0.6,0.75,1.34,0.89,9944.34,0.95,,2026-08-11
479,2026-08-11 14:30:00+00:00,XRPUSDT,SHORT,EXECUTED,LOW_RISK__LOW_QUAL__LOW_PROFIT,3.8,None,TIME_CLOSE_EXIT,49.72,5.0,248.61,1.83,0.48,1.32,-0.19,-0.25,-0.62,0.2,0.25,0.45,-1.07,9943.27,0.96,,2026-08-11
480,2026-08-11 15:00:00+00:00,DOGEUSDT,SHORT,REJECTED,HIGH_RISK__HIGH_QUAL__HIGH_PROFIT,0.42,R:R Hurdle Failure: R:R = 0.42 < 1.00,SHADOW_TIME_CLOSE_EXIT,0.0,0.0,0.0,0.5,1.2,0.24,-0.7,-1.0,0.0,0.0,0.0,0.0,0.0,9943.27,0.96,-5.28,2026-08-11
481,2026-08-11 16:15:00+00:00,DOGEUSDT,LONG,EXECUTED,HIGH_RISK__HIGH_QUAL__LOW_PROFIT,1.99,None,TIME_CLOSE_EXIT,52.2,1.5,78.3,1.13,0.57,0.34,-0.03,0.0,0.0,0.06,0.08,0.14,-0.14,9943.13,0.96,,2026-08-11
482,2026-08-11 16:30:00+00:00,XRPUSDT,LONG,EXECUTED,HIGH_RISK__HIGH_QUAL__LOW_PROFIT,1.06,None,TAKE_PROFIT_HIT,52.2,1.5,78.3,0.73,0.7,1.87,-0.12,0.73,0.57,0.06,0.08,0.14,0.43,9943.56,0.96,,2026-08-11
483,2026-08-11 16:30:00+00:00,DOGEUSDT,SHORT,REJECTED,HIGH_RISK__LOW_QUAL__HIGH_PROFIT,0.41,R:R Hurdle Failure: R:R = 0.41 < 1.00,SHADOW_TIME_CLOSE_EXIT,0.0,0.0,0.0,0.32,0.78,0.09,-0.47,-0.07,0.0,0.0,0.0,0.0,0.0,9943.56,0.96,-0.07,2026-08-11
484,2026-08-11 17:15:00+00:00,DOGEUSDT,LONG,EXECUTED,HIGH_RISK__HIGH_QUAL__LOW_PROFIT,1.83,None,TAKE_PROFIT_HIT,52.2,1.5,78.31,1.29,0.7,3.2,-0.58,1.29,1.01,0.06,0.08,0.14,0.87,9944.43,0.95,,2026-08-11
485,2026-08-11 19:30:00+00:00,SOLUSDT,LONG,EXECUTED,HIGH_RISK__HIGH_QUAL__HIGH_PROFIT,1.84,None,TAKE_PROFIT_HIT,149.17,3.0,447.5,0.94,0.51,1.52,-0.3,0.94,4.2,0.36,0.45,0.81,3.39,9947.82,0.91,,2026-08-11
486,2026-08-11 19:45:00+00:00,ETHUSDT,LONG,REJECTED,HIGH_RISK__LOW_QUAL__HIGH_PROFIT,0.56,R:R Hurdle Failure: R:R = 0.56 < 1.00,SHADOW_TAKE_PROFIT_HIT,0.0,0.0,0.0,0.56,1.01,2.29,-0.58,0.56,0.0,0.0,0.0,0.0,0.0,9947.82,0.91,0.1,2026-08-11
487,2026-08-11 20:45:00+00:00,BTCUSDT,LONG,REJECTED,HIGH_RISK__HIGH_QUAL__HIGH_PROFIT,0.52,R:R Hurdle Failure: R:R = 0.52 < 1.00,SHADOW_TIME_CLOSE_EXIT,0.0,0.0,0.0,0.26,0.49,0.04,-0.14,-0.16,0.0,0.0,0.0,0.0,0.0,9947.82,0.91,-1.52,2026-08-11
488,2026-08-11 23:45:00+00:00,BTCUSDT,SHORT,EXECUTED,LOW_RISK__HIGH_QUAL__LOW_PROFIT,17.24,None,TIME_CLOSE_EXIT,149.22,5.0,746.09,0.58,0.03,0.1,-0.08,-0.01,-0.07,0.6,0.75,1.34,-1.42,9946.4,0.93,,2026-08-11
489,2026-08-12 00:15:00+00:00,BTCUSDT,LONG,EXECUTED,HIGH_RISK__HIGH_QUAL__HIGH_PROFIT,1.26,None,TAKE_PROFIT_HIT,149.2,3.0,447.59,0.14,0.11,0.38,-0.14,0.14,0.62,0.36,0.45,0.81,-0.18,9946.22,0.93,,2026-08-12
490,2026-08-12 03:15:00+00:00,XRPUSDT,SHORT,EXECUTED,LOW_RISK__LOW_QUAL__LOW_PROFIT,2.25,None,TIME_CLOSE_EXIT,49.73,5.0,248.66,0.62,0.27,0.11,-0.22,-0.17,-0.42,0.2,0.25,0.45,-0.87,9945.35,0.94,,2026-08-12
491,2026-08-12 04:30:00+00:00,DOGEUSDT,SHORT,REJECTED,HIGH_RISK__HIGH_QUAL__HIGH_PROFIT,0.55,R:R Hurdle Failure: R:R = 0.55 < 1.00,SHADOW_TAKE_PROFIT_HIT,0.0,0.0,0.0,0.26,0.46,0.93,-0.25,0.26,0.0,0.0,0.0,0.0,0.0,9945.35,0.94,0.35,2026-08-12
492,2026-08-12 04:45:00+00:00,SOLUSDT,SHORT,EXECUTED,LOW_RISK__HIGH_QUAL__LOW_PROFIT,1.18,None,TIME_CLOSE_EXIT,149.18,5.0,745.9,0.47,0.4,0.47,-0.12,0.14,1.04,0.6,0.75,1.34,-0.3,9945.05,0.94,,2026-08-12
493,2026-08-12 05:30:00+00:00,XRPUSDT,LONG,REJECTED,HIGH_RISK__HIGH_QUAL__LOW_PROFIT,0.76,R:R Hurdle Failure: R:R = 0.76 < 1.00,SHADOW_TIME_CLOSE_EXIT,0.0,0.0,0.0,0.28,0.37,0.03,-0.07,-0.08,0.0,0.0,0.0,0.0,0.0,9945.05,0.94,-0.2,2026-08-12
494,2026-08-12 06:00:00+00:00,XRPUSDT,SHORT,EXECUTED,LOW_RISK__LOW_QUAL__LOW_PROFIT,2.09,None,TIME_CLOSE_EXIT,49.73,5.0,248.63,0.62,0.3,0.25,-0.27,-0.01,-0.02,0.2,0.25,0.45,-0.47,9944.58,0.95,,2026-08-12
495,2026-08-12 06:15:00+00:00,BTCUSDT,SHORT,EXECUTED,LOW_RISK__HIGH_QUAL__LOW_PROFIT,1.73,None,TIME_CLOSE_EXIT,149.17,5.0,745.84,0.64,0.37,0.05,-0.18,-0.32,-2.39,0.6,0.75,1.34,-3.73,9940.85,0.98,,2026-08-12
496,2026-08-12 08:00:00+00:00,BTCUSDT,LONG,EXECUTED,HIGH_RISK__HIGH_QUAL__HIGH_PROFIT,3.3,None,TAKE_PROFIT_HIT,149.11,3.0,447.34,0.39,0.12,1.11,-0.04,0.39,1.74,0.36,0.45,0.81,0.94,9941.79,0.97,,2026-08-12
497,2026-08-12 09:00:00+00:00,SOLUSDT,LONG,EXECUTED,HIGH_RISK__HIGH_QUAL__HIGH_PROFIT,6.86,None,TIME_CLOSE_EXIT,149.13,3.0,447.38,1.98,0.29,1.31,-0.25,0.2,0.89,0.36,0.45,0.81,0.09,9941.88,0.97,,2026-08-12
498,2026-08-12 09:15:00+00:00,XRPUSDT,LONG,REJECTED,HIGH_RISK__HIGH_QUAL__LOW_PROFIT,0.84,R:R Hurdle Failure: R:R = 0.84 < 1.00,SHADOW_TIME_CLOSE_EXIT,0.0,0.0,0.0,0.59,0.7,0.14,-0.51,-0.62,0.0,0.0,0.0,0.0,0.0,9941.88,0.97,-0.63,2026-08-12
499,2026-08-12 09:45:00+00:00,DOGEUSDT,LONG,EXECUTED,HIGH_RISK__HIGH_QUAL__LOW_PROFIT,2.41,None,TIME_CLOSE_EXIT,52.19,1.5,78.29,1.36,0.56,0.28,-0.31,-0.72,-0.56,0.06,0.08,0.14,-0.7,9941.17,0.98,,2026-08-12
500,2026-08-12 12:45:00+00:00,DOGEUSDT,SHORT,EXECUTED,HIGH_RISK__HIGH_QUAL__HIGH_PROFIT,1.64,None,TAKE_PROFIT_HIT,149.12,3.0,447.35,0.97,0.59,3.88,-0.06,0.97,4.36,0.36,0.45,0.81,3.55,9944.73,0.94,,2026-08-12
501,2026-08-12 12:45:00+00:00,XRPUSDT,SHORT,EXECUTED,LOW_RISK__LOW_QUAL__LOW_PROFIT,2.35,None,TAKE_PROFIT_HIT,49.72,5.0,248.62,1.35,0.58,1.62,-0.19,1.35,3.35,0.2,0.25,0.45,2.91,9947.63,0.91,,2026-08-12
502,2026-08-12 13:15:00+00:00,SOLUSDT,SHORT,EXECUTED,LOW_RISK__HIGH_QUAL__LOW_PROFIT,2.26,None,TAKE_PROFIT_HIT,149.21,5.0,746.07,1.1,0.49,1.45,-0.13,1.1,8.21,0.6,0.75,1.34,6.86,9954.5,0.85,,2026-08-12
503,2026-08-12 13:45:00+00:00,BTCUSDT,SHORT,EXECUTED,LOW_RISK__HIGH_QUAL__LOW_PROFIT,2.75,None,TIME_CLOSE_EXIT,149.32,5.0,746.59,1.29,0.47,0.83,-0.36,0.38,2.84,0.6,0.75,1.34,1.49,9955.99,0.83,,2026-08-12
504,2026-08-12 14:00:00+00:00,ETHUSDT,SHORT,EXECUTED,LOW_RISK__HIGH_QUAL__HIGH_PROFIT,1.59,None,TAKE_PROFIT_HIT,149.34,5.0,746.7,1.0,0.63,1.4,-0.2,1.0,7.5,0.6,0.75,1.34,6.15,9962.14,0.77,,2026-08-12
505,2026-08-12 21:00:00+00:00,BTCUSDT,LONG,REJECTED,HIGH_RISK__HIGH_QUAL__HIGH_PROFIT,0.92,R:R Hurdle Failure: R:R = 0.92 < 1.00,SHADOW_TIME_CLOSE_EXIT,0.0,0.0,0.0,0.27,0.29,0.12,-0.04,-0.15,0.0,0.0,0.0,0.0,0.0,9962.14,0.77,-1.48,2026-08-12
506,2026-08-12 22:30:00+00:00,BTCUSDT,SHORT,EXECUTED,LOW_RISK__HIGH_QUAL__LOW_PROFIT,3.18,None,TIME_CLOSE_EXIT,149.43,5.0,747.16,0.74,0.23,0.06,-0.14,-0.12,-0.9,0.6,0.75,1.34,-2.24,9959.9,0.79,,2026-08-12
507,2026-08-13 00:00:00+00:00,BTCUSDT,LONG,EXECUTED,HIGH_RISK__HIGH_QUAL__HIGH_PROFIT,1.18,None,TIME_CLOSE_EXIT,149.4,3.0,448.2,0.32,0.27,0.18,-0.22,-0.29,-1.3,0.36,0.45,0.81,-2.11,9957.79,0.81,,2026-08-13
508,2026-08-13 01:30:00+00:00,BTCUSDT,SHORT,EXECUTED,LOW_RISK__HIGH_QUAL__LOW_PROFIT,2.66,None,TIME_CLOSE_EXIT,149.37,5.0,746.83,0.54,0.2,0.05,-0.2,-0.14,-1.05,0.6,0.75,1.34,-2.39,9955.4,0.84,,2026-08-13
509,2026-08-13 02:15:00+00:00,DOGEUSDT,LONG,EXECUTED,LOW_RISK__HIGH_QUAL__LOW_PROFIT,1.86,None,TAKE_PROFIT_HIT,149.33,5.0,746.66,0.43,0.23,1.26,-0.17,0.43,3.2,0.6,0.75,1.34,1.85,9957.26,0.82,,2026-08-13
510,2026-08-13 02:30:00+00:00,SOLUSDT,LONG,EXECUTED,HIGH_RISK__HIGH_QUAL__HIGH_PROFIT,6.89,None,TIME_CLOSE_EXIT,149.36,3.0,448.08,1.77,0.26,1.18,-0.26,0.63,2.82,0.36,0.45,0.81,2.02,9959.27,0.8,,2026-08-13
511,2026-08-13 02:45:00+00:00,BTCUSDT,LONG,EXECUTED,HIGH_RISK__HIGH_QUAL__HIGH_PROFIT,1.12,None,TAKE_PROFIT_HIT,149.39,3.0,448.17,0.16,0.14,0.72,-0.11,0.16,0.72,0.36,0.45,0.81,-0.09,9959.19,0.8,,2026-08-13
512,2026-08-13 03:00:00+00:00,XRPUSDT,LONG,REJECTED,HIGH_RISK__HIGH_QUAL__LOW_PROFIT,0.62,R:R Hurdle Failure: R:R = 0.62 < 1.00,SHADOW_TAKE_PROFIT_HIT,0.0,0.0,0.0,0.41,0.66,0.6,-0.23,0.41,0.0,0.0,0.0,0.0,0.0,9959.19,0.8,0.18,2026-08-13
513,2026-08-13 03:00:00+00:00,ETHUSDT,LONG,EXECUTED,LOW_RISK__LOW_QUAL__HIGH_PROFIT,1.57,None,TAKE_PROFIT_HIT,49.8,5.0,248.98,0.53,0.33,0.88,-0.09,0.53,1.31,0.2,0.25,0.45,0.86,9960.05,0.79,,2026-08-13
514,2026-08-13 09:00:00+00:00,BTCUSDT,SHORT,EXECUTED,LOW_RISK__HIGH_QUAL__LOW_PROFIT,2.35,None,TIME_CLOSE_EXIT,149.4,5.0,747.0,0.76,0.33,0.42,-0.31,0.02,0.15,0.6,0.75,1.34,-1.2,9958.85,0.8,,2026-08-13
515,2026-08-13 09:00:00+00:00,SOLUSDT,SHORT,EXECUTED,LOW_RISK__HIGH_QUAL__LOW_PROFIT,1.44,None,TIME_CLOSE_EXIT,149.38,5.0,746.91,1.0,0.69,0.53,-0.34,-0.24,-1.79,0.6,0.75,1.34,-3.14,9955.72,0.83,,2026-08-13
516,2026-08-13 09:00:00+00:00,ETHUSDT,SHORT,EXECUTED,LOW_RISK__HIGH_QUAL__HIGH_PROFIT,1.38,None,TIME_CLOSE_EXIT,149.34,5.0,746.68,0.8,0.58,0.4,-0.4,-0.32,-2.39,0.6,0.75,1.34,-3.73,9951.98,0.87,,2026-08-13
517,2026-08-13 09:15:00+00:00,XRPUSDT,SHORT,EXECUTED,LOW_RISK__LOW_QUAL__LOW_PROFIT,5.88,None,TIME_CLOSE_EXIT,49.76,5.0,248.8,1.13,0.19,0.81,-0.17,0.26,0.65,0.2,0.25,0.45,0.2,9952.18,0.87,,2026-08-13
518,2026-08-13 10:00:00+00:00,DOGEUSDT,SHORT,EXECUTED,HIGH_RISK__HIGH_QUAL__HIGH_PROFIT,1.38,None,TAKE_PROFIT_HIT,149.28,3.0,447.85,0.91,0.66,0.97,-0.53,0.91,4.09,0.36,0.45,0.81,3.28,9955.46,0.84,,2026-08-13
519,2026-08-13 13:00:00+00:00,SOLUSDT,LONG,EXECUTED,HIGH_RISK__HIGH_QUAL__HIGH_PROFIT,1.51,None,TIME_CLOSE_EXIT,149.33,3.0,448.0,0.83,0.55,0.55,-0.14,-0.09,-0.4,0.36,0.45,0.81,-1.21,9954.26,0.85,,2026-08-13
520,2026-08-13 13:00:00+00:00,ETHUSDT,LONG,REJECTED,LOW_RISK__LOW_QUAL__HIGH_PROFIT,0.67,R:R Hurdle Failure: R:R = 0.67 < 1.00,SHADOW_TIME_CLOSE_EXIT,0.0,0.0,0.0,0.45,0.67,0.27,-0.27,-0.07,0.0,0.0,0.0,0.0,0.0,9954.26,0.85,-0.62,2026-08-13
521,2026-08-13 13:30:00+00:00,BTCUSDT,LONG,REJECTED,HIGH_RISK__HIGH_QUAL__HIGH_PROFIT,0.78,R:R Hurdle Failure: R:R = 0.78 < 1.00,SHADOW_TIME_CLOSE_EXIT,0.0,0.0,0.0,0.45,0.57,0.3,-0.38,-0.13,0.0,0.0,0.0,0.0,0.0,9954.26,0.85,-1.39,2026-08-13
522,2026-08-13 14:45:00+00:00,XRPUSDT,LONG,REJECTED,HIGH_RISK__HIGH_QUAL__LOW_PROFIT,0.39,R:R Hurdle Failure: R:R = 0.39 < 1.00,SHADOW_TIME_CLOSE_EXIT,0.0,0.0,0.0,0.26,0.66,0.17,-0.19,-0.27,0.0,0.0,0.0,0.0,0.0,9954.26,0.85,-0.35,2026-08-13
523,2026-08-13 15:45:00+00:00,ETHUSDT,SHORT,EXECUTED,LOW_RISK__HIGH_QUAL__HIGH_PROFIT,1.76,None,TIME_CLOSE_EXIT,149.31,5.0,746.57,1.13,0.64,0.87,-0.58,-0.44,-3.28,0.6,0.75,1.34,-4.63,9949.63,0.9,,2026-08-13
524,2026-08-13 15:45:00+00:00,BTCUSDT,SHORT,EXECUTED,LOW_RISK__HIGH_QUAL__LOW_PROFIT,2.05,None,TIME_CLOSE_EXIT,149.24,5.0,746.22,1.09,0.53,0.97,-0.48,0.01,0.07,0.6,0.75,1.34,-1.27,9948.36,0.91,,2026-08-13
525,2026-08-13 15:45:00+00:00,SOLUSDT,SHORT,EXECUTED,HIGH_RISK__HIGH_QUAL__LOW_PROFIT,1.21,None,TIME_CLOSE_EXIT,52.23,1.5,78.34,0.99,0.82,0.71,-0.61,-0.49,-0.38,0.06,0.08,0.14,-0.52,9947.83,0.91,,2026-08-13
526,2026-08-13 15:45:00+00:00,XRPUSDT,SHORT,EXECUTED,LOW_RISK__LOW_QUAL__LOW_PROFIT,1.88,None,TIME_CLOSE_EXIT,49.74,5.0,248.7,1.19,0.63,0.49,-0.42,-0.36,-0.9,0.2,0.25,0.45,-1.34,9946.49,0.93,,2026-08-13
527,2026-08-13 18:00:00+00:00,XRPUSDT,LONG,EXECUTED,HIGH_RISK__HIGH_QUAL__LOW_PROFIT,1.9,None,TIME_CLOSE_EXIT,52.22,1.5,78.33,0.52,0.27,0.21,-0.01,0.0,0.0,0.06,0.08,0.14,-0.14,9946.35,0.93,,2026-08-13
528,2026-08-13 18:15:00+00:00,XRPUSDT,SHORT,EXECUTED,LOW_RISK__LOW_QUAL__LOW_PROFIT,2.08,None,TIME_CLOSE_EXIT,49.73,5.0,248.66,0.58,0.28,0.0,-0.24,0.0,0.0,0.2,0.25,0.45,-0.45,9945.9,0.93,,2026-08-13
529,2026-08-13 18:30:00+00:00,XRPUSDT,LONG,EXECUTED,HIGH_RISK__HIGH_QUAL__LOW_PROFIT,1.49,None,TAKE_PROFIT_HIT,52.22,1.5,78.32,0.5,0.33,0.67,-0.28,0.5,0.39,0.06,0.08,0.14,0.25,9946.15,0.93,,2026-08-13
530,2026-08-13 19:00:00+00:00,DOGEUSDT,LONG,EXECUTED,HIGH_RISK__HIGH_QUAL__LOW_PROFIT,1.14,None,TIME_CLOSE_EXIT,52.22,1.5,78.33,0.49,0.43,0.33,-0.16,-0.16,-0.13,0.06,0.08,0.14,-0.27,9945.88,0.93,,2026-08-13
531,2026-08-13 19:00:00+00:00,SOLUSDT,LONG,EXECUTED,HIGH_RISK__HIGH_QUAL__HIGH_PROFIT,3.4,None,TIME_CLOSE_EXIT,149.19,3.0,447.56,1.39,0.41,0.43,-0.18,0.05,0.22,0.36,0.45,0.81,-0.58,9945.3,0.94,,2026-08-13
532,2026-08-13 19:15:00+00:00,ETHUSDT,LONG,REJECTED,HIGH_RISK__LOW_QUAL__HIGH_PROFIT,0.87,R:R Hurdle Failure: R:R = 0.87 < 1.00,SHADOW_TIME_CLOSE_EXIT,0.0,0.0,0.0,0.47,0.54,0.27,-0.14,-0.09,0.0,0.0,0.0,0.0,0.0,9945.3,0.94,-0.07,2026-08-13
533,2026-08-13 20:15:00+00:00,BTCUSDT,LONG,REJECTED,HIGH_RISK__HIGH_QUAL__HIGH_PROFIT,0.64,R:R Hurdle Failure: R:R = 0.64 < 1.00,SHADOW_TAKE_PROFIT_HIT,0.0,0.0,0.0,0.19,0.3,0.29,-0.11,0.19,0.0,0.0,0.0,0.0,0.0,9945.3,0.94,0.06,2026-08-13
534,2026-08-14 00:15:00+00:00,ETHUSDT,SHORT,EXECUTED,LOW_RISK__LOW_QUAL__HIGH_PROFIT,3.01,None,TIME_CLOSE_EXIT,49.73,5.0,248.63,0.51,0.17,0.06,-0.14,0.0,0.0,0.2,0.25,0.45,-0.45,9944.85,0.94,,2026-08-14
535,2026-08-14 00:30:00+00:00,DOGEUSDT,LONG,REJECTED,HIGH_RISK__HIGH_QUAL__LOW_PROFIT,0.6,R:R Hurdle Failure: R:R = 0.60 < 1.00,SHADOW_TAKE_PROFIT_HIT,0.0,0.0,0.0,0.18,0.3,0.23,-0.14,0.18,0.0,0.0,0.0,0.0,0.0,9944.85,0.94,-0.0,2026-08-14
536,2026-08-14 00:30:00+00:00,ETHUSDT,LONG,REJECTED,LOW_RISK__LOW_QUAL__LOW_PROFIT,0.24,R:R Hurdle Failure: R:R = 0.24 < 1.00,SHADOW_TIME_CLOSE_EXIT,0.0,0.0,0.0,0.05,0.21,0.02,-0.29,-0.15,0.0,0.0,0.0,0.0,0.0,9944.85,0.94,-0.82,2026-08-14
537,2026-08-14 00:45:00+00:00,SOLUSDT,SHORT,EXECUTED,LOW_RISK__HIGH_QUAL__LOW_PROFIT,2.09,None,TAKE_PROFIT_HIT,149.17,5.0,745.86,0.74,0.35,1.34,-0.16,0.74,5.53,0.6,0.75,1.34,4.19,9949.04,0.9,,2026-08-14
538,2026-08-14 01:15:00+00:00,ETHUSDT,SHORT,EXECUTED,LOW_RISK__HIGH_QUAL__HIGH_PROFIT,3.94,None,TIME_CLOSE_EXIT,149.24,5.0,746.18,0.52,0.13,0.08,-0.16,0.0,0.0,0.6,0.75,1.34,-1.34,9947.7,0.91,,2026-08-14
539,2026-08-14 01:30:00+00:00,ETHUSDT,LONG,REJECTED,LOW_RISK__LOW_QUAL__LOW_PROFIT,0.26,R:R Hurdle Failure: R:R = 0.26 < 1.00,SHADOW_TAKE_PROFIT_HIT,0.0,0.0,0.0,0.06,0.23,0.09,-0.2,0.06,0.0,0.0,0.0,0.0,0.0,9947.7,0.91,-0.3,2026-08-14
540,2026-08-14 03:00:00+00:00,ETHUSDT,SHORT,EXECUTED,LOW_RISK__HIGH_QUAL__HIGH_PROFIT,4.32,None,TAKE_PROFIT_HIT,149.22,5.0,746.08,0.73,0.17,0.87,-0.18,0.73,5.41,0.6,0.75,1.34,4.07,9951.77,0.87,,2026-08-14
541,2026-08-14 03:00:00+00:00,DOGEUSDT,SHORT,REJECTED,HIGH_RISK__HIGH_QUAL__HIGH_PROFIT,0.95,R:R Hurdle Failure: R:R = 0.95 < 1.00,SHADOW_TAKE_PROFIT_HIT,0.0,0.0,0.0,0.47,0.49,1.16,-0.19,0.47,0.0,0.0,0.0,0.0,0.0,9951.77,0.87,1.29,2026-08-14
542,2026-08-14 03:15:00+00:00,BTCUSDT,SHORT,EXECUTED,LOW_RISK__HIGH_QUAL__LOW_PROFIT,6.66,None,TAKE_PROFIT_HIT,149.28,5.0,746.38,0.61,0.09,1.46,-0.18,0.61,4.52,0.6,0.75,1.34,3.17,9954.94,0.84,,2026-08-14
543,2026-08-14 04:45:00+00:00,XRPUSDT,SHORT,EXECUTED,LOW_RISK__LOW_QUAL__LOW_PROFIT,3.36,None,TAKE_PROFIT_HIT,49.77,5.0,248.87,0.88,0.26,0.9,-0.18,0.88,2.18,0.2,0.25,0.45,1.73,9956.67,0.82,,2026-08-14
544,2026-08-14 11:30:00+00:00,ETHUSDT,LONG,REJECTED,LOW_RISK__LOW_QUAL__LOW_PROFIT,0.84,R:R Hurdle Failure: R:R = 0.84 < 1.00,SHADOW_TIME_CLOSE_EXIT,0.0,0.0,0.0,0.32,0.39,0.09,-0.12,-0.24,0.0,0.0,0.0,0.0,0.0,9956.67,0.82,-1.05,2026-08-14
545,2026-08-14 12:45:00+00:00,ETHUSDT,SHORT,EXECUTED,LOW_RISK__HIGH_QUAL__HIGH_PROFIT,1.06,None,TAKE_PROFIT_HIT,149.35,5.0,746.75,0.41,0.38,0.49,-0.18,0.41,3.05,0.6,0.75,1.34,1.7,9958.38,0.81,,2026-08-14
546,2026-08-14 15:00:00+00:00,DOGEUSDT,LONG,EXECUTED,HIGH_RISK__HIGH_QUAL__LOW_PROFIT,1.45,None,TAKE_PROFIT_HIT,52.28,1.5,78.42,0.67,0.46,0.75,-0.22,0.67,0.53,0.06,0.08,0.14,0.39,9958.76,0.8,,2026-08-14
547,2026-08-14 15:15:00+00:00,XRPUSDT,LONG,REJECTED,HIGH_RISK__HIGH_QUAL__LOW_PROFIT,0.67,R:R Hurdle Failure: R:R = 0.67 < 1.00,SHADOW_TIME_CLOSE_EXIT,0.0,0.0,0.0,0.41,0.62,0.3,-0.48,-0.25,0.0,0.0,0.0,0.0,0.0,9958.76,0.8,-0.34,2026-08-14
548,2026-08-14 15:30:00+00:00,BTCUSDT,LONG,REJECTED,HIGH_RISK__HIGH_QUAL__HIGH_PROFIT,0.59,R:R Hurdle Failure: R:R = 0.59 < 1.00,SHADOW_TIME_CLOSE_EXIT,0.0,0.0,0.0,0.41,0.7,0.38,-0.34,-0.23,0.0,0.0,0.0,0.0,0.0,9958.76,0.8,-1.84,2026-08-14
549,2026-08-14 15:30:00+00:00,SOLUSDT,LONG,EXECUTED,HIGH_RISK__HIGH_QUAL__HIGH_PROFIT,1.24,None,TIME_CLOSE_EXIT,149.38,3.0,448.14,0.82,0.66,0.05,-0.4,-0.38,-1.7,0.36,0.45,0.81,-2.51,9956.25,0.83,,2026-08-14
550,2026-08-14 15:30:00+00:00,ETHUSDT,LONG,REJECTED,HIGH_RISK__LOW_QUAL__HIGH_PROFIT,0.49,R:R Hurdle Failure: R:R = 0.49 < 1.00,SHADOW_TIME_CLOSE_EXIT,0.0,0.0,0.0,0.43,0.87,0.23,-0.42,-0.35,0.0,0.0,0.0,0.0,0.0,9956.25,0.83,-0.14,2026-08-14
551,2026-08-14 17:30:00+00:00,XRPUSDT,SHORT,EXECUTED,LOW_RISK__LOW_QUAL__LOW_PROFIT,4.54,None,TAKE_PROFIT_HIT,49.78,5.0,248.91,1.05,0.23,1.68,-0.16,1.05,2.6,0.2,0.25,0.45,2.15,9958.41,0.81,,2026-08-14
552,2026-08-14 17:45:00+00:00,SOLUSDT,SHORT,EXECUTED,LOW_RISK__HIGH_QUAL__LOW_PROFIT,4.18,None,TIME_CLOSE_EXIT,149.38,5.0,746.88,1.7,0.41,0.81,-0.27,0.08,0.6,0.6,0.75,1.34,-0.75,9957.66,0.82,,2026-08-14
553,2026-08-14 18:45:00+00:00,ETHUSDT,SHORT,EXECUTED,LOW_RISK__HIGH_QUAL__HIGH_PROFIT,1.82,None,TIME_CLOSE_EXIT,149.36,5.0,746.82,0.51,0.28,0.11,-0.11,-0.22,-1.64,0.6,0.75,1.34,-2.99,9954.67,0.84,,2026-08-14
554,2026-08-14 19:15:00+00:00,DOGEUSDT,SHORT,EXECUTED,HIGH_RISK__HIGH_QUAL__HIGH_PROFIT,1.19,None,TIME_CLOSE_EXIT,149.32,3.0,447.96,0.44,0.37,0.16,-0.06,-0.11,-0.49,0.36,0.45,0.81,-1.3,9953.37,0.86,,2026-08-14
555,2026-08-14 19:15:00+00:00,BTCUSDT,SHORT,EXECUTED,LOW_RISK__HIGH_QUAL__LOW_PROFIT,8.02,None,TIME_CLOSE_EXIT,149.3,5.0,746.5,0.67,0.08,0.21,-0.15,-0.03,-0.22,0.6,0.75,1.34,-1.57,9951.8,0.87,,2026-08-14
556,2026-08-14 19:45:00+00:00,ETHUSDT,LONG,REJECTED,LOW_RISK__LOW_QUAL__HIGH_PROFIT,0.76,R:R Hurdle Failure: R:R = 0.76 < 1.00,SHADOW_TIME_CLOSE_EXIT,0.0,0.0,0.0,0.18,0.24,0.06,-0.08,-0.08,0.0,0.0,0.0,0.0,0.0,9951.8,0.87,-0.65,2026-08-14
557,2026-08-14 19:45:00+00:00,DOGEUSDT,LONG,EXECUTED,HIGH_RISK__HIGH_QUAL__LOW_PROFIT,1.31,None,TIME_CLOSE_EXIT,52.25,1.5,78.37,0.37,0.28,0.09,-0.1,-0.07,-0.05,0.06,0.08,0.14,-0.2,9951.61,0.88,,2026-08-14
558,2026-08-14 21:30:00+00:00,DOGEUSDT,SHORT,EXECUTED,HIGH_RISK__HIGH_QUAL__HIGH_PROFIT,1.09,None,TIME_CLOSE_EXIT,149.27,3.0,447.82,0.36,0.33,0.03,-0.13,-0.14,-0.63,0.36,0.45,0.81,-1.43,9950.18,0.89,,2026-08-14
559,2026-08-14 22:00:00+00:00,DOGEUSDT,LONG,EXECUTED,HIGH_RISK__HIGH_QUAL__LOW_PROFIT,1.86,None,TIME_CLOSE_EXIT,52.24,1.5,78.36,0.51,0.27,0.11,-0.11,0.0,0.0,0.06,0.08,0.14,-0.14,9950.03,0.89,,2026-08-14
560,2026-08-14 22:00:00+00:00,ETHUSDT,SHORT,EXECUTED,LOW_RISK__HIGH_QUAL__HIGH_PROFIT,2.8,None,TIME_CLOSE_EXIT,149.25,5.0,746.25,0.52,0.19,0.08,-0.19,-0.12,-0.9,0.6,0.75,1.34,-2.24,9947.8,0.91,,2026-08-14
561,2026-08-14 22:15:00+00:00,DOGEUSDT,SHORT,REJECTED,HIGH_RISK__HIGH_QUAL__HIGH_PROFIT,0.89,R:R Hurdle Failure: R:R = 0.89 < 1.00,SHADOW_TIME_CLOSE_EXIT,0.0,0.0,0.0,0.37,0.42,0.0,-0.23,-0.23,0.0,0.0,0.0,0.0,0.0,9947.8,0.91,-1.84,2026-08-14
562,2026-08-14 23:00:00+00:00,ETHUSDT,LONG,REJECTED,LOW_RISK__LOW_QUAL__LOW_PROFIT,0.62,R:R Hurdle Failure: R:R = 0.62 < 1.00,SHADOW_TAKE_PROFIT_HIT,0.0,0.0,0.0,0.13,0.22,0.3,-0.12,0.13,0.0,0.0,0.0,0.0,0.0,9947.8,0.91,-0.11,2026-08-14
563,2026-08-14 23:00:00+00:00,DOGEUSDT,LONG,EXECUTED,LOW_RISK__HIGH_QUAL__LOW_PROFIT,1.1,None,TAKE_PROFIT_HIT,149.22,5.0,746.08,0.47,0.43,0.83,-0.2,0.47,3.51,0.6,0.75,1.34,2.17,9949.97,0.89,,2026-08-14
564,2026-08-14 23:15:00+00:00,SOLUSDT,LONG,EXECUTED,HIGH_RISK__HIGH_QUAL__HIGH_PROFIT,1.12,None,TAKE_PROFIT_HIT,149.25,3.0,447.75,0.46,0.41,0.5,-0.17,0.46,2.05,0.36,0.45,0.81,1.24,9951.21,0.88,,2026-08-14
565,2026-08-14 23:30:00+00:00,BTCUSDT,LONG,EXECUTED,HIGH_RISK__HIGH_QUAL__HIGH_PROFIT,1.24,None,TAKE_PROFIT_HIT,149.27,3.0,447.8,0.26,0.21,0.28,-0.16,0.26,1.16,0.36,0.45,0.81,0.35,9951.56,0.88,,2026-08-14
566,2026-08-15 00:15:00+00:00,XRPUSDT,LONG,EXECUTED,HIGH_RISK__HIGH_QUAL__LOW_PROFIT,1.22,None,TAKE_PROFIT_HIT,52.25,1.5,78.37,0.36,0.29,0.89,-0.08,0.36,0.28,0.06,0.08,0.14,0.14,9951.7,0.87,,2026-08-15
567,2026-08-15 05:30:00+00:00,ETHUSDT,SHORT,EXECUTED,LOW_RISK__HIGH_QUAL__LOW_PROFIT,2.42,None,TIME_CLOSE_EXIT,149.28,5.0,746.38,0.31,0.13,0.29,-0.12,0.14,1.04,0.6,0.75,1.34,-0.3,9951.4,0.88,,2026-08-15
568,2026-08-15 05:45:00+00:00,SOLUSDT,SHORT,EXECUTED,LOW_RISK__HIGH_QUAL__LOW_PROFIT,3.55,None,TIME_CLOSE_EXIT,149.27,5.0,746.36,0.91,0.26,0.41,-0.19,0.11,0.82,0.6,0.75,1.34,-0.52,9950.88,0.88,,2026-08-15
569,2026-08-15 06:00:00+00:00,DOGEUSDT,SHORT,EXECUTED,HIGH_RISK__HIGH_QUAL__HIGH_PROFIT,1.05,None,TIME_CLOSE_EXIT,149.26,3.0,447.79,0.46,0.43,0.21,-0.23,-0.06,-0.27,0.36,0.45,0.81,-1.07,9949.81,0.89,,2026-08-15
570,2026-08-15 06:15:00+00:00,BTCUSDT,SHORT,EXECUTED,LOW_RISK__HIGH_QUAL__HIGH_PROFIT,11.16,None,TIME_CLOSE_EXIT,149.25,5.0,746.24,0.59,0.05,0.01,-0.05,-0.05,-0.37,0.6,0.75,1.34,-1.72,9948.09,0.91,,2026-08-15
571,2026-08-15 06:45:00+00:00,BTCUSDT,LONG,REJECTED,HIGH_RISK__HIGH_QUAL__HIGH_PROFIT,0.87,R:R Hurdle Failure: R:R = 0.87 < 1.00,SHADOW_TIME_CLOSE_EXIT,0.0,0.0,0.0,0.09,0.1,0.03,-0.07,-0.06,0.0,0.0,0.0,0.0,0.0,9948.09,0.91,-1.07,2026-08-15
572,2026-08-15 07:45:00+00:00,XRPUSDT,SHORT,EXECUTED,LOW_RISK__LOW_QUAL__LOW_PROFIT,2.69,None,TIME_CLOSE_EXIT,49.74,5.0,248.7,0.72,0.27,0.2,-0.1,-0.02,-0.05,0.2,0.25,0.45,-0.5,9947.59,0.92,,2026-08-15
573,2026-08-15 08:00:00+00:00,BTCUSDT,SHORT,EXECUTED,LOW_RISK__HIGH_QUAL__HIGH_PROFIT,12.14,None,TIME_CLOSE_EXIT,149.21,5.0,746.07,0.46,0.04,0.22,-0.04,-0.02,-0.15,0.6,0.75,1.34,-1.49,9946.1,0.93,,2026-08-15
574,2026-08-15 11:30:00+00:00,XRPUSDT,LONG,REJECTED,HIGH_RISK__HIGH_QUAL__LOW_PROFIT,0.95,R:R Hurdle Failure: R:R = 0.95 < 1.00,SHADOW_TIME_CLOSE_EXIT,0.0,0.0,0.0,0.25,0.26,0.0,-0.09,0.0,0.0,0.0,0.0,0.0,0.0,9946.1,0.93,-0.14,2026-08-15
575,2026-08-15 11:45:00+00:00,XRPUSDT,SHORT,EXECUTED,LOW_RISK__LOW_QUAL__LOW_PROFIT,2.69,None,TIME_CLOSE_EXIT,49.73,5.0,248.65,0.65,0.24,0.25,-0.12,0.05,0.12,0.2,0.25,0.45,-0.32,9945.78,0.93,,2026-08-15
576,2026-08-15 12:45:00+00:00,ETHUSDT,LONG,EXECUTED,LOW_RISK__LOW_QUAL__LOW_PROFIT,1.39,None,TIME_CLOSE_EXIT,49.73,5.0,248.64,0.36,0.26,0.14,-0.3,-0.05,-0.12,0.2,0.25,0.45,-0.57,9945.2,0.94,,2026-08-15
577,2026-08-15 12:45:00+00:00,SOLUSDT,LONG,EXECUTED,HIGH_RISK__HIGH_QUAL__HIGH_PROFIT,1.7,None,TIME_CLOSE_EXIT,149.18,3.0,447.53,0.7,0.41,0.34,-0.24,0.05,0.22,0.36,0.45,0.81,-0.58,9944.62,0.94,,2026-08-15
578,2026-08-15 13:15:00+00:00,BTCUSDT,LONG,EXECUTED,HIGH_RISK__HIGH_QUAL__HIGH_PROFIT,1.9,None,TIME_CLOSE_EXIT,149.17,3.0,447.51,0.15,0.08,0.14,-0.06,0.02,0.09,0.36,0.45,0.81,-0.72,9943.91,0.95,,2026-08-15
579,2026-08-15 13:15:00+00:00,DOGEUSDT,LONG,EXECUTED,LOW_RISK__HIGH_QUAL__LOW_PROFIT,1.46,None,TIME_CLOSE_EXIT,149.16,5.0,745.79,0.32,0.22,0.11,-0.01,-0.01,-0.07,0.6,0.75,1.34,-1.42,9942.49,0.97,,2026-08-15
580,2026-08-15 14:15:00+00:00,DOGEUSDT,SHORT,REJECTED,HIGH_RISK__HIGH_QUAL__HIGH_PROFIT,0.68,R:R Hurdle Failure: R:R = 0.68 < 1.00,SHADOW_TIME_CLOSE_EXIT,0.0,0.0,0.0,0.33,0.48,0.04,-0.16,-0.13,0.0,0.0,0.0,0.0,0.0,9942.49,0.97,-1.39,2026-08-15
581,2026-08-15 15:30:00+00:00,DOGEUSDT,LONG,EXECUTED,LOW_RISK__HIGH_QUAL__LOW_PROFIT,1.38,None,TIME_CLOSE_EXIT,149.14,5.0,745.69,0.38,0.27,0.0,-0.1,-0.07,-0.52,0.6,0.75,1.34,-1.86,9940.63,0.98,,2026-08-15
582,2026-08-15 16:30:00+00:00,DOGEUSDT,SHORT,EXECUTED,HIGH_RISK__HIGH_QUAL__HIGH_PROFIT,1.2,None,TIME_CLOSE_EXIT,149.11,3.0,447.33,0.38,0.31,0.37,-0.11,0.0,0.0,0.36,0.45,0.81,-0.81,9939.82,0.99,,2026-08-15
583,2026-08-15 16:45:00+00:00,XRPUSDT,LONG,EXECUTED,HIGH_RISK__HIGH_QUAL__LOW_PROFIT,1.7,None,TIME_CLOSE_EXIT,52.18,1.5,78.28,0.36,0.21,0.11,-0.06,-0.03,-0.02,0.06,0.08,0.14,-0.16,9939.66,0.99,,2026-08-15
584,2026-08-15 18:15:00+00:00,XRPUSDT,SHORT,EXECUTED,LOW_RISK__LOW_QUAL__LOW_PROFIT,2.02,None,TIME_CLOSE_EXIT,49.7,5.0,248.49,0.54,0.27,0.07,-0.12,-0.12,-0.3,0.2,0.25,0.45,-0.75,9938.91,1.0,,2026-08-15
585,2026-08-15 18:45:00+00:00,ETHUSDT,SHORT,REJECTED,LOW_RISK__HIGH_QUAL__LOW_PROFIT,0.4,R:R Hurdle Failure: R:R = 0.40 < 1.00,SHADOW_TIME_CLOSE_EXIT,0.0,0.0,0.0,0.03,0.09,0.0,-0.01,-0.06,0.0,0.0,0.0,0.0,0.0,9938.91,1.0,-1.79,2026-08-15
586,2026-08-15 18:45:00+00:00,BTCUSDT,SHORT,EXECUTED,LOW_RISK__HIGH_QUAL__HIGH_PROFIT,16.08,None,TIME_CLOSE_EXIT,149.08,5.0,745.42,0.41,0.03,0.02,0.0,0.0,0.0,0.6,0.75,1.34,-1.34,9937.57,1.02,,2026-08-15
587,2026-08-15 19:00:00+00:00,XRPUSDT,LONG,EXECUTED,HIGH_RISK__HIGH_QUAL__LOW_PROFIT,1.45,None,TAKE_PROFIT_HIT,52.17,1.5,78.26,0.32,0.22,0.4,-0.05,0.32,0.25,0.06,0.08,0.14,0.11,9937.68,1.01,,2026-08-15
588,2026-08-15 19:00:00+00:00,BTCUSDT,LONG,REJECTED,HIGH_RISK__HIGH_QUAL__HIGH_PROFIT,0.53,R:R Hurdle Failure: R:R = 0.53 < 1.00,SHADOW_TAKE_PROFIT_HIT,0.0,0.0,0.0,0.12,0.23,0.14,-0.05,0.12,0.0,0.0,0.0,0.0,0.0,9937.68,1.01,-0.27,2026-08-15
589,2026-08-15 19:30:00+00:00,ETHUSDT,LONG,REJECTED,LOW_RISK__LOW_QUAL__LOW_PROFIT,0.78,R:R Hurdle Failure: R:R = 0.78 < 1.00,SHADOW_TIME_CLOSE_EXIT,0.0,0.0,0.0,0.04,0.05,0.04,-0.01,-0.02,0.0,0.0,0.0,0.0,0.0,9937.68,1.01,-0.5,2026-08-15
590,2026-08-15 20:15:00+00:00,ETHUSDT,SHORT,EXECUTED,LOW_RISK__HIGH_QUAL__LOW_PROFIT,5.23,None,TIME_CLOSE_EXIT,149.07,5.0,745.33,0.21,0.04,0.02,-0.04,-0.05,-0.37,0.6,0.75,1.34,-1.71,9935.96,1.03,,2026-08-15
591,2026-08-15 20:30:00+00:00,SOLUSDT,SHORT,EXECUTED,LOW_RISK__HIGH_QUAL__LOW_PROFIT,5.54,None,TIME_CLOSE_EXIT,149.04,5.0,745.2,0.94,0.17,0.07,-0.01,-0.04,-0.3,0.6,0.75,1.34,-1.64,9934.32,1.05,,2026-08-15
592,2026-08-15 21:00:00+00:00,SOLUSDT,LONG,REJECTED,HIGH_RISK__HIGH_QUAL__HIGH_PROFIT,0.4,R:R Hurdle Failure: R:R = 0.40 < 1.00,SHADOW_TAKE_PROFIT_HIT,0.0,0.0,0.0,0.12,0.31,0.2,-0.08,0.12,0.0,0.0,0.0,0.0,0.0,9934.32,1.05,-0.25,2026-08-15
593,2026-08-15 21:15:00+00:00,ETHUSDT,LONG,REJECTED,LOW_RISK__LOW_QUAL__LOW_PROFIT,-0.93,R:R Hurdle Failure: R:R = -0.93 < 1.00,SHADOW_TAKE_PROFIT_HIT,0.0,0.0,0.0,-0.08,0.09,0.06,-0.03,-0.08,0.0,0.0,0.0,0.0,0.0,9934.32,1.05,-0.66,2026-08-15
594,2026-08-15 21:15:00+00:00,DOGEUSDT,LONG,REJECTED,LOW_RISK__HIGH_QUAL__LOW_PROFIT,0.38,R:R Hurdle Failure: R:R = 0.38 < 1.00,SHADOW_TIME_CLOSE_EXIT,0.0,0.0,0.0,0.16,0.42,0.01,-0.11,-0.24,0.0,0.0,0.0,0.0,0.0,9934.32,1.05,-3.13,2026-08-15
595,2026-08-15 22:45:00+00:00,DOGEUSDT,SHORT,EXECUTED,HIGH_RISK__HIGH_QUAL__HIGH_PROFIT,1.93,None,TIME_CLOSE_EXIT,149.01,3.0,447.04,0.71,0.37,0.52,-0.19,-0.06,-0.27,0.36,0.45,0.8,-1.07,9933.25,1.06,,2026-08-15
596,2026-08-15 23:00:00+00:00,SOLUSDT,SHORT,EXECUTED,LOW_RISK__HIGH_QUAL__LOW_PROFIT,1.97,None,TIME_CLOSE_EXIT,149.0,5.0,744.99,0.83,0.42,0.21,-0.21,-0.24,-1.79,0.6,0.74,1.34,-3.13,9930.12,1.09,,2026-08-15
597,2026-08-15 23:15:00+00:00,XRPUSDT,SHORT,EXECUTED,LOW_RISK__LOW_QUAL__LOW_PROFIT,3.32,None,TIME_CLOSE_EXIT,49.65,5.0,248.25,0.73,0.22,0.25,-0.15,-0.03,-0.07,0.2,0.25,0.45,-0.52,9929.6,1.09,,2026-08-15
598,2026-08-15 23:30:00+00:00,ETHUSDT,SHORT,EXECUTED,LOW_RISK__HIGH_QUAL__LOW_PROFIT,2.64,None,TAKE_PROFIT_HIT,148.94,5.0,744.72,0.3,0.11,0.33,-0.03,0.3,2.24,0.6,0.74,1.34,0.9,9930.5,1.09,,2026-08-15
599,2026-08-16 00:00:00+00:00,BTCUSDT,SHORT,EXECUTED,LOW_RISK__HIGH_QUAL__HIGH_PROFIT,93.84,None,TIME_CLOSE_EXIT,148.96,5.0,744.79,0.45,0.0,0.09,-0.02,-0.07,-0.52,0.6,0.74,1.34,-1.86,9928.64,1.1,,2026-08-16
600,2026-08-16 02:30:00+00:00,SOLUSDT,LONG,EXECUTED,HIGH_RISK__HIGH_QUAL__HIGH_PROFIT,2.72,None,TIME_CLOSE_EXIT,148.93,3.0,446.79,0.76,0.28,0.01,-0.08,-0.19,-0.85,0.36,0.45,0.8,-1.65,9926.98,1.12,,2026-08-16
601,2026-08-16 02:30:00+00:00,BTCUSDT,LONG,EXECUTED,HIGH_RISK__HIGH_QUAL__HIGH_PROFIT,1.66,None,TIME_CLOSE_EXIT,148.9,3.0,446.71,0.11,0.06,0.01,-0.06,-0.09,-0.4,0.36,0.45,0.8,-1.21,9925.78,1.13,,2026-08-16
602,2026-08-16 02:45:00+00:00,DOGEUSDT,LONG,EXECUTED,HIGH_RISK__HIGH_QUAL__LOW_PROFIT,1.85,None,TIME_CLOSE_EXIT,52.11,1.5,78.17,0.42,0.23,0.17,-0.06,-0.14,-0.11,0.06,0.08,0.14,-0.25,9925.53,1.14,,2026-08-16
603,2026-08-16 03:00:00+00:00,ETHUSDT,LONG,EXECUTED,LOW_RISK__LOW_QUAL__LOW_PROFIT,1.35,None,TIME_CLOSE_EXIT,49.63,5.0,248.14,0.09,0.07,0.03,-0.07,-0.07,-0.17,0.2,0.25,0.45,-0.62,9924.91,1.14,,2026-08-16
604,2026-08-16 04:45:00+00:00,ETHUSDT,SHORT,EXECUTED,LOW_RISK__HIGH_QUAL__LOW_PROFIT,4.93,None,TIME_CLOSE_EXIT,148.87,5.0,744.37,0.18,0.04,0.14,-0.05,-0.02,-0.15,0.6,0.74,1.34,-1.49,9923.42,1.16,,2026-08-16
605,2026-08-16 05:15:00+00:00,BTCUSDT,SHORT,REJECTED,LOW_RISK__HIGH_QUAL__HIGH_PROFIT,0.0,R:R Hurdle Failure: R:R = 0.00 < 1.00,SHADOW_TIME_CLOSE_EXIT,0.0,0.0,0.0,0.53,-0.01,0.16,-0.04,0.01,0.0,0.0,0.0,0.0,0.0,9923.42,1.16,-1.27,2026-08-16
606,2026-08-16 05:15:00+00:00,SOLUSDT,SHORT,EXECUTED,LOW_RISK__HIGH_QUAL__LOW_PROFIT,1.38,None,TIME_CLOSE_EXIT,148.85,5.0,744.26,0.52,0.38,0.27,-0.21,-0.05,-0.37,0.6,0.74,1.34,-1.71,9921.71,1.17,,2026-08-16
607,2026-08-16 05:30:00+00:00,DOGEUSDT,SHORT,EXECUTED,HIGH_RISK__HIGH_QUAL__HIGH_PROFIT,1.51,None,TIME_CLOSE_EXIT,148.83,3.0,446.48,0.45,0.3,0.22,-0.04,-0.16,-0.71,0.36,0.45,0.8,-1.52,9920.19,1.19,,2026-08-16
608,2026-08-16 07:30:00+00:00,XRPUSDT,LONG,REJECTED,HIGH_RISK__HIGH_QUAL__LOW_PROFIT,0.93,R:R Hurdle Failure: R:R = 0.93 < 1.00,SHADOW_TIME_CLOSE_EXIT,0.0,0.0,0.0,0.23,0.25,0.07,-0.01,-0.1,0.0,0.0,0.0,0.0,0.0,9920.19,1.19,-0.22,2026-08-16
609,2026-08-16 07:30:00+00:00,DOGEUSDT,LONG,EXECUTED,LOW_RISK__HIGH_QUAL__LOW_PROFIT,1.36,None,TIME_CLOSE_EXIT,148.8,5.0,744.01,0.36,0.27,0.17,-0.04,-0.04,-0.3,0.6,0.74,1.34,-1.64,9918.55,1.2,,2026-08-16
610,2026-08-16 09:15:00+00:00,ETHUSDT,LONG,EXECUTED,LOW_RISK__LOW_QUAL__LOW_PROFIT,2.95,None,TIME_CLOSE_EXIT,49.59,5.0,247.96,0.38,0.13,0.04,0.0,0.0,0.0,0.2,0.25,0.45,-0.45,9918.1,1.21,,2026-08-16
611,2026-08-16 09:30:00+00:00,ETHUSDT,SHORT,EXECUTED,LOW_RISK__HIGH_QUAL__LOW_PROFIT,1.13,None,TIME_CLOSE_EXIT,148.77,5.0,743.86,0.18,0.16,0.04,-0.1,-0.04,-0.3,0.6,0.74,1.34,-1.64,9916.47,1.23,,2026-08-16
612,2026-08-16 09:45:00+00:00,XRPUSDT,SHORT,EXECUTED,LOW_RISK__LOW_QUAL__LOW_PROFIT,4.96,None,TIME_CLOSE_EXIT,49.58,5.0,247.91,0.87,0.18,0.32,-0.07,-0.01,-0.02,0.2,0.25,0.45,-0.47,9916.0,1.23,,2026-08-16
613,2026-08-16 10:00:00+00:00,DOGEUSDT,SHORT,EXECUTED,HIGH_RISK__HIGH_QUAL__HIGH_PROFIT,1.37,None,TIME_CLOSE_EXIT,148.74,3.0,446.22,0.4,0.29,0.03,-0.1,-0.13,-0.58,0.36,0.45,0.8,-1.38,9914.61,1.24,,2026-08-16
614,2026-08-16 11:45:00+00:00,DOGEUSDT,LONG,EXECUTED,LOW_RISK__HIGH_QUAL__LOW_PROFIT,1.22,None,TIME_CLOSE_EXIT,148.72,5.0,743.6,0.29,0.24,0.03,-0.06,0.0,0.0,0.59,0.74,1.34,-1.34,9913.28,1.26,,2026-08-16
615,2026-08-16 12:00:00+00:00,DOGEUSDT,SHORT,REJECTED,HIGH_RISK__HIGH_QUAL__HIGH_PROFIT,0.68,R:R Hurdle Failure: R:R = 0.68 < 1.00,SHADOW_TIME_CLOSE_EXIT,0.0,0.0,0.0,0.22,0.32,0.03,-0.11,0.0,0.0,0.0,0.0,0.0,0.0,9913.28,1.26,-0.8,2026-08-16
616,2026-08-16 12:15:00+00:00,DOGEUSDT,LONG,EXECUTED,LOW_RISK__HIGH_QUAL__LOW_PROFIT,1.21,None,TAKE_PROFIT_HIT,148.7,5.0,743.5,0.32,0.26,0.46,-0.14,0.32,2.38,0.59,0.74,1.34,1.04,9914.31,1.25,,2026-08-16
617,2026-08-16 13:15:00+00:00,BTCUSDT,LONG,EXECUTED,HIGH_RISK__HIGH_QUAL__HIGH_PROFIT,1.42,None,TAKE_PROFIT_HIT,148.71,3.0,446.14,0.13,0.09,0.52,-0.01,0.13,0.56,0.36,0.45,0.8,-0.24,9914.07,1.25,,2026-08-16
618,2026-08-16 13:30:00+00:00,ETHUSDT,LONG,EXECUTED,LOW_RISK__LOW_QUAL__LOW_PROFIT,1.79,None,TAKE_PROFIT_HIT,49.57,5.0,247.85,0.25,0.14,0.57,-0.04,0.25,0.62,0.2,0.25,0.45,0.18,9914.25,1.25,,2026-08-16
619,2026-08-16 13:30:00+00:00,SOLUSDT,LONG,EXECUTED,HIGH_RISK__HIGH_QUAL__HIGH_PROFIT,3.43,None,TIME_CLOSE_EXIT,148.71,3.0,446.14,0.75,0.22,0.04,-0.07,-0.11,-0.49,0.36,0.45,0.8,-1.29,9912.96,1.26,,2026-08-16
620,2026-08-16 14:00:00+00:00,SOLUSDT,SHORT,REJECTED,LOW_RISK__HIGH_QUAL__LOW_PROFIT,0.99,R:R Hurdle Failure: R:R = 0.99 < 1.00,SHADOW_TIME_CLOSE_EXIT,0.0,0.0,0.0,0.35,0.35,0.03,-0.08,-0.04,0.0,0.0,0.0,0.0,0.0,9912.96,1.26,-1.64,2026-08-16
621,2026-08-16 14:30:00+00:00,XRPUSDT,LONG,EXECUTED,HIGH_RISK__HIGH_QUAL__LOW_PROFIT,1.04,None,TIME_CLOSE_EXIT,52.04,1.5,78.06,0.29,0.27,0.28,-0.05,0.01,0.01,0.06,0.08,0.14,-0.13,9912.82,1.26,,2026-08-16
622,2026-08-16 14:30:00+00:00,SOLUSDT,LONG,EXECUTED,HIGH_RISK__HIGH_QUAL__HIGH_PROFIT,3.96,None,TIME_CLOSE_EXIT,148.69,3.0,446.08,0.9,0.23,0.45,-0.09,-0.07,-0.31,0.36,0.45,0.8,-1.12,9911.71,1.27,,2026-08-16
623,2026-08-16 17:45:00+00:00,SOLUSDT,SHORT,EXECUTED,LOW_RISK__HIGH_QUAL__LOW_PROFIT,2.94,None,TAKE_PROFIT_HIT,148.68,5.0,743.38,0.91,0.31,1.57,-0.12,0.91,6.74,0.59,0.74,1.34,5.4,9917.11,1.22,,2026-08-16
624,2026-08-16 18:00:00+00:00,XRPUSDT,SHORT,EXECUTED,LOW_RISK__LOW_QUAL__LOW_PROFIT,2.29,None,TIME_CLOSE_EXIT,49.59,5.0,247.93,0.97,0.42,0.09,-0.22,-0.22,-0.55,0.2,0.25,0.45,-0.99,9916.11,1.23,,2026-08-16
625,2026-08-16 19:45:00+00:00,DOGEUSDT,SHORT,EXECUTED,HIGH_RISK__HIGH_QUAL__HIGH_PROFIT,1.38,None,TAKE_PROFIT_HIT,148.74,3.0,446.23,0.55,0.4,1.27,-0.16,0.55,2.46,0.36,0.45,0.8,1.66,9917.77,1.21,,2026-08-16
626,2026-08-16 20:00:00+00:00,BTCUSDT,SHORT,REJECTED,LOW_RISK__HIGH_QUAL__HIGH_PROFIT,0.0,R:R Hurdle Failure: R:R = 0.00 < 1.00,SHADOW_STOP_LOSS_HIT,0.0,0.0,0.0,0.73,-0.06,0.67,-0.01,0.06,0.0,0.0,0.0,0.0,0.0,9917.77,1.21,-0.91,2026-08-16
627,2026-08-16 20:00:00+00:00,XRPUSDT,LONG,REJECTED,HIGH_RISK__HIGH_QUAL__LOW_PROFIT,0.23,R:R Hurdle Failure: R:R = 0.23 < 1.00,SHADOW_TIME_CLOSE_EXIT,0.0,0.0,0.0,0.09,0.37,0.05,-0.05,0.0,0.0,0.0,0.0,0.0,0.0,9917.77,1.21,-0.14,2026-08-16
628,2026-08-16 20:30:00+00:00,XRPUSDT,SHORT,EXECUTED,LOW_RISK__LOW_QUAL__LOW_PROFIT,7.21,None,TIME_CLOSE_EXIT,49.59,5.0,247.94,1.5,0.21,1.17,-0.19,0.06,0.15,0.2,0.25,0.45,-0.3,9917.47,1.22,,2026-08-16
629,2026-08-16 20:45:00+00:00,ETHUSDT,SHORT,EXECUTED,LOW_RISK__HIGH_QUAL__HIGH_PROFIT,3.29,None,TAKE_PROFIT_HIT,148.76,5.0,743.81,0.55,0.17,0.68,-0.12,0.55,4.1,0.6,0.74,1.34,2.76,9920.23,1.19,,2026-08-16
630,2026-08-17 01:00:00+00:00,ETHUSDT,LONG,EXECUTED,HIGH_RISK__LOW_QUAL__HIGH_PROFIT,2.49,None,TIME_CLOSE_EXIT,17.36,1.5,26.04,1.88,0.75,1.22,-0.6,0.33,0.09,0.02,0.03,0.05,0.04,9920.27,1.19,,2026-08-17
631,2026-08-17 01:00:00+00:00,DOGEUSDT,LONG,EXECUTED,HIGH_RISK__HIGH_QUAL__LOW_PROFIT,1.16,None,TAKE_PROFIT_HIT,52.08,1.5,78.12,0.64,0.55,0.77,-0.33,0.64,0.5,0.06,0.08,0.14,0.36,9920.64,1.18,,2026-08-17
632,2026-08-17 01:15:00+00:00,SOLUSDT,LONG,EXECUTED,HIGH_RISK__HIGH_QUAL__HIGH_PROFIT,1.51,None,TIME_CLOSE_EXIT,148.81,3.0,446.43,1.14,0.75,1.01,-0.45,0.09,0.4,0.36,0.45,0.8,-0.4,9920.23,1.19,,2026-08-17
633,2026-08-17 01:15:00+00:00,BTCUSDT,LONG,EXECUTED,HIGH_RISK__HIGH_QUAL__HIGH_PROFIT,2.13,None,TAKE_PROFIT_HIT,148.8,3.0,446.41,0.69,0.32,0.94,-0.15,0.69,3.08,0.36,0.45,0.8,2.28,9922.51,1.17,,2026-08-17
634,2026-08-17 01:30:00+00:00,XRPUSDT,LONG,REJECTED,HIGH_RISK__HIGH_QUAL__LOW_PROFIT,0.6,R:R Hurdle Failure: R:R = 0.60 < 1.00,SHADOW_TAKE_PROFIT_HIT,0.0,0.0,0.0,0.43,0.71,0.7,-0.26,0.43,0.0,0.0,0.0,0.0,0.0,9922.51,1.17,0.19,2026-08-17
635,2026-08-17 08:15:00+00:00,ETHUSDT,SHORT,REJECTED,HIGH_RISK__HIGH_QUAL__HIGH_PROFIT,0.38,R:R Hurdle Failure: R:R = 0.38 < 1.00,SHADOW_TIME_CLOSE_EXIT,0.0,0.0,0.0,0.33,0.86,0.2,-0.07,-0.18,0.0,0.0,0.0,0.0,0.0,9922.51,1.17,-1.61,2026-08-17
636,2026-08-17 08:30:00+00:00,XRPUSDT,SHORT,EXECUTED,LOW_RISK__LOW_QUAL__LOW_PROFIT,3.74,None,TIME_CLOSE_EXIT,49.61,5.0,248.06,1.19,0.32,0.35,-0.14,-0.04,-0.1,0.2,0.25,0.45,-0.55,9921.97,1.17,,2026-08-17
637,2026-08-17 08:30:00+00:00,BTCUSDT,SHORT,REJECTED,LOW_RISK__HIGH_QUAL__LOW_PROFIT,0.85,R:R Hurdle Failure: R:R = 0.85 < 1.00,SHADOW_TIME_CLOSE_EXIT,0.0,0.0,0.0,0.31,0.37,0.13,-0.09,-0.11,0.0,0.0,0.0,0.0,0.0,9921.97,1.17,-2.16,2026-08-17
638,2026-08-17 08:45:00+00:00,DOGEUSDT,SHORT,EXECUTED,HIGH_RISK__HIGH_QUAL__HIGH_PROFIT,1.34,None,TIME_CLOSE_EXIT,148.83,3.0,446.49,0.59,0.44,0.07,-0.11,-0.27,-1.21,0.36,0.45,0.8,-2.01,9919.96,1.19,,2026-08-17
639,2026-08-17 08:45:00+00:00,SOLUSDT,SHORT,EXECUTED,LOW_RISK__HIGH_QUAL__LOW_PROFIT,1.33,None,TIME_CLOSE_EXIT,148.8,5.0,744.0,0.95,0.71,0.09,-0.11,-0.37,-2.75,0.6,0.74,1.34,-4.09,9915.87,1.23,,2026-08-17
640,2026-08-17 09:30:00+00:00,DOGEUSDT,LONG,EXECUTED,HIGH_RISK__HIGH_QUAL__LOW_PROFIT,1.31,None,TIME_CLOSE_EXIT,52.06,1.5,78.09,0.42,0.32,0.31,-0.09,-0.09,-0.07,0.06,0.08,0.14,-0.21,9915.65,1.23,,2026-08-17
641,2026-08-17 10:30:00+00:00,BTCUSDT,LONG,EXECUTED,HIGH_RISK__HIGH_QUAL__HIGH_PROFIT,1.87,None,TAKE_PROFIT_HIT,148.73,3.0,446.2,1.06,0.57,1.52,-0.31,1.06,4.75,0.36,0.45,0.8,3.95,9919.6,1.19,,2026-08-17
642,2026-08-17 10:30:00+00:00,ETHUSDT,LONG,EXECUTED,LOW_RISK__LOW_QUAL__HIGH_PROFIT,2.3,None,TIME_CLOSE_EXIT,49.6,5.0,247.99,1.6,0.7,0.12,-0.47,-0.42,-1.04,0.2,0.25,0.45,-1.49,9918.11,1.21,,2026-08-17
643,2026-08-17 10:30:00+00:00,SOLUSDT,LONG,EXECUTED,HIGH_RISK__HIGH_QUAL__HIGH_PROFIT,1.94,None,TIME_CLOSE_EXIT,148.77,3.0,446.32,1.17,0.6,0.25,-0.34,-0.48,-2.14,0.36,0.45,0.8,-2.95,9915.17,1.24,,2026-08-17
644,2026-08-17 12:00:00+00:00,DOGEUSDT,SHORT,REJECTED,HIGH_RISK__HIGH_QUAL__HIGH_PROFIT,0.54,R:R Hurdle Failure: R:R = 0.54 < 1.00,SHADOW_TIME_CLOSE_EXIT,0.0,0.0,0.0,0.27,0.5,0.23,-0.1,-0.04,0.0,0.0,0.0,0.0,0.0,9915.17,1.24,-0.98,2026-08-17
645,2026-08-17 12:00:00+00:00,XRPUSDT,LONG,EXECUTED,HIGH_RISK__HIGH_QUAL__LOW_PROFIT,2.84,None,TIME_CLOSE_EXIT,52.05,1.5,78.08,0.77,0.27,0.04,-0.15,0.0,0.0,0.06,0.08,0.14,-0.14,9915.03,1.24,,2026-08-17
646,2026-08-17 12:15:00+00:00,XRPUSDT,SHORT,REJECTED,LOW_RISK__LOW_QUAL__LOW_PROFIT,0.89,R:R Hurdle Failure: R:R = 0.89 < 1.00,SHADOW_TIME_CLOSE_EXIT,0.0,0.0,0.0,0.33,0.37,0.28,-0.16,-0.07,0.0,0.0,0.0,0.0,0.0,9915.03,1.24,-0.62,2026-08-17
647,2026-08-17 12:30:00+00:00,SOLUSDT,SHORT,REJECTED,LOW_RISK__HIGH_QUAL__LOW_PROFIT,0.83,R:R Hurdle Failure: R:R = 0.83 < 1.00,SHADOW_TIME_CLOSE_EXIT,0.0,0.0,0.0,0.52,0.62,0.15,-0.52,-0.32,0.0,0.0,0.0,0.0,0.0,9915.03,1.24,-3.72,2026-08-17
648,2026-08-17 13:00:00+00:00,ETHUSDT,SHORT,REJECTED,LOW_RISK__HIGH_QUAL__HIGH_PROFIT,0.64,R:R Hurdle Failure: R:R = 0.64 < 1.00,SHADOW_TIME_CLOSE_EXIT,0.0,0.0,0.0,0.24,0.37,0.16,-0.08,0.03,0.0,0.0,0.0,0.0,0.0,9915.03,1.24,-1.12,2026-08-17
649,2026-08-17 13:30:00+00:00,ETHUSDT,LONG,EXECUTED,LOW_RISK__LOW_QUAL__HIGH_PROFIT,3.79,None,TIME_CLOSE_EXIT,49.58,5.0,247.88,1.88,0.5,0.58,-0.37,0.19,0.47,0.2,0.25,0.45,0.02,9915.05,1.24,,2026-08-17
650,2026-08-17 14:00:00+00:00,SOLUSDT,LONG,EXECUTED,HIGH_RISK__HIGH_QUAL__HIGH_PROFIT,4.52,None,TIME_CLOSE_EXIT,148.73,3.0,446.18,1.98,0.44,0.74,-0.2,0.34,1.52,0.36,0.45,0.8,0.71,9915.77,1.23,,2026-08-17
651,2026-08-17 14:30:00+00:00,XRPUSDT,LONG,EXECUTED,HIGH_RISK__HIGH_QUAL__LOW_PROFIT,2.18,None,TIME_CLOSE_EXIT,52.06,1.5,78.09,0.78,0.36,0.7,-0.17,-0.05,-0.04,0.06,0.08,0.14,-0.18,9915.59,1.23,,2026-08-17
652,2026-08-17 14:45:00+00:00,DOGEUSDT,LONG,EXECUTED,HIGH_RISK__HIGH_QUAL__LOW_PROFIT,1.76,None,TIME_CLOSE_EXIT,52.06,1.5,78.09,0.91,0.52,0.31,-0.3,-0.07,-0.05,0.06,0.08,0.14,-0.2,9915.39,1.24,,2026-08-17
653,2026-08-17 17:45:00+00:00,XRPUSDT,SHORT,EXECUTED,LOW_RISK__LOW_QUAL__LOW_PROFIT,4.49,None,TIME_CLOSE_EXIT,49.58,5.0,247.88,0.67,0.15,0.21,-0.18,0.0,0.0,0.2,0.25,0.45,-0.45,9914.94,1.24,,2026-08-17
654,2026-08-17 19:45:00+00:00,DOGEUSDT,SHORT,REJECTED,HIGH_RISK__HIGH_QUAL__HIGH_PROFIT,0.65,R:R Hurdle Failure: R:R = 0.65 < 1.00,SHADOW_TAKE_PROFIT_HIT,0.0,0.0,0.0,0.13,0.2,0.27,-0.03,0.13,0.0,0.0,0.0,0.0,0.0,9914.94,1.24,-0.22,2026-08-17
655,2026-08-17 19:45:00+00:00,SOLUSDT,SHORT,EXECUTED,LOW_RISK__HIGH_QUAL__LOW_PROFIT,1.68,None,TIME_CLOSE_EXIT,148.72,5.0,743.62,0.61,0.36,0.24,-0.13,0.0,0.0,0.59,0.74,1.34,-1.34,9913.61,1.25,,2026-08-17
656,2026-08-17 20:30:00+00:00,XRPUSDT,LONG,EXECUTED,HIGH_RISK__HIGH_QUAL__LOW_PROFIT,1.1,None,TIME_CLOSE_EXIT,52.05,1.5,78.07,0.51,0.46,0.1,-0.29,-0.22,-0.17,0.06,0.08,0.14,-0.31,9913.29,1.26,,2026-08-17
657,2026-08-17 20:30:00+00:00,SOLUSDT,LONG,EXECUTED,HIGH_RISK__HIGH_QUAL__HIGH_PROFIT,1.86,None,TIME_CLOSE_EXIT,148.7,3.0,446.1,1.08,0.58,0.07,-0.37,-0.24,-1.07,0.36,0.45,0.8,-1.87,9911.42,1.28,,2026-08-17
658,2026-08-17 21:00:00+00:00,DOGEUSDT,LONG,EXECUTED,HIGH_RISK__HIGH_QUAL__LOW_PROFIT,1.45,None,TIME_CLOSE_EXIT,52.03,1.5,78.05,0.58,0.4,0.11,-0.13,-0.2,-0.16,0.06,0.08,0.14,-0.3,9911.12,1.28,,2026-08-17
659,2026-08-17 21:15:00+00:00,ETHUSDT,SHORT,REJECTED,LOW_RISK__HIGH_QUAL__HIGH_PROFIT,0.37,R:R Hurdle Failure: R:R = 0.37 < 1.00,SHADOW_TAKE_PROFIT_HIT,0.0,0.0,0.0,0.1,0.28,0.14,-0.12,0.1,0.0,0.0,0.0,0.0,0.0,9911.12,1.28,-0.57,2026-08-17
660,2026-08-17 22:15:00+00:00,XRPUSDT,SHORT,EXECUTED,LOW_RISK__LOW_QUAL__LOW_PROFIT,2.06,None,TIME_CLOSE_EXIT,49.56,5.0,247.78,0.53,0.26,0.07,-0.11,-0.27,-0.67,0.2,0.25,0.45,-1.12,9910.01,1.29,,2026-08-17
661,2026-08-17 22:15:00+00:00,SOLUSDT,SHORT,REJECTED,LOW_RISK__HIGH_QUAL__LOW_PROFIT,0.86,R:R Hurdle Failure: R:R = 0.86 < 1.00,SHADOW_TIME_CLOSE_EXIT,0.0,0.0,0.0,0.34,0.4,0.13,-0.12,-0.21,0.0,0.0,0.0,0.0,0.0,9910.01,1.29,-2.9,2026-08-17
662,2026-08-17 22:30:00+00:00,DOGEUSDT,SHORT,REJECTED,HIGH_RISK__HIGH_QUAL__HIGH_PROFIT,0.58,R:R Hurdle Failure: R:R = 0.58 < 1.00,SHADOW_TIME_CLOSE_EXIT,0.0,0.0,0.0,0.24,0.41,0.04,-0.06,-0.23,0.0,0.0,0.0,0.0,0.0,9910.01,1.29,-1.83,2026-08-17
663,2026-08-17 23:15:00+00:00,ETHUSDT,LONG,EXECUTED,LOW_RISK__LOW_QUAL__LOW_PROFIT,2.29,None,TIME_CLOSE_EXIT,49.55,5.0,247.75,1.27,0.55,0.18,-0.38,-0.42,-1.04,0.2,0.25,0.45,-1.49,9908.52,1.3,,2026-08-17
664,2026-08-17 23:30:00+00:00,XRPUSDT,LONG,EXECUTED,HIGH_RISK__HIGH_QUAL__LOW_PROFIT,1.18,None,TIME_CLOSE_EXIT,52.02,1.5,78.03,0.46,0.39,0.13,-0.12,-0.08,-0.06,0.06,0.08,0.14,-0.2,9908.32,1.31,,2026-08-17
665,2026-08-17 23:30:00+00:00,SOLUSDT,LONG,EXECUTED,HIGH_RISK__HIGH_QUAL__HIGH_PROFIT,3.54,None,TIME_CLOSE_EXIT,148.62,3.0,445.87,1.34,0.38,0.21,-0.03,-0.11,-0.49,0.36,0.45,0.8,-1.29,9907.03,1.32,,2026-08-17
666,2026-08-17 23:45:00+00:00,DOGEUSDT,LONG,EXECUTED,HIGH_RISK__HIGH_QUAL__LOW_PROFIT,1.45,None,TIME_CLOSE_EXIT,52.01,1.5,78.02,0.49,0.34,0.11,-0.01,-0.13,-0.1,0.06,0.08,0.14,-0.24,9906.78,1.32,,2026-08-17
667,2026-08-18 00:30:00+00:00,DOGEUSDT,SHORT,EXECUTED,HIGH_RISK__HIGH_QUAL__HIGH_PROFIT,1.9,None,TIME_CLOSE_EXIT,148.6,3.0,445.81,0.62,0.33,0.11,-0.03,0.0,0.0,0.36,0.45,0.8,-0.8,9905.98,1.33,,2026-08-18
668,2026-08-18 00:45:00+00:00,DOGEUSDT,LONG,REJECTED,HIGH_RISK__HIGH_QUAL__LOW_PROFIT,0.66,R:R Hurdle Failure: R:R = 0.66 < 1.00,SHADOW_TIME_CLOSE_EXIT,0.0,0.0,0.0,0.23,0.34,0.03,-0.13,0.0,0.0,0.0,0.0,0.0,0.0,9905.98,1.33,-0.14,2026-08-18
669,2026-08-18 01:00:00+00:00,DOGEUSDT,SHORT,EXECUTED,HIGH_RISK__HIGH_QUAL__HIGH_PROFIT,2.52,None,TAKE_PROFIT_HIT,148.59,3.0,445.77,0.63,0.25,1.02,-0.07,0.63,2.82,0.36,0.45,0.8,2.02,9908.0,1.31,,2026-08-18
670,2026-08-18 01:00:00+00:00,XRPUSDT,SHORT,EXECUTED,LOW_RISK__LOW_QUAL__LOW_PROFIT,4.54,None,TAKE_PROFIT_HIT,49.54,5.0,247.7,1.04,0.23,1.24,-0.18,1.04,2.58,0.2,0.25,0.45,2.14,9910.14,1.29,,2026-08-18
671,2026-08-18 01:30:00+00:00,SOLUSDT,SHORT,EXECUTED,LOW_RISK__HIGH_QUAL__LOW_PROFIT,3.07,None,TIME_CLOSE_EXIT,148.65,5.0,743.26,0.98,0.32,0.77,-0.13,-0.04,-0.3,0.59,0.74,1.34,-1.64,9908.5,1.3,,2026-08-18
672,2026-08-18 01:30:00+00:00,BTCUSDT,SHORT,EXECUTED,LOW_RISK__HIGH_QUAL__LOW_PROFIT,1.59,None,TAKE_PROFIT_HIT,148.63,5.0,743.14,0.36,0.23,0.37,-0.1,0.36,2.7,0.59,0.74,1.34,1.36,9909.86,1.29,,2026-08-18
673,2026-08-18 01:30:00+00:00,ETHUSDT,SHORT,EXECUTED,LOW_RISK__HIGH_QUAL__HIGH_PROFIT,5.46,None,TAKE_PROFIT_HIT,148.65,5.0,743.24,0.76,0.14,1.02,-0.15,0.76,5.67,0.59,0.74,1.34,4.34,9914.2,1.25,,2026-08-18
674,2026-08-18 04:45:00+00:00,SOLUSDT,LONG,EXECUTED,HIGH_RISK__HIGH_QUAL__HIGH_PROFIT,3.55,None,TIME_CLOSE_EXIT,148.71,3.0,446.14,1.54,0.43,0.57,-0.33,0.08,0.36,0.36,0.45,0.8,-0.45,9913.75,1.25,,2026-08-18
675,2026-08-18 05:45:00+00:00,BTCUSDT,LONG,EXECUTED,HIGH_RISK__HIGH_QUAL__HIGH_PROFIT,28.01,None,TIME_CLOSE_EXIT,148.71,3.0,446.12,0.98,0.03,0.32,-0.11,-0.07,-0.31,0.36,0.45,0.8,-1.12,9912.64,1.26,,2026-08-18
676,2026-08-18 06:15:00+00:00,XRPUSDT,LONG,REJECTED,HIGH_RISK__HIGH_QUAL__LOW_PROFIT,0.66,R:R Hurdle Failure: R:R = 0.66 < 1.00,SHADOW_TIME_CLOSE_EXIT,0.0,0.0,0.0,0.4,0.6,0.15,-0.31,-0.48,0.0,0.0,0.0,0.0,0.0,9912.64,1.26,-0.52,2026-08-18
677,2026-08-18 06:30:00+00:00,ETHUSDT,LONG,EXECUTED,LOW_RISK__LOW_QUAL__HIGH_PROFIT,1.14,None,TIME_CLOSE_EXIT,49.56,5.0,247.82,0.62,0.54,0.08,-0.28,-0.44,-1.09,0.2,0.25,0.45,-1.54,9911.1,1.28,,2026-08-18
678,2026-08-18 08:00:00+00:00,BTCUSDT,SHORT,REJECTED,LOW_RISK__HIGH_QUAL__LOW_PROFIT,0.83,R:R Hurdle Failure: R:R = 0.83 < 1.00,SHADOW_TIME_CLOSE_EXIT,0.0,0.0,0.0,0.27,0.33,0.11,-0.08,-0.2,0.0,0.0,0.0,0.0,0.0,9911.1,1.28,-2.82,2026-08-18
679,2026-08-18 08:15:00+00:00,XRPUSDT,SHORT,EXECUTED,LOW_RISK__LOW_QUAL__LOW_PROFIT,2.49,None,TIME_CLOSE_EXIT,49.56,5.0,247.78,0.59,0.23,0.15,-0.09,0.0,0.0,0.2,0.25,0.45,-0.45,9910.65,1.28,,2026-08-18
680,2026-08-18 08:15:00+00:00,ETHUSDT,SHORT,EXECUTED,LOW_RISK__HIGH_QUAL__HIGH_PROFIT,1.29,None,TIME_CLOSE_EXIT,148.66,5.0,743.3,0.32,0.25,0.03,-0.14,0.0,0.0,0.59,0.74,1.34,-1.34,9909.32,1.3,,2026-08-18
681,2026-08-18 08:30:00+00:00,XRPUSDT,LONG,EXECUTED,HIGH_RISK__HIGH_QUAL__LOW_PROFIT,1.65,None,TIME_CLOSE_EXIT,52.02,1.5,78.04,0.47,0.28,0.08,-0.16,-0.04,-0.03,0.06,0.08,0.14,-0.17,9909.14,1.3,,2026-08-18
682,2026-08-18 08:30:00+00:00,ETHUSDT,LONG,EXECUTED,LOW_RISK__LOW_QUAL__HIGH_PROFIT,3.06,None,TIME_CLOSE_EXIT,49.55,5.0,247.73,0.59,0.19,0.1,-0.14,-0.05,-0.12,0.2,0.25,0.45,-0.57,9908.58,1.3,,2026-08-18
683,2026-08-18 08:45:00+00:00,BTCUSDT,LONG,EXECUTED,HIGH_RISK__HIGH_QUAL__HIGH_PROFIT,4.02,None,TIME_CLOSE_EXIT,148.63,3.0,445.89,0.68,0.17,0.0,-0.08,-0.08,-0.36,0.36,0.45,0.8,-1.16,9907.42,1.32,,2026-08-18
684,2026-08-18 09:15:00+00:00,ETHUSDT,SHORT,REJECTED,LOW_RISK__HIGH_QUAL__HIGH_PROFIT,0.88,R:R Hurdle Failure: R:R = 0.88 < 1.00,SHADOW_TIME_CLOSE_EXIT,0.0,0.0,0.0,0.33,0.37,0.06,-0.15,-0.09,0.0,0.0,0.0,0.0,0.0,9907.42,1.32,-2.01,2026-08-18
685,2026-08-18 09:15:00+00:00,BTCUSDT,SHORT,REJECTED,LOW_RISK__HIGH_QUAL__LOW_PROFIT,0.91,R:R Hurdle Failure: R:R = 0.91 < 1.00,SHADOW_TIME_CLOSE_EXIT,0.0,0.0,0.0,0.28,0.31,0.06,-0.13,-0.25,0.0,0.0,0.0,0.0,0.0,9907.42,1.32,-3.2,2026-08-18
686,2026-08-18 09:15:00+00:00,XRPUSDT,SHORT,EXECUTED,LOW_RISK__LOW_QUAL__LOW_PROFIT,2.11,None,TIME_CLOSE_EXIT,49.54,5.0,247.69,0.63,0.3,0.04,-0.2,-0.11,-0.27,0.2,0.25,0.45,-0.72,9906.7,1.32,,2026-08-18
687,2026-08-18 10:15:00+00:00,SOLUSDT,SHORT,REJECTED,LOW_RISK__HIGH_QUAL__LOW_PROFIT,0.79,R:R Hurdle Failure: R:R = 0.79 < 1.00,SHADOW_TIME_CLOSE_EXIT,0.0,0.0,0.0,0.41,0.52,0.03,-0.16,-0.03,0.0,0.0,0.0,0.0,0.0,9906.7,1.32,-1.56,2026-08-18
688,2026-08-18 10:30:00+00:00,DOGEUSDT,LONG,EXECUTED,LOW_RISK__HIGH_QUAL__LOW_PROFIT,1.03,None,TIME_CLOSE_EXIT,148.6,5.0,743.0,0.35,0.34,0.11,-0.09,-0.09,-0.67,0.59,0.74,1.34,-2.01,9904.69,1.34,,2026-08-18
689,2026-08-18 11:00:00+00:00,ETHUSDT,LONG,EXECUTED,LOW_RISK__LOW_QUAL__LOW_PROFIT,1.37,None,TIME_CLOSE_EXIT,49.52,5.0,247.62,0.56,0.41,0.19,-0.23,-0.2,-0.5,0.2,0.25,0.45,-0.94,9903.75,1.35,,2026-08-18
690,2026-08-18 11:00:00+00:00,SOLUSDT,LONG,EXECUTED,HIGH_RISK__HIGH_QUAL__HIGH_PROFIT,4.18,None,TIME_CLOSE_EXIT,148.56,3.0,445.67,2.04,0.49,1.76,-0.32,1.08,4.81,0.36,0.45,0.8,4.01,9907.76,1.31,,2026-08-18
691,2026-08-18 11:00:00+00:00,XRPUSDT,LONG,EXECUTED,HIGH_RISK__HIGH_QUAL__LOW_PROFIT,1.14,None,TAKE_PROFIT_HIT,52.02,1.5,78.02,0.43,0.38,0.91,-0.17,0.43,0.34,0.06,0.08,0.14,0.2,9907.96,1.31,,2026-08-18
692,2026-08-18 11:15:00+00:00,BTCUSDT,LONG,EXECUTED,HIGH_RISK__HIGH_QUAL__HIGH_PROFIT,2.4,None,TIME_CLOSE_EXIT,148.62,3.0,445.86,0.97,0.4,0.04,-0.08,-0.28,-1.25,0.36,0.45,0.8,-2.05,9905.91,1.33,,2026-08-18
693,2026-08-18 12:45:00+00:00,DOGEUSDT,SHORT,REJECTED,HIGH_RISK__HIGH_QUAL__HIGH_PROFIT,0.53,R:R Hurdle Failure: R:R = 0.53 < 1.00,SHADOW_TIME_CLOSE_EXIT,0.0,0.0,0.0,0.2,0.37,0.13,-0.11,0.04,0.0,0.0,0.0,0.0,0.0,9905.91,1.33,-0.62,2026-08-18
694,2026-08-18 13:15:00+00:00,BTCUSDT,SHORT,REJECTED,LOW_RISK__HIGH_QUAL__HIGH_PROFIT,0.57,R:R Hurdle Failure: R:R = 0.57 < 1.00,SHADOW_TIME_CLOSE_EXIT,0.0,0.0,0.0,0.4,0.7,0.07,-0.28,-0.29,0.0,0.0,0.0,0.0,0.0,9905.91,1.33,-3.49,2026-08-18
695,2026-08-18 13:15:00+00:00,ETHUSDT,SHORT,REJECTED,LOW_RISK__LOW_QUAL__HIGH_PROFIT,0.54,R:R Hurdle Failure: R:R = 0.54 < 1.00,SHADOW_TIME_CLOSE_EXIT,0.0,0.0,0.0,0.26,0.48,0.09,-0.22,-0.11,0.0,0.0,0.0,0.0,0.0,9905.91,1.33,-0.72,2026-08-18
696,2026-08-18 14:15:00+00:00,BTCUSDT,LONG,EXECUTED,HIGH_RISK__HIGH_QUAL__HIGH_PROFIT,1.98,None,TIME_CLOSE_EXIT,148.59,3.0,445.77,2.27,1.15,0.1,-1.13,-0.54,-2.41,0.36,0.45,0.8,-3.21,9902.7,1.36,,2026-08-18
697,2026-08-18 14:15:00+00:00,ETHUSDT,LONG,EXECUTED,HIGH_RISK__LOW_QUAL__HIGH_PROFIT,1.21,None,TIME_CLOSE_EXIT,17.33,1.5,25.99,1.58,1.3,0.26,-1.09,-0.24,-0.06,0.02,0.03,0.05,-0.11,9902.59,1.36,,2026-08-18
698,2026-08-18 14:15:00+00:00,DOGEUSDT,LONG,REJECTED,HIGH_RISK__HIGH_QUAL__LOW_PROFIT,0.79,R:R Hurdle Failure: R:R = 0.79 < 1.00,SHADOW_TIME_CLOSE_EXIT,0.0,0.0,0.0,0.86,1.08,0.28,-0.8,-0.16,0.0,0.0,0.0,0.0,0.0,9902.59,1.36,-0.27,2026-08-18
699,2026-08-18 20:00:00+00:00,BTCUSDT,SHORT,EXECUTED,LOW_RISK__HIGH_QUAL__LOW_PROFIT,1.62,None,TIME_CLOSE_EXIT,148.54,5.0,742.69,0.3,0.19,0.14,0.0,-0.07,-0.52,0.59,0.74,1.34,-1.86,9900.73,1.38,,2026-08-18
700,2026-08-18 20:30:00+00:00,XRPUSDT,SHORT,EXECUTED,LOW_RISK__LOW_QUAL__LOW_PROFIT,2.54,None,TIME_CLOSE_EXIT,49.5,5.0,247.52,0.62,0.24,0.15,-0.23,-0.03,-0.07,0.2,0.25,0.45,-0.52,9900.21,1.39,,2026-08-18
701,2026-08-18 21:00:00+00:00,SOLUSDT,SHORT,REJECTED,LOW_RISK__HIGH_QUAL__LOW_PROFIT,0.68,R:R Hurdle Failure: R:R = 0.68 < 1.00,SHADOW_TIME_CLOSE_EXIT,0.0,0.0,0.0,0.28,0.41,0.16,-0.27,0.08,0.0,0.0,0.0,0.0,0.0,9900.21,1.39,-0.74,2026-08-18
702,2026-08-18 21:00:00+00:00,DOGEUSDT,SHORT,REJECTED,HIGH_RISK__HIGH_QUAL__HIGH_PROFIT,0.87,R:R Hurdle Failure: R:R = 0.87 < 1.00,SHADOW_TAKE_PROFIT_HIT,0.0,0.0,0.0,0.26,0.3,0.54,-0.09,0.26,0.0,0.0,0.0,0.0,0.0,9900.21,1.39,0.36,2026-08-18
703,2026-08-18 21:15:00+00:00,ETHUSDT,SHORT,REJECTED,LOW_RISK__LOW_QUAL__HIGH_PROFIT,0.65,R:R Hurdle Failure: R:R = 0.65 < 1.00,SHADOW_TAKE_PROFIT_HIT,0.0,0.0,0.0,0.12,0.18,0.13,-0.04,0.12,0.0,0.0,0.0,0.0,0.0,9900.21,1.39,-0.15,2026-08-18
704,2026-08-18 23:00:00+00:00,XRPUSDT,LONG,EXECUTED,HIGH_RISK__HIGH_QUAL__LOW_PROFIT,1.04,None,TIME_CLOSE_EXIT,51.98,1.5,77.96,0.4,0.38,0.09,-0.23,-0.08,-0.06,0.06,0.08,0.14,-0.2,9900.01,1.39,,2026-08-18
705,2026-08-18 23:00:00+00:00,ETHUSDT,LONG,EXECUTED,LOW_RISK__LOW_QUAL__LOW_PROFIT,1.8,None,TIME_CLOSE_EXIT,49.5,5.0,247.5,0.7,0.39,0.18,-0.19,-0.14,-0.35,0.2,0.25,0.45,-0.79,9899.22,1.4,,2026-08-18
706,2026-08-18 23:00:00+00:00,SOLUSDT,LONG,EXECUTED,HIGH_RISK__HIGH_QUAL__HIGH_PROFIT,4.43,None,TIME_CLOSE_EXIT,148.49,3.0,445.46,1.55,0.35,0.17,-0.21,-0.06,-0.27,0.36,0.45,0.8,-1.07,9898.15,1.41,,2026-08-18
707,2026-08-18 23:15:00+00:00,BTCUSDT,LONG,EXECUTED,HIGH_RISK__HIGH_QUAL__HIGH_PROFIT,5.66,None,TIME_CLOSE_EXIT,148.47,3.0,445.42,0.84,0.15,0.09,-0.04,-0.22,-0.98,0.36,0.45,0.8,-1.78,9896.37,1.43,,2026-08-18
708,2026-08-19 00:00:00+00:00,SOLUSDT,SHORT,REJECTED,LOW_RISK__HIGH_QUAL__LOW_PROFIT,0.61,R:R Hurdle Failure: R:R = 0.61 < 1.00,SHADOW_TAKE_PROFIT_HIT,0.0,0.0,0.0,0.31,0.51,0.33,-0.3,0.31,0.0,0.0,0.0,0.0,0.0,9896.37,1.43,0.99,2026-08-19
709,2026-08-19 00:00:00+00:00,XRPUSDT,SHORT,EXECUTED,LOW_RISK__LOW_QUAL__LOW_PROFIT,1.72,None,TIME_CLOSE_EXIT,49.48,5.0,247.41,0.77,0.45,0.26,-0.36,-0.21,-0.52,0.2,0.25,0.45,-0.96,9895.4,1.44,,2026-08-19
710,2026-08-19 00:15:00+00:00,BTCUSDT,SHORT,EXECUTED,LOW_RISK__HIGH_QUAL__HIGH_PROFIT,2.04,None,TAKE_PROFIT_HIT,148.43,5.0,742.16,0.34,0.17,0.68,-0.1,0.34,2.52,0.59,0.74,1.34,1.19,9896.59,1.42,,2026-08-19
711,2026-08-19 01:45:00+00:00,ETHUSDT,SHORT,EXECUTED,LOW_RISK__HIGH_QUAL__HIGH_PROFIT,3.11,None,TIME_CLOSE_EXIT,148.45,5.0,742.24,0.44,0.14,0.4,-0.1,0.08,0.59,0.59,0.74,1.34,-0.74,9895.85,1.43,,2026-08-19
712,2026-08-19 03:30:00+00:00,XRPUSDT,LONG,EXECUTED,HIGH_RISK__HIGH_QUAL__LOW_PROFIT,1.29,None,TAKE_PROFIT_HIT,51.95,1.5,77.93,0.38,0.29,13.54,-0.17,0.38,0.29,0.06,0.08,0.14,0.15,9896.0,1.43,,2026-08-19
713,2026-08-19 03:45:00+00:00,SOLUSDT,LONG,EXECUTED,HIGH_RISK__HIGH_QUAL__HIGH_PROFIT,9.96,None,TIME_CLOSE_EXIT,148.44,3.0,445.32,1.65,0.17,0.18,-0.06,-0.06,-0.27,0.36,0.45,0.8,-1.07,9894.93,1.44,,2026-08-19
714,2026-08-19 05:30:00+00:00,SOLUSDT,SHORT,REJECTED,LOW_RISK__HIGH_QUAL__LOW_PROFIT,0.16,R:R Hurdle Failure: R:R = 0.16 < 1.00,SHADOW_TAKE_PROFIT_HIT,0.0,0.0,0.0,0.05,0.29,0.34,-0.12,0.05,0.0,0.0,0.0,0.0,0.0,9894.93,1.44,-0.98,2026-08-19
715,2026-08-19 06:45:00+00:00,ETHUSDT,LONG,EXECUTED,LOW_RISK__LOW_QUAL__HIGH_PROFIT,2.48,None,TAKE_PROFIT_HIT,49.47,5.0,247.37,1.21,0.49,21.69,-0.29,1.21,2.99,0.2,0.25,0.45,2.54,9897.47,1.41,,2026-08-19
716,2026-08-19 06:45:00+00:00,SOLUSDT,LONG,EXECUTED,HIGH_RISK__HIGH_QUAL__HIGH_PROFIT,5.44,None,TAKE_PROFIT_HIT,148.46,3.0,445.39,1.91,0.35,13.16,-0.19,1.91,8.5,0.36,0.45,0.8,7.7,9905.17,1.34,,2026-08-19
717,2026-08-19 06:45:00+00:00,DOGEUSDT,LONG,REJECTED,HIGH_RISK__HIGH_QUAL__LOW_PROFIT,0.94,R:R Hurdle Failure: R:R = 0.94 < 1.00,SHADOW_TIME_CLOSE_EXIT,0.0,0.0,0.0,0.42,0.45,0.19,-0.09,-0.1,0.0,0.0,0.0,0.0,0.0,9905.17,1.34,-0.22,2026-08-19
718,2026-08-19 07:45:00+00:00,DOGEUSDT,SHORT,EXECUTED,HIGH_RISK__HIGH_QUAL__HIGH_PROFIT,1.67,None,TIME_CLOSE_EXIT,148.58,3.0,445.73,0.62,0.37,0.07,-0.21,-0.21,-0.94,0.36,0.45,0.8,-1.74,9903.44,1.36,,2026-08-19
719,2026-08-19 08:30:00+00:00,BTCUSDT,LONG,EXECUTED,HIGH_RISK__HIGH_QUAL__HIGH_PROFIT,2.92,None,TAKE_PROFIT_HIT,148.55,3.0,445.65,1.0,0.34,8.61,-0.25,1.0,4.46,0.36,0.45,0.8,3.66,9907.09,1.32,,2026-08-19
720,2026-08-19 08:30:00+00:00,DOGEUSDT,LONG,REJECTED,HIGH_RISK__HIGH_QUAL__LOW_PROFIT,0.98,R:R Hurdle Failure: R:R = 0.98 < 1.00,SHADOW_TIME_CLOSE_EXIT,0.0,0.0,0.0,0.65,0.67,0.13,-0.21,-0.26,0.0,0.0,0.0,0.0,0.0,9907.09,1.32,-0.34,2026-08-19
721,2026-08-20 02:45:00+00:00,SOLUSDT,SHORT,REJECTED,HIGH_RISK__HIGH_QUAL__LOW_PROFIT,0.37,R:R Hurdle Failure: R:R = 0.37 < 1.00,SHADOW_TAKE_PROFIT_HIT,0.0,0.0,0.0,0.31,0.85,0.91,-0.11,0.31,0.0,0.0,0.0,0.0,0.0,9907.09,1.32,0.1,2026-08-20
722,2026-08-20 03:00:00+00:00,BTCUSDT,SHORT,REJECTED,HIGH_RISK__HIGH_QUAL__LOW_PROFIT,0.72,R:R Hurdle Failure: R:R = 0.72 < 1.00,SHADOW_TIME_CLOSE_EXIT,0.0,0.0,0.0,0.75,1.04,0.12,-0.46,-0.52,0.0,0.0,0.0,0.0,0.0,9907.09,1.32,-0.55,2026-08-20
723,2026-08-20 03:00:00+00:00,XRPUSDT,SHORT,REJECTED,HIGH_RISK__LOW_QUAL__LOW_PROFIT,0.83,Consensus Failure: HIGH_RISK + LOW_QUAL + LOW_PROFIT,SHADOW_TIME_CLOSE_EXIT,0.0,0.0,0.0,1.38,1.65,0.18,-0.96,-1.46,0.0,0.0,0.0,0.0,0.0,9907.09,1.32,-0.43,2026-08-20
724,2026-08-20 03:45:00+00:00,DOGEUSDT,SHORT,REJECTED,HIGH_RISK__LOW_QUAL__HIGH_PROFIT,0.4,R:R Hurdle Failure: R:R = 0.40 < 1.00,SHADOW_TIME_CLOSE_EXIT,0.0,0.0,0.0,0.53,1.32,0.47,-0.28,-0.6,0.0,0.0,0.0,0.0,0.0,9907.09,1.32,-0.2,2026-08-20
725,2026-08-20 04:45:00+00:00,BTCUSDT,LONG,EXECUTED,HIGH_RISK__HIGH_QUAL__HIGH_PROFIT,1.63,None,TAKE_PROFIT_HIT,148.61,3.0,445.82,0.76,0.46,14.4,-0.22,0.76,3.37,0.36,0.45,0.8,2.57,9909.66,1.29,,2026-08-20
726,2026-08-20 05:30:00+00:00,XRPUSDT,LONG,EXECUTED,HIGH_RISK__HIGH_QUAL__LOW_PROFIT,2.45,None,TAKE_PROFIT_HIT,52.03,1.5,78.04,2.06,0.84,21.55,-0.5,2.06,1.61,0.06,0.08,0.14,1.47,9911.13,1.28,,2026-08-20
727,2026-08-20 05:30:00+00:00,SOLUSDT,LONG,EXECUTED,HIGH_RISK__HIGH_QUAL__HIGH_PROFIT,4.97,None,TAKE_PROFIT_HIT,148.67,3.0,446.0,2.17,0.44,3.65,-0.35,2.17,9.69,0.36,0.45,0.8,8.89,9920.02,1.19,,2026-08-20
728,2026-08-20 06:00:00+00:00,ETHUSDT,SHORT,REJECTED,HIGH_RISK__HIGH_QUAL__HIGH_PROFIT,0.58,R:R Hurdle Failure: R:R = 0.58 < 1.00,SHADOW_TIME_CLOSE_EXIT,0.0,0.0,0.0,0.44,0.75,0.21,-0.23,-0.35,0.0,0.0,0.0,0.0,0.0,9920.02,1.19,-2.37,2026-08-20
729,2026-08-20 06:30:00+00:00,ETHUSDT,LONG,EXECUTED,HIGH_RISK__LOW_QUAL__HIGH_PROFIT,1.75,None,TAKE_PROFIT_HIT,17.36,1.5,26.04,1.52,0.87,2.56,-0.8,1.52,0.39,0.02,0.03,0.05,0.35,9920.37,1.19,,2026-08-20
730,2026-08-20 06:45:00+00:00,DOGEUSDT,LONG,EXECUTED,HIGH_RISK__HIGH_QUAL__LOW_PROFIT,2.55,None,TAKE_PROFIT_HIT,52.08,1.5,78.12,2.05,0.8,10.97,-0.39,2.05,1.6,0.06,0.08,0.14,1.46,9921.83,1.17,,2026-08-20
731,2026-08-20 13:30:00+00:00,SOLUSDT,SHORT,REJECTED,HIGH_RISK__HIGH_QUAL__LOW_PROFIT,0.76,R:R Hurdle Failure: R:R = 0.76 < 1.00,SHADOW_TIME_CLOSE_EXIT,0.0,0.0,0.0,0.95,1.25,0.7,-0.31,-0.09,0.0,0.0,0.0,0.0,0.0,9921.83,1.17,-0.21,2026-08-20
732,2026-08-20 14:00:00+00:00,ETHUSDT,SHORT,REJECTED,HIGH_RISK__HIGH_QUAL__HIGH_PROFIT,0.4,R:R Hurdle Failure: R:R = 0.40 < 1.00,SHADOW_TAKE_PROFIT_HIT,0.0,0.0,0.0,0.32,0.79,0.43,-0.35,0.32,0.0,0.0,0.0,0.0,0.0,9921.83,1.17,0.61,2026-08-20
733,2026-08-20 15:00:00+00:00,ETHUSDT,LONG,EXECUTED,HIGH_RISK__LOW_QUAL__HIGH_PROFIT,1.23,None,TAKE_PROFIT_HIT,17.36,1.5,26.04,1.62,1.32,2.71,-0.72,1.62,0.42,0.02,0.03,0.05,0.38,9922.2,1.17,,2026-08-20
734,2026-08-20 15:45:00+00:00,SOLUSDT,LONG,EXECUTED,HIGH_RISK__HIGH_QUAL__HIGH_PROFIT,3.06,None,TIME_CLOSE_EXIT,148.83,3.0,446.5,2.89,0.94,0.64,-0.68,-0.58,-2.59,0.36,0.45,0.8,-3.39,9918.81,1.2,,2026-08-20
735,2026-08-20 18:45:00+00:00,SOLUSDT,SHORT,REJECTED,HIGH_RISK__HIGH_QUAL__LOW_PROFIT,0.58,R:R Hurdle Failure: R:R = 0.58 < 1.00,SHADOW_TIME_CLOSE_EXIT,0.0,0.0,0.0,0.53,0.9,0.02,-0.6,-0.37,0.0,0.0,0.0,0.0,0.0,9918.81,1.2,-0.43,2026-08-20
736,2026-08-20 19:00:00+00:00,XRPUSDT,SHORT,REJECTED,HIGH_RISK__LOW_QUAL__HIGH_PROFIT,0.74,R:R Hurdle Failure: R:R = 0.74 < 1.00,SHADOW_TIME_CLOSE_EXIT,0.0,0.0,0.0,2.11,2.84,0.42,-1.18,-3.19,0.0,0.0,0.0,0.0,0.0,9918.81,1.2,-0.88,2026-08-20
737,2026-08-20 19:15:00+00:00,SOLUSDT,LONG,EXECUTED,HIGH_RISK__LOW_QUAL__HIGH_PROFIT,5.49,None,TAKE_PROFIT_HIT,17.36,1.5,26.04,2.32,0.42,6.96,-0.24,2.32,0.6,0.02,0.03,0.05,0.56,9919.37,1.2,,2026-08-20
738,2026-08-20 19:30:00+00:00,DOGEUSDT,SHORT,REJECTED,HIGH_RISK__LOW_QUAL__HIGH_PROFIT,0.5,R:R Hurdle Failure: R:R = 0.50 < 1.00,SHADOW_TAKE_PROFIT_HIT,0.0,0.0,0.0,0.83,1.66,1.1,-0.83,0.83,0.0,0.0,0.0,0.0,0.0,9919.37,1.2,0.17,2026-08-20
739,2026-08-20 21:00:00+00:00,ETHUSDT,SHORT,REJECTED,LOW_RISK__HIGH_QUAL__HIGH_PROFIT,0.4,R:R Hurdle Failure: R:R = 0.40 < 1.00,SHADOW_TAKE_PROFIT_HIT,0.0,0.0,0.0,0.23,0.58,0.66,-0.16,0.23,0.0,0.0,0.0,0.0,0.0,9919.37,1.2,0.37,2026-08-20
740,2026-08-20 21:45:00+00:00,XRPUSDT,LONG,REJECTED,HIGH_RISK__LOW_QUAL__LOW_PROFIT,1.85,Consensus Failure: HIGH_RISK + LOW_QUAL + LOW_PROFIT,SHADOW_TAKE_PROFIT_HIT,0.0,0.0,0.0,2.75,1.49,13.68,-0.34,2.75,0.0,0.0,0.0,0.0,0.0,9919.37,1.2,0.67,2026-08-20
741,2026-08-20 23:15:00+00:00,ETHUSDT,LONG,EXECUTED,HIGH_RISK__LOW_QUAL__HIGH_PROFIT,1.77,None,TAKE_PROFIT_HIT,17.36,1.5,26.04,1.54,0.87,5.0,-0.41,1.54,0.4,0.02,0.03,0.05,0.35,9919.72,1.19,,2026-08-20
742,2026-08-20 23:45:00+00:00,DOGEUSDT,LONG,EXECUTED,HIGH_RISK__HIGH_QUAL__LOW_PROFIT,2.76,None,TAKE_PROFIT_HIT,52.08,1.5,78.12,2.82,1.02,6.59,-0.35,2.82,2.2,0.06,0.08,0.14,2.06,9921.78,1.17,,2026-08-20
743,2026-08-21 11:30:00+00:00,ETHUSDT,SHORT,REJECTED,HIGH_RISK__HIGH_QUAL__HIGH_PROFIT,0.56,R:R Hurdle Failure: R:R = 0.56 < 1.00,SHADOW_TIME_CLOSE_EXIT,0.0,0.0,0.0,0.81,1.44,0.71,-0.53,-0.53,0.0,0.0,0.0,0.0,0.0,9921.78,1.17,-3.17,2026-08-21
744,2026-08-21 11:45:00+00:00,DOGEUSDT,SHORT,REJECTED,HIGH_RISK__LOW_QUAL__HIGH_PROFIT,0.34,R:R Hurdle Failure: R:R = 0.34 < 1.00,SHADOW_TIME_CLOSE_EXIT,0.0,0.0,0.0,0.66,1.94,0.52,-0.49,-0.59,0.0,0.0,0.0,0.0,0.0,9921.78,1.17,-0.2,2026-08-21
745,2026-08-21 11:45:00+00:00,SOLUSDT,SHORT,REJECTED,HIGH_RISK__HIGH_QUAL__HIGH_PROFIT,0.43,R:R Hurdle Failure: R:R = 0.43 < 1.00,SHADOW_TIME_CLOSE_EXIT,0.0,0.0,0.0,0.81,1.88,0.56,-0.95,-0.72,0.0,0.0,0.0,0.0,0.0,9921.78,1.17,-4.02,2026-08-21
746,2026-08-21 12:15:00+00:00,BTCUSDT,SHORT,REJECTED,HIGH_RISK__HIGH_QUAL__LOW_PROFIT,0.53,R:R Hurdle Failure: R:R = 0.53 < 1.00,SHADOW_TIME_CLOSE_EXIT,0.0,0.0,0.0,0.91,1.74,0.57,-1.04,-0.82,0.0,0.0,0.0,0.0,0.0,9921.78,1.17,-0.78,2026-08-21
747,2026-08-21 13:30:00+00:00,ETHUSDT,LONG,EXECUTED,HIGH_RISK__LOW_QUAL__HIGH_PROFIT,1.95,None,TIME_CLOSE_EXIT,17.36,1.5,26.04,1.78,0.91,0.46,-1.14,-0.32,-0.08,0.02,0.03,0.05,-0.13,9921.65,1.17,,2026-08-21
748,2026-08-21 13:30:00+00:00,DOGEUSDT,LONG,EXECUTED,HIGH_RISK__HIGH_QUAL__LOW_PROFIT,1.88,None,TIME_CLOSE_EXIT,52.09,1.5,78.13,2.43,1.29,0.4,-1.61,-0.06,-0.05,0.06,0.08,0.14,-0.19,9921.47,1.18,,2026-08-21
749,2026-08-21 13:45:00+00:00,BTCUSDT,LONG,EXECUTED,HIGH_RISK__HIGH_QUAL__HIGH_PROFIT,1.06,None,TIME_CLOSE_EXIT,148.82,3.0,446.47,0.86,0.81,0.56,-0.19,0.0,0.0,0.36,0.45,0.8,-0.8,9920.66,1.18,,2026-08-21
750,2026-08-21 14:00:00+00:00,ETHUSDT,SHORT,REJECTED,HIGH_RISK__HIGH_QUAL__HIGH_PROFIT,0.48,R:R Hurdle Failure: R:R = 0.48 < 1.00,SHADOW_TIME_CLOSE_EXIT,0.0,0.0,0.0,0.54,1.14,0.22,-0.35,0.0,0.0,0.0,0.0,0.0,0.0,9920.66,1.18,-0.8,2026-08-21
751,2026-08-21 14:00:00+00:00,DOGEUSDT,SHORT,REJECTED,HIGH_RISK__LOW_QUAL__HIGH_PROFIT,0.27,R:R Hurdle Failure: R:R = 0.27 < 1.00,SHADOW_TAKE_PROFIT_HIT,0.0,0.0,0.0,0.45,1.67,0.65,-0.74,0.45,0.0,0.0,0.0,0.0,0.0,9920.66,1.18,0.07,2026-08-21
752,2026-08-21 14:00:00+00:00,BTCUSDT,SHORT,REJECTED,HIGH_RISK__HIGH_QUAL__LOW_PROFIT,0.61,R:R Hurdle Failure: R:R = 0.61 < 1.00,SHADOW_TIME_CLOSE_EXIT,0.0,0.0,0.0,0.88,1.44,0.28,-0.66,-0.81,0.0,0.0,0.0,0.0,0.0,9920.66,1.18,-0.77,2026-08-21
753,2026-08-21 14:15:00+00:00,SOLUSDT,LONG,EXECUTED,HIGH_RISK__LOW_QUAL__HIGH_PROFIT,3.21,None,TIME_CLOSE_EXIT,17.36,1.5,26.04,2.82,0.88,0.92,-0.6,0.01,0.0,0.02,0.03,0.05,-0.04,9920.62,1.18,,2026-08-21
754,2026-08-21 14:15:00+00:00,ETHUSDT,LONG,EXECUTED,HIGH_RISK__LOW_QUAL__HIGH_PROFIT,2.31,None,TIME_CLOSE_EXIT,17.36,1.5,26.04,1.73,0.75,0.0,-0.95,0.0,0.0,0.02,0.03,0.05,-0.05,9920.57,1.18,,2026-08-21
755,2026-08-21 14:30:00+00:00,DOGEUSDT,LONG,EXECUTED,HIGH_RISK__HIGH_QUAL__LOW_PROFIT,1.89,None,TAKE_PROFIT_HIT,52.08,1.5,78.12,2.25,1.19,20.01,-0.67,2.25,1.76,0.06,0.08,0.14,1.62,9922.19,1.17,,2026-08-21
756,2026-08-21 14:30:00+00:00,ETHUSDT,SHORT,REJECTED,HIGH_RISK__HIGH_QUAL__HIGH_PROFIT,0.48,R:R Hurdle Failure: R:R = 0.48 < 1.00,SHADOW_TIME_CLOSE_EXIT,0.0,0.0,0.0,0.43,0.89,0.38,-0.49,0.0,0.0,0.0,0.0,0.0,0.0,9922.19,1.17,-0.8,2026-08-21
757,2026-08-21 14:45:00+00:00,ETHUSDT,LONG,EXECUTED,HIGH_RISK__LOW_QUAL__HIGH_PROFIT,2.22,None,TAKE_PROFIT_HIT,17.36,1.5,26.05,1.88,0.85,6.4,-0.4,1.88,0.49,0.02,0.03,0.05,0.44,9922.63,1.16,,2026-08-21
758,2026-08-21 15:00:00+00:00,BTCUSDT,LONG,REJECTED,HIGH_RISK__HIGH_QUAL__HIGH_PROFIT,0.77,R:R Hurdle Failure: R:R = 0.77 < 1.00,SHADOW_TIME_CLOSE_EXIT,0.0,0.0,0.0,1.09,1.41,0.22,-0.48,-0.41,0.0,0.0,0.0,0.0,0.0,9922.63,1.16,-2.63,2026-08-21
759,2026-08-21 17:30:00+00:00,XRPUSDT,SHORT,REJECTED,HIGH_RISK__LOW_QUAL__HIGH_PROFIT,0.62,R:R Hurdle Failure: R:R = 0.62 < 1.00,SHADOW_TAKE_PROFIT_HIT,0.0,0.0,0.0,1.25,2.03,1.36,-1.38,1.25,0.0,0.0,0.0,0.0,0.0,9922.63,1.16,0.28,2026-08-21
760,2026-08-21 18:30:00+00:00,BTCUSDT,SHORT,REJECTED,HIGH_RISK__HIGH_QUAL__LOW_PROFIT,0.67,R:R Hurdle Failure: R:R = 0.67 < 1.00,SHADOW_TIME_CLOSE_EXIT,0.0,0.0,0.0,0.74,1.1,0.39,-0.67,-0.71,0.0,0.0,0.0,0.0,0.0,9922.63,1.16,-0.7,2026-08-21
761,2026-08-21 19:30:00+00:00,SOLUSDT,SHORT,REJECTED,HIGH_RISK__HIGH_QUAL__HIGH_PROFIT,0.37,R:R Hurdle Failure: R:R = 0.37 < 1.00,SHADOW_TIME_CLOSE_EXIT,0.0,0.0,0.0,0.62,1.66,0.29,-0.58,-1.06,0.0,0.0,0.0,0.0,0.0,9922.63,1.16,-5.54,2026-08-21
762,2026-08-21 20:30:00+00:00,BTCUSDT,LONG,EXECUTED,HIGH_RISK__HIGH_QUAL__HIGH_PROFIT,1.6,None,TAKE_PROFIT_HIT,148.84,3.0,446.52,1.08,0.68,1.66,-0.2,1.08,4.84,0.36,0.45,0.8,4.03,9926.66,1.12,,2026-08-21
763,2026-08-21 20:30:00+00:00,SOLUSDT,LONG,EXECUTED,HIGH_RISK__LOW_QUAL__HIGH_PROFIT,4.34,None,TAKE_PROFIT_HIT,17.37,1.5,26.06,3.16,0.73,11.84,-0.34,3.16,0.82,0.02,0.03,0.05,0.78,9927.44,1.12,,2026-08-21
764,2026-08-21 21:30:00+00:00,XRPUSDT,LONG,REJECTED,HIGH_RISK__LOW_QUAL__LOW_PROFIT,1.95,Consensus Failure: HIGH_RISK + LOW_QUAL + LOW_PROFIT,SHADOW_TAKE_PROFIT_HIT,0.0,0.0,0.0,3.84,1.97,20.92,-1.98,3.84,0.0,0.0,0.0,0.0,0.0,9927.44,1.12,0.95,2026-08-21
765,2026-08-22 01:30:00+00:00,BTCUSDT,SHORT,REJECTED,LOW_RISK__HIGH_QUAL__LOW_PROFIT,0.93,R:R Hurdle Failure: R:R = 0.93 < 1.00,SHADOW_TIME_CLOSE_EXIT,0.0,0.0,0.0,0.45,0.48,0.17,-0.4,-0.17,0.0,0.0,0.0,0.0,0.0,9927.44,1.12,-2.61,2026-08-22
766,2026-08-22 02:15:00+00:00,BTCUSDT,LONG,EXECUTED,HIGH_RISK__HIGH_QUAL__HIGH_PROFIT,1.32,None,TIME_CLOSE_EXIT,148.91,3.0,446.73,0.99,0.75,0.55,-0.45,0.09,0.4,0.36,0.45,0.8,-0.4,9927.03,1.12,,2026-08-22
767,2026-08-22 05:00:00+00:00,BTCUSDT,SHORT,REJECTED,HIGH_RISK__HIGH_QUAL__LOW_PROFIT,0.49,R:R Hurdle Failure: R:R = 0.49 < 1.00,SHADOW_TAKE_PROFIT_HIT,0.0,0.0,0.0,0.99,2.03,1.08,-1.61,0.99,0.0,0.0,0.0,0.0,0.0,9927.03,1.12,0.63,2026-08-22
768,2026-08-22 05:00:00+00:00,ETHUSDT,SHORT,REJECTED,HIGH_RISK__HIGH_QUAL__HIGH_PROFIT,0.58,R:R Hurdle Failure: R:R = 0.58 < 1.00,SHADOW_TAKE_PROFIT_HIT,0.0,0.0,0.0,1.55,2.7,2.46,-2.99,1.55,0.0,0.0,0.0,0.0,0.0,9927.03,1.12,6.14,2026-08-22
769,2026-08-22 05:30:00+00:00,DOGEUSDT,SHORT,REJECTED,HIGH_RISK__HIGH_QUAL__HIGH_PROFIT,0.84,R:R Hurdle Failure: R:R = 0.84 < 1.00,SHADOW_TAKE_PROFIT_HIT,0.0,0.0,0.0,2.5,2.97,2.82,-4.09,2.5,0.0,0.0,0.0,0.0,0.0,9927.03,1.12,10.38,2026-08-22
770,2026-08-22 05:45:00+00:00,SOLUSDT,SHORT,REJECTED,HIGH_RISK__HIGH_QUAL__HIGH_PROFIT,0.56,R:R Hurdle Failure: R:R = 0.56 < 1.00,SHADOW_TAKE_PROFIT_HIT,0.0,0.0,0.0,1.4,2.48,3.07,-1.37,1.4,0.0,0.0,0.0,0.0,0.0,9927.03,1.12,5.45,2026-08-22
771,2026-08-22 08:30:00+00:00,XRPUSDT,SHORT,EXECUTED,HIGH_RISK__HIGH_QUAL__HIGH_PROFIT,1.01,None,TAKE_PROFIT_HIT,148.91,3.0,446.72,2.9,2.88,6.26,-1.33,2.9,12.95,0.36,0.45,0.8,12.14,9939.18,1.0,,2026-08-22
772,2026-08-22 12:45:00+00:00,ETHUSDT,LONG,EXECUTED,HIGH_RISK__LOW_QUAL__HIGH_PROFIT,1.72,None,TIME_CLOSE_EXIT,17.39,1.5,26.09,0.93,0.54,0.21,-0.26,0.08,0.02,0.02,0.03,0.05,-0.03,9939.15,1.0,,2026-08-22
773,2026-08-22 12:45:00+00:00,BTCUSDT,LONG,EXECUTED,HIGH_RISK__HIGH_QUAL__HIGH_PROFIT,1.6,None,TIME_CLOSE_EXIT,149.09,3.0,447.26,0.82,0.52,0.11,-0.05,-0.17,-0.76,0.36,0.45,0.81,-1.57,9937.59,1.01,,2026-08-22
774,2026-08-22 12:45:00+00:00,SOLUSDT,LONG,EXECUTED,HIGH_RISK__LOW_QUAL__HIGH_PROFIT,2.59,None,TIME_CLOSE_EXIT,17.39,1.5,26.09,2.01,0.78,0.5,-0.31,0.04,0.01,0.02,0.03,0.05,-0.04,9937.55,1.02,,2026-08-22
775,2026-08-22 13:00:00+00:00,DOGEUSDT,LONG,EXECUTED,HIGH_RISK__HIGH_QUAL__LOW_PROFIT,1.56,None,TIME_CLOSE_EXIT,52.17,1.5,78.26,2.25,1.44,0.62,-0.22,-0.78,-0.61,0.06,0.08,0.14,-0.75,9936.8,1.02,,2026-08-22
776,2026-08-22 13:30:00+00:00,BTCUSDT,SHORT,REJECTED,LOW_RISK__HIGH_QUAL__LOW_PROFIT,0.43,R:R Hurdle Failure: R:R = 0.43 < 1.00,SHADOW_TIME_CLOSE_EXIT,0.0,0.0,0.0,0.19,0.44,0.04,-0.05,0.0,0.0,0.0,0.0,0.0,0.0,9936.8,1.02,-1.34,2026-08-22
777,2026-08-22 13:45:00+00:00,BTCUSDT,LONG,EXECUTED,HIGH_RISK__HIGH_QUAL__HIGH_PROFIT,1.62,None,TIME_CLOSE_EXIT,149.05,3.0,447.16,0.79,0.49,0.09,-0.18,0.0,0.0,0.36,0.45,0.8,-0.8,9935.99,1.03,,2026-08-22
778,2026-08-22 14:00:00+00:00,BTCUSDT,SHORT,REJECTED,LOW_RISK__HIGH_QUAL__LOW_PROFIT,0.48,R:R Hurdle Failure: R:R = 0.48 < 1.00,SHADOW_TIME_CLOSE_EXIT,0.0,0.0,0.0,0.33,0.68,0.19,-0.36,-0.22,0.0,0.0,0.0,0.0,0.0,9935.99,1.03,-2.98,2026-08-22
779,2026-08-22 14:00:00+00:00,ETHUSDT,SHORT,REJECTED,HIGH_RISK__HIGH_QUAL__HIGH_PROFIT,0.64,R:R Hurdle Failure: R:R = 0.64 < 1.00,SHADOW_TIME_CLOSE_EXIT,0.0,0.0,0.0,0.63,0.98,0.54,-0.53,-0.16,0.0,0.0,0.0,0.0,0.0,9935.99,1.03,-1.52,2026-08-22
780,2026-08-22 14:15:00+00:00,DOGEUSDT,SHORT,REJECTED,HIGH_RISK__LOW_QUAL__HIGH_PROFIT,0.56,R:R Hurdle Failure: R:R = 0.56 < 1.00,SHADOW_TAKE_PROFIT_HIT,0.0,0.0,0.0,0.72,1.27,1.39,-0.41,0.72,0.0,0.0,0.0,0.0,0.0,9935.99,1.03,0.14,2026-08-22
781,2026-08-22 14:30:00+00:00,SOLUSDT,SHORT,REJECTED,HIGH_RISK__HIGH_QUAL__HIGH_PROFIT,0.76,R:R Hurdle Failure: R:R = 0.76 < 1.00,SHADOW_TIME_CLOSE_EXIT,0.0,0.0,0.0,1.08,1.41,0.5,-0.8,-0.63,0.0,0.0,0.0,0.0,0.0,9935.99,1.03,-3.62,2026-08-22
782,2026-08-22 16:30:00+00:00,SOLUSDT,LONG,EXECUTED,HIGH_RISK__LOW_QUAL__HIGH_PROFIT,1.48,None,TIME_CLOSE_EXIT,17.39,1.5,26.08,2.16,1.46,0.32,-0.77,-1.05,-0.27,0.02,0.03,0.05,-0.32,9935.67,1.03,,2026-08-22
783,2026-08-22 16:30:00+00:00,DOGEUSDT,LONG,EXECUTED,HIGH_RISK__HIGH_QUAL__LOW_PROFIT,1.49,None,TAKE_PROFIT_HIT,52.16,1.5,78.24,2.76,1.85,3.87,-0.71,2.76,2.16,0.06,0.08,0.14,2.02,9937.69,1.01,,2026-08-22
784,2026-08-22 16:30:00+00:00,BTCUSDT,LONG,EXECUTED,HIGH_RISK__HIGH_QUAL__HIGH_PROFIT,1.01,None,TIME_CLOSE_EXIT,149.07,3.0,447.2,0.77,0.76,0.2,-0.32,-0.45,-2.01,0.36,0.45,0.8,-2.82,9934.87,1.04,,2026-08-22
785,2026-08-22 17:00:00+00:00,ETHUSDT,LONG,EXECUTED,HIGH_RISK__LOW_QUAL__HIGH_PROFIT,1.74,None,TAKE_PROFIT_HIT,17.39,1.5,26.08,0.77,0.45,0.85,-0.28,0.77,0.2,0.02,0.03,0.05,0.15,9935.03,1.04,,2026-08-22
786,2026-08-22 18:00:00+00:00,XRPUSDT,LONG,REJECTED,HIGH_RISK__LOW_QUAL__LOW_PROFIT,2.0,Consensus Failure: HIGH_RISK + LOW_QUAL + LOW_PROFIT,SHADOW_TIME_CLOSE_EXIT,0.0,0.0,0.0,2.69,1.35,2.3,-0.26,0.14,0.0,0.0,0.0,0.0,0.0,9935.03,1.04,-0.01,2026-08-22
787,2026-08-22 21:15:00+00:00,ETHUSDT,SHORT,EXECUTED,LOW_RISK__HIGH_QUAL__HIGH_PROFIT,1.19,None,TAKE_PROFIT_HIT,149.03,5.0,745.13,0.71,0.6,0.76,-0.04,0.71,5.31,0.6,0.75,1.34,3.97,9938.99,1.0,,2026-08-22
788,2026-08-22 21:15:00+00:00,BTCUSDT,SHORT,REJECTED,LOW_RISK__HIGH_QUAL__LOW_PROFIT,0.99,R:R Hurdle Failure: R:R = 0.99 < 1.00,SHADOW_TAKE_PROFIT_HIT,0.0,0.0,0.0,0.25,0.25,0.53,-0.03,0.25,0.0,0.0,0.0,0.0,0.0,9938.99,1.0,0.54,2026-08-22
789,2026-08-22 21:15:00+00:00,SOLUSDT,SHORT,REJECTED,HIGH_RISK__HIGH_QUAL__LOW_PROFIT,0.78,R:R Hurdle Failure: R:R = 0.78 < 1.00,SHADOW_TAKE_PROFIT_HIT,0.0,0.0,0.0,0.78,0.99,1.33,-0.13,0.78,0.0,0.0,0.0,0.0,0.0,9938.99,1.0,0.47,2026-08-22
790,2026-08-22 21:30:00+00:00,XRPUSDT,SHORT,REJECTED,HIGH_RISK__LOW_QUAL__HIGH_PROFIT,0.87,R:R Hurdle Failure: R:R = 0.87 < 1.00,SHADOW_TIME_CLOSE_EXIT,0.0,0.0,0.0,1.96,2.27,1.38,-1.25,-1.05,0.0,0.0,0.0,0.0,0.0,9938.99,1.0,-0.32,2026-08-22
791,2026-08-22 22:00:00+00:00,DOGEUSDT,SHORT,REJECTED,HIGH_RISK__LOW_QUAL__HIGH_PROFIT,0.92,R:R Hurdle Failure: R:R = 0.92 < 1.00,SHADOW_TAKE_PROFIT_HIT,0.0,0.0,0.0,1.37,1.49,1.44,-0.15,1.37,0.0,0.0,0.0,0.0,0.0,9938.99,1.0,0.31,2026-08-22
792,2026-08-23 00:30:00+00:00,SOLUSDT,LONG,REJECTED,HIGH_RISK__LOW_QUAL__HIGH_PROFIT,0.96,R:R Hurdle Failure: R:R = 0.96 < 1.00,SHADOW_TIME_CLOSE_EXIT,0.0,0.0,0.0,2.17,2.26,0.89,-2.14,-2.22,0.0,0.0,0.0,0.0,0.0,9938.99,1.0,-0.63,2026-08-23
793,2026-08-23 00:30:00+00:00,BTCUSDT,LONG,EXECUTED,HIGH_RISK__HIGH_QUAL__HIGH_PROFIT,3.52,None,TIME_CLOSE_EXIT,149.08,3.0,447.25,1.04,0.3,0.15,-0.14,-0.14,-0.63,0.36,0.45,0.81,-1.43,9937.56,1.02,,2026-08-23
794,2026-08-23 00:30:00+00:00,ETHUSDT,LONG,EXECUTED,HIGH_RISK__LOW_QUAL__HIGH_PROFIT,1.33,None,TIME_CLOSE_EXIT,17.39,1.5,26.09,0.55,0.41,0.33,-0.05,-0.17,-0.04,0.02,0.03,0.05,-0.09,9937.47,1.02,,2026-08-23
795,2026-08-23 00:45:00+00:00,DOGEUSDT,LONG,EXECUTED,HIGH_RISK__HIGH_QUAL__LOW_PROFIT,1.1,None,TIME_CLOSE_EXIT,52.17,1.5,78.26,2.0,1.82,0.43,-0.51,-2.41,-1.89,0.06,0.08,0.14,-2.03,9935.44,1.04,,2026-08-23
796,2026-08-23 00:45:00+00:00,XRPUSDT,LONG,REJECTED,HIGH_RISK__HIGH_QUAL__LOW_PROFIT,0.82,R:R Hurdle Failure: R:R = 0.82 < 1.00,SHADOW_TIME_CLOSE_EXIT,0.0,0.0,0.0,2.02,2.47,0.39,-2.45,-2.13,0.0,0.0,0.0,0.0,0.0,9935.44,1.04,-1.81,2026-08-23
797,2026-08-23 02:00:00+00:00,ETHUSDT,SHORT,REJECTED,HIGH_RISK__HIGH_QUAL__HIGH_PROFIT,0.77,R:R Hurdle Failure: R:R = 0.77 < 1.00,SHADOW_TAKE_PROFIT_HIT,0.0,0.0,0.0,0.58,0.76,2.41,-0.44,0.58,0.0,0.0,0.0,0.0,0.0,9935.44,1.04,1.79,2026-08-23
798,2026-08-23 02:15:00+00:00,DOGEUSDT,SHORT,EXECUTED,HIGH_RISK__LOW_QUAL__HIGH_PROFIT,1.17,None,TAKE_PROFIT_HIT,17.39,1.5,26.08,1.86,1.59,3.19,-1.08,1.86,0.49,0.02,0.03,0.05,0.44,9935.88,1.03,,2026-08-23
799,2026-08-23 02:45:00+00:00,BTCUSDT,SHORT,EXECUTED,LOW_RISK__HIGH_QUAL__LOW_PROFIT,1.23,None,TAKE_PROFIT_HIT,149.04,5.0,745.19,0.25,0.2,1.99,-0.2,0.25,1.85,0.6,0.75,1.34,0.5,9936.39,1.03,,2026-08-23
800,2026-08-23 03:15:00+00:00,XRPUSDT,SHORT,EXECUTED,HIGH_RISK__LOW_QUAL__HIGH_PROFIT,1.56,None,TAKE_PROFIT_HIT,17.39,1.5,26.08,1.95,1.25,2.77,-1.27,1.95,0.51,0.02,0.03,0.05,0.46,9936.85,1.02,,2026-08-23
801,2026-08-23 03:30:00+00:00,SOLUSDT,SHORT,REJECTED,HIGH_RISK__HIGH_QUAL__HIGH_PROFIT,0.68,R:R Hurdle Failure: R:R = 0.68 < 1.00,SHADOW_TAKE_PROFIT_HIT,0.0,0.0,0.0,1.23,1.8,2.06,-0.82,1.23,0.0,0.0,0.0,0.0,0.0,9936.85,1.02,4.71,2026-08-23
802,2026-08-23 08:15:00+00:00,ETHUSDT,LONG,EXECUTED,HIGH_RISK__LOW_QUAL__HIGH_PROFIT,1.74,None,TAKE_PROFIT_HIT,17.39,1.5,26.08,1.14,0.66,3.23,-0.7,1.14,0.3,0.02,0.03,0.05,0.25,9937.1,1.02,,2026-08-23
803,2026-08-23 08:15:00+00:00,XRPUSDT,LONG,EXECUTED,HIGH_RISK__HIGH_QUAL__LOW_PROFIT,1.48,None,TAKE_PROFIT_HIT,52.17,1.5,78.25,2.59,1.75,4.91,-0.72,2.59,2.03,0.06,0.08,0.14,1.89,9938.99,1.0,,2026-08-23
804,2026-08-23 08:30:00+00:00,DOGEUSDT,LONG,EXECUTED,HIGH_RISK__HIGH_QUAL__LOW_PROFIT,1.47,None,TAKE_PROFIT_HIT,52.18,1.5,78.27,2.26,1.53,3.46,-1.04,2.26,1.77,0.06,0.08,0.14,1.63,9940.61,0.98,,2026-08-23
805,2026-08-23 09:00:00+00:00,SOLUSDT,LONG,EXECUTED,HIGH_RISK__LOW_QUAL__HIGH_PROFIT,2.88,None,TAKE_PROFIT_HIT,17.4,1.5,26.09,2.36,0.82,2.79,-0.43,2.36,0.61,0.02,0.03,0.05,0.57,9941.18,0.98,,2026-08-23
806,2026-08-23 09:15:00+00:00,BTCUSDT,LONG,EXECUTED,HIGH_RISK__HIGH_QUAL__HIGH_PROFIT,1.37,None,TAKE_PROFIT_HIT,149.12,3.0,447.35,0.77,0.56,1.96,-0.12,0.77,3.45,0.36,0.45,0.81,2.65,9943.83,0.95,,2026-08-23
807,2026-08-23 16:15:00+00:00,DOGEUSDT,SHORT,REJECTED,HIGH_RISK__LOW_QUAL__HIGH_PROFIT,0.93,R:R Hurdle Failure: R:R = 0.93 < 1.00,SHADOW_TIME_CLOSE_EXIT,0.0,0.0,0.0,1.19,1.28,0.24,-0.85,-0.49,0.0,0.0,0.0,0.0,0.0,9943.83,0.95,-0.17,2026-08-23
808,2026-08-23 17:15:00+00:00,DOGEUSDT,LONG,EXECUTED,HIGH_RISK__HIGH_QUAL__LOW_PROFIT,2.43,None,TIME_CLOSE_EXIT,52.21,1.5,78.31,2.14,0.88,0.41,-0.64,-0.15,-0.12,0.06,0.08,0.14,-0.26,9943.57,0.96,,2026-08-23
809,2026-08-23 18:00:00+00:00,DOGEUSDT,LONG,EXECUTED,HIGH_RISK__HIGH_QUAL__LOW_PROFIT,1.81,None,TIME_CLOSE_EXIT,52.2,1.5,78.31,2.34,1.3,0.21,-0.82,-0.83,-0.65,0.06,0.08,0.14,-0.79,9942.78,0.96,,2026-08-23
810,2026-08-23 19:15:00+00:00,DOGEUSDT,SHORT,EXECUTED,HIGH_RISK__LOW_QUAL__HIGH_PROFIT,1.02,None,TIME_CLOSE_EXIT,17.4,1.5,26.1,1.08,1.07,0.19,-0.13,0.0,0.0,0.02,0.03,0.05,-0.05,9942.73,0.96,,2026-08-23
811,2026-08-23 19:15:00+00:00,XRPUSDT,SHORT,EXECUTED,HIGH_RISK__LOW_QUAL__HIGH_PROFIT,1.09,None,TIME_CLOSE_EXIT,17.4,1.5,26.1,1.49,1.37,0.67,-0.69,-0.19,-0.05,0.02,0.03,0.05,-0.1,9942.63,0.96,,2026-08-23
812,2026-08-23 19:15:00+00:00,SOLUSDT,SHORT,EXECUTED,LOW_RISK__HIGH_QUAL__LOW_PROFIT,1.06,None,TIME_CLOSE_EXIT,149.14,5.0,745.7,0.51,0.48,0.12,-0.07,0.0,0.0,0.6,0.75,1.34,-1.34,9941.29,0.98,,2026-08-23
813,2026-08-23 19:30:00+00:00,DOGEUSDT,LONG,EXECUTED,HIGH_RISK__HIGH_QUAL__LOW_PROFIT,1.97,None,TIME_CLOSE_EXIT,52.19,1.5,78.29,1.8,0.92,0.0,-0.98,0.0,0.0,0.06,0.08,0.14,-0.14,9941.15,0.98,,2026-08-23
814,2026-08-23 19:30:00+00:00,SOLUSDT,LONG,EXECUTED,HIGH_RISK__HIGH_QUAL__HIGH_PROFIT,2.95,None,TIME_CLOSE_EXIT,149.12,3.0,447.35,1.53,0.52,0.05,-0.49,0.0,0.0,0.36,0.45,0.81,-0.81,9940.34,0.99,,2026-08-23
815,2026-08-23 19:45:00+00:00,DOGEUSDT,SHORT,EXECUTED,HIGH_RISK__LOW_QUAL__HIGH_PROFIT,1.12,None,TIME_CLOSE_EXIT,17.4,1.5,26.09,1.2,1.07,0.44,-0.71,-0.43,-0.11,0.02,0.03,0.05,-0.16,9940.18,0.99,,2026-08-23
816,2026-08-23 19:45:00+00:00,SOLUSDT,SHORT,REJECTED,LOW_RISK__HIGH_QUAL__LOW_PROFIT,0.86,R:R Hurdle Failure: R:R = 0.86 < 1.00,SHADOW_TIME_CLOSE_EXIT,0.0,0.0,0.0,0.55,0.64,0.33,-0.42,0.0,0.0,0.0,0.0,0.0,0.0,9940.18,0.99,-1.34,2026-08-23
817,2026-08-23 20:45:00+00:00,DOGEUSDT,LONG,EXECUTED,HIGH_RISK__HIGH_QUAL__LOW_PROFIT,1.65,None,TAKE_PROFIT_HIT,52.19,1.5,78.28,1.45,0.87,1.82,-0.15,1.45,1.13,0.06,0.08,0.14,0.99,9941.18,0.98,,2026-08-23
818,2026-08-23 21:00:00+00:00,XRPUSDT,LONG,EXECUTED,HIGH_RISK__HIGH_QUAL__LOW_PROFIT,1.33,None,TIME_CLOSE_EXIT,52.19,1.5,78.29,2.22,1.67,1.72,-1.28,-0.58,-0.45,0.06,0.08,0.14,-0.59,9940.58,0.99,,2026-08-23
819,2026-08-23 21:00:00+00:00,SOLUSDT,LONG,EXECUTED,HIGH_RISK__HIGH_QUAL__HIGH_PROFIT,1.67,None,TIME_CLOSE_EXIT,149.11,3.0,447.33,1.78,1.07,0.63,-0.61,-0.23,-1.03,0.36,0.45,0.81,-1.83,9938.75,1.0,,2026-08-23
820,2026-08-24 00:00:00+00:00,SOLUSDT,SHORT,EXECUTED,LOW_RISK__HIGH_QUAL__LOW_PROFIT,1.29,None,TAKE_PROFIT_HIT,149.08,5.0,745.41,0.78,0.6,1.83,-0.37,0.78,5.81,0.6,0.75,1.34,4.46,9943.21,0.96,,2026-08-24
821,2026-08-24 00:15:00+00:00,DOGEUSDT,SHORT,EXECUTED,HIGH_RISK__LOW_QUAL__HIGH_PROFIT,1.16,None,TAKE_PROFIT_HIT,17.4,1.5,26.1,1.75,1.51,2.12,-0.68,1.75,0.46,0.02,0.03,0.05,0.41,9943.62,0.95,,2026-08-24
822,2026-08-24 00:15:00+00:00,XRPUSDT,SHORT,EXECUTED,HIGH_RISK__LOW_QUAL__HIGH_PROFIT,1.25,None,TAKE_PROFIT_HIT,17.4,1.5,26.1,1.91,1.53,2.53,-0.8,1.91,0.5,0.02,0.03,0.05,0.45,9944.07,0.95,,2026-08-24
823,2026-08-24 00:30:00+00:00,ETHUSDT,SHORT,EXECUTED,HIGH_RISK__HIGH_QUAL__HIGH_PROFIT,1.03,None,TIME_CLOSE_EXIT,149.16,3.0,447.48,0.79,0.77,0.07,-0.59,0.0,0.0,0.36,0.45,0.81,-0.81,9943.27,0.96,,2026-08-24
824,2026-08-24 00:30:00+00:00,BTCUSDT,SHORT,EXECUTED,LOW_RISK__HIGH_QUAL__LOW_PROFIT,1.11,None,TAKE_PROFIT_HIT,149.15,5.0,745.74,0.7,0.63,0.73,-0.62,0.7,5.2,0.6,0.75,1.34,3.86,9947.12,0.92,,2026-08-24
825,2026-08-24 00:45:00+00:00,ETHUSDT,LONG,EXECUTED,HIGH_RISK__LOW_QUAL__HIGH_PROFIT,1.38,None,TIME_CLOSE_EXIT,17.41,1.5,26.11,1.14,0.83,0.08,-0.92,-0.45,-0.12,0.02,0.03,0.05,-0.16,9946.96,0.92,,2026-08-24
826,2026-08-24 01:15:00+00:00,ETHUSDT,SHORT,EXECUTED,HIGH_RISK__HIGH_QUAL__HIGH_PROFIT,1.01,None,TIME_CLOSE_EXIT,149.2,3.0,447.61,0.84,0.83,0.81,-0.39,-0.54,-2.42,0.36,0.45,0.81,-3.22,9943.74,0.95,,2026-08-24
827,2026-08-24 05:00:00+00:00,DOGEUSDT,LONG,EXECUTED,HIGH_RISK__HIGH_QUAL__LOW_PROFIT,1.36,None,TIME_CLOSE_EXIT,52.2,1.5,78.31,1.94,1.42,0.15,-1.28,-1.26,-0.99,0.06,0.08,0.14,-1.13,9942.61,0.96,,2026-08-24
828,2026-08-24 05:15:00+00:00,ETHUSDT,LONG,EXECUTED,HIGH_RISK__LOW_QUAL__HIGH_PROFIT,2.83,None,TAKE_PROFIT_HIT,17.4,1.5,26.1,1.66,0.59,3.36,-0.58,1.66,0.43,0.02,0.03,0.05,0.39,9943.0,0.96,,2026-08-24
829,2026-08-24 06:15:00+00:00,BTCUSDT,LONG,EXECUTED,HIGH_RISK__HIGH_QUAL__HIGH_PROFIT,2.57,None,TIME_CLOSE_EXIT,149.14,3.0,447.43,1.13,0.44,0.55,-0.17,-0.14,-0.63,0.36,0.45,0.81,-1.43,9941.56,0.98,,2026-08-24
830,2026-08-24 06:30:00+00:00,DOGEUSDT,SHORT,REJECTED,HIGH_RISK__LOW_QUAL__HIGH_PROFIT,0.8,R:R Hurdle Failure: R:R = 0.80 < 1.00,SHADOW_TAKE_PROFIT_HIT,0.0,0.0,0.0,1.09,1.36,1.35,-1.38,1.09,0.0,0.0,0.0,0.0,0.0,9941.56,0.98,0.24,2026-08-24
831,2026-08-24 07:00:00+00:00,SOLUSDT,LONG,EXECUTED,HIGH_RISK__HIGH_QUAL__HIGH_PROFIT,1.55,None,TIME_CLOSE_EXIT,149.12,3.0,447.37,1.82,1.17,0.13,-0.87,-1.35,-6.04,0.36,0.45,0.81,-6.84,9934.72,1.04,,2026-08-24
832,2026-08-24 07:00:00+00:00,XRPUSDT,LONG,EXECUTED,HIGH_RISK__HIGH_QUAL__LOW_PROFIT,1.32,None,TIME_CLOSE_EXIT,52.16,1.5,78.24,2.29,1.74,0.41,-1.12,-1.4,-1.1,0.06,0.08,0.14,-1.24,9933.48,1.06,,2026-08-24
833,2026-08-24 07:45:00+00:00,SOLUSDT,SHORT,EXECUTED,HIGH_RISK__HIGH_QUAL__LOW_PROFIT,1.4,None,TIME_CLOSE_EXIT,52.15,1.5,78.23,1.11,0.8,0.9,-0.35,-0.49,-0.38,0.06,0.08,0.14,-0.52,9932.96,1.06,,2026-08-24
834,2026-08-24 07:45:00+00:00,XRPUSDT,SHORT,EXECUTED,HIGH_RISK__LOW_QUAL__HIGH_PROFIT,1.05,None,TAKE_PROFIT_HIT,17.38,1.5,26.07,1.4,1.32,1.53,-0.59,1.4,0.36,0.02,0.03,0.05,0.32,9933.28,1.06,,2026-08-24
835,2026-08-24 08:15:00+00:00,BTCUSDT,SHORT,REJECTED,HIGH_RISK__HIGH_QUAL__LOW_PROFIT,0.9,R:R Hurdle Failure: R:R = 0.90 < 1.00,SHADOW_TIME_CLOSE_EXIT,0.0,0.0,0.0,0.77,0.86,0.11,-0.42,-0.64,0.0,0.0,0.0,0.0,0.0,9933.28,1.06,-0.64,2026-08-24
836,2026-08-24 09:15:00+00:00,SOLUSDT,LONG,EXECUTED,HIGH_RISK__HIGH_QUAL__HIGH_PROFIT,2.63,None,TAKE_PROFIT_HIT,149.0,3.0,447.0,2.29,0.87,3.14,-0.49,2.29,10.22,0.36,0.45,0.8,9.42,9942.69,0.96,,2026-08-24
837,2026-08-24 09:30:00+00:00,BTCUSDT,LONG,EXECUTED,HIGH_RISK__HIGH_QUAL__HIGH_PROFIT,1.91,None,TAKE_PROFIT_HIT,149.14,3.0,447.42,1.07,0.56,3.27,-0.09,1.07,4.8,0.36,0.45,0.81,4.0,9946.69,0.92,,2026-08-24
838,2026-08-24 10:00:00+00:00,XRPUSDT,LONG,EXECUTED,HIGH_RISK__HIGH_QUAL__LOW_PROFIT,1.56,None,TAKE_PROFIT_HIT,52.22,1.5,78.33,2.28,1.47,2.86,-1.1,2.28,1.79,0.06,0.08,0.14,1.65,9948.34,0.91,,2026-08-24
839,2026-08-24 11:30:00+00:00,DOGEUSDT,LONG,EXECUTED,HIGH_RISK__HIGH_QUAL__LOW_PROFIT,1.14,None,TIME_CLOSE_EXIT,52.23,1.5,78.34,2.2,1.92,0.74,-1.6,-1.95,-1.53,0.06,0.08,0.14,-1.67,9946.67,0.92,,2026-08-24
840,2026-08-24 14:00:00+00:00,DOGEUSDT,SHORT,EXECUTED,HIGH_RISK__LOW_QUAL__HIGH_PROFIT,1.64,None,TIME_CLOSE_EXIT,17.41,1.5,26.11,1.61,0.98,0.82,-0.11,-0.13,-0.03,0.02,0.03,0.05,-0.08,9946.59,0.93,,2026-08-24
841,2026-08-24 14:30:00+00:00,DOGEUSDT,LONG,EXECUTED,HIGH_RISK__HIGH_QUAL__LOW_PROFIT,1.39,None,TIME_CLOSE_EXIT,52.22,1.5,78.33,1.64,1.18,0.74,-0.85,-0.89,-0.7,0.06,0.08,0.14,-0.84,9945.75,0.93,,2026-08-24
842,2026-08-24 15:45:00+00:00,DOGEUSDT,SHORT,EXECUTED,HIGH_RISK__LOW_QUAL__HIGH_PROFIT,1.37,None,TAKE_PROFIT_HIT,17.41,1.5,26.11,1.89,1.37,3.55,-1.16,1.89,0.49,0.02,0.03,0.05,0.45,9946.19,0.93,,2026-08-24
843,2026-08-24 16:45:00+00:00,ETHUSDT,SHORT,REJECTED,HIGH_RISK__HIGH_QUAL__HIGH_PROFIT,0.81,R:R Hurdle Failure: R:R = 0.81 < 1.00,SHADOW_TIME_CLOSE_EXIT,0.0,0.0,0.0,1.03,1.27,0.95,-0.52,-0.13,0.0,0.0,0.0,0.0,0.0,9946.19,0.93,-1.39,2026-08-24
844,2026-08-24 17:15:00+00:00,SOLUSDT,SHORT,REJECTED,HIGH_RISK__HIGH_QUAL__HIGH_PROFIT,0.66,R:R Hurdle Failure: R:R = 0.66 < 1.00,SHADOW_TIME_CLOSE_EXIT,0.0,0.0,0.0,1.32,2.01,0.12,-1.24,-1.09,0.0,0.0,0.0,0.0,0.0,9946.19,0.93,-5.68,2026-08-24
845,2026-08-24 17:15:00+00:00,XRPUSDT,SHORT,EXECUTED,HIGH_RISK__LOW_QUAL__HIGH_PROFIT,1.05,None,TIME_CLOSE_EXIT,17.41,1.5,26.11,2.47,2.37,0.21,-1.83,-1.07,-0.28,0.02,0.03,0.05,-0.33,9945.87,0.93,,2026-08-24
846,2026-08-24 17:30:00+00:00,BTCUSDT,SHORT,REJECTED,HIGH_RISK__HIGH_QUAL__LOW_PROFIT,0.91,R:R Hurdle Failure: R:R = 0.91 < 1.00,SHADOW_TIME_CLOSE_EXIT,0.0,0.0,0.0,0.81,0.89,0.19,-0.27,-0.44,0.0,0.0,0.0,0.0,0.0,9945.87,0.93,-0.49,2026-08-24
847,2026-08-24 19:30:00+00:00,SOLUSDT,LONG,EXECUTED,HIGH_RISK__LOW_QUAL__HIGH_PROFIT,2.63,None,TAKE_PROFIT_HIT,17.41,1.5,26.11,2.35,0.89,7.06,-0.55,2.35,0.61,0.02,0.03,0.05,0.57,9946.43,0.93,,2026-08-24
848,2026-08-24 21:30:00+00:00,ETHUSDT,LONG,EXECUTED,HIGH_RISK__LOW_QUAL__HIGH_PROFIT,1.98,None,TIME_CLOSE_EXIT,17.41,1.5,26.11,0.9,0.45,0.25,-0.14,-0.26,-0.07,0.02,0.03,0.05,-0.11,9946.32,0.93,,2026-08-24
849,2026-08-24 21:45:00+00:00,BTCUSDT,LONG,EXECUTED,HIGH_RISK__HIGH_QUAL__HIGH_PROFIT,1.98,None,TIME_CLOSE_EXIT,149.19,3.0,447.58,0.67,0.34,0.08,-0.08,0.0,0.0,0.36,0.45,0.81,-0.81,9945.51,0.94,,2026-08-24
850,2026-08-24 22:00:00+00:00,DOGEUSDT,LONG,EXECUTED,HIGH_RISK__HIGH_QUAL__LOW_PROFIT,1.52,None,TIME_CLOSE_EXIT,52.21,1.5,78.32,1.13,0.75,0.37,-0.12,-0.28,-0.22,0.06,0.08,0.14,-0.36,9945.15,0.94,,2026-08-24
851,2026-08-24 22:00:00+00:00,BTCUSDT,SHORT,EXECUTED,LOW_RISK__HIGH_QUAL__LOW_PROFIT,1.33,None,TIME_CLOSE_EXIT,149.18,5.0,745.89,0.42,0.32,0.31,-0.15,-0.11,-0.82,0.6,0.75,1.34,-2.16,9942.99,0.96,,2026-08-24
852,2026-08-24 22:45:00+00:00,DOGEUSDT,SHORT,EXECUTED,HIGH_RISK__LOW_QUAL__HIGH_PROFIT,1.34,None,TIME_CLOSE_EXIT,17.4,1.5,26.1,1.0,0.75,0.39,-0.33,-0.19,-0.05,0.02,0.03,0.05,-0.1,9942.89,0.96,,2026-08-24
853,2026-08-24 22:45:00+00:00,ETHUSDT,SHORT,EXECUTED,LOW_RISK__HIGH_QUAL__HIGH_PROFIT,1.06,None,TIME_CLOSE_EXIT,149.14,5.0,745.72,0.59,0.56,0.14,-0.24,-0.14,-1.04,0.6,0.75,1.34,-2.39,9940.51,0.99,,2026-08-24
854,2026-08-24 23:15:00+00:00,ETHUSDT,LONG,EXECUTED,HIGH_RISK__LOW_QUAL__HIGH_PROFIT,1.46,None,TAKE_PROFIT_HIT,17.4,1.5,26.09,0.72,0.49,1.99,-0.44,0.72,0.19,0.02,0.03,0.05,0.14,9940.65,0.98,,2026-08-24
855,2026-08-24 23:30:00+00:00,DOGEUSDT,LONG,EXECUTED,HIGH_RISK__HIGH_QUAL__LOW_PROFIT,1.4,None,TAKE_PROFIT_HIT,52.19,1.5,78.28,1.17,0.84,3.41,-0.34,1.17,0.92,0.06,0.08,0.14,0.78,9941.42,0.98,,2026-08-24
856,2026-08-24 23:45:00+00:00,BTCUSDT,LONG,EXECUTED,HIGH_RISK__HIGH_QUAL__HIGH_PROFIT,2.57,None,TIME_CLOSE_EXIT,149.12,3.0,447.36,1.08,0.42,0.11,-0.21,-0.04,-0.18,0.36,0.45,0.81,-0.98,9940.44,0.99,,2026-08-24
857,2026-08-25 00:00:00+00:00,XRPUSDT,LONG,EXECUTED,HIGH_RISK__HIGH_QUAL__LOW_PROFIT,1.63,None,TAKE_PROFIT_HIT,52.19,1.5,78.28,1.67,1.02,4.33,-0.75,1.67,1.3,0.06,0.08,0.14,1.16,9941.6,0.98,,2026-08-25
858,2026-08-25 00:15:00+00:00,BTCUSDT,SHORT,EXECUTED,LOW_RISK__HIGH_QUAL__LOW_PROFIT,1.03,None,TIME_CLOSE_EXIT,149.12,5.0,745.62,0.41,0.39,0.11,-0.21,0.0,0.0,0.6,0.75,1.34,-1.34,9940.26,0.99,,2026-08-25
859,2026-08-25 00:30:00+00:00,BTCUSDT,LONG,EXECUTED,HIGH_RISK__HIGH_QUAL__HIGH_PROFIT,1.88,None,TAKE_PROFIT_HIT,149.1,3.0,447.31,1.39,0.74,2.39,-0.79,1.39,6.23,0.36,0.45,0.81,5.43,9945.69,0.93,,2026-08-25
860,2026-08-25 06:45:00+00:00,XRPUSDT,SHORT,REJECTED,HIGH_RISK__LOW_QUAL__LOW_PROFIT,1.54,Consensus Failure: HIGH_RISK + LOW_QUAL + LOW_PROFIT,SHADOW_TAKE_PROFIT_HIT,0.0,0.0,0.0,1.63,1.06,3.95,-0.61,1.63,0.0,0.0,0.0,0.0,0.0,9945.69,0.93,0.38,2026-08-25
861,2026-08-25 07:45:00+00:00,DOGEUSDT,SHORT,EXECUTED,HIGH_RISK__LOW_QUAL__HIGH_PROFIT,1.01,None,TAKE_PROFIT_HIT,17.4,1.5,26.11,1.72,1.7,6.6,-1.52,1.72,0.45,0.02,0.03,0.05,0.4,9946.09,0.93,,2026-08-25
862,2026-08-25 07:45:00+00:00,SOLUSDT,SHORT,REJECTED,HIGH_RISK__HIGH_QUAL__HIGH_PROFIT,0.91,R:R Hurdle Failure: R:R = 0.91 < 1.00,SHADOW_TAKE_PROFIT_HIT,0.0,0.0,0.0,1.75,1.92,4.01,-1.55,1.75,0.0,0.0,0.0,0.0,0.0,9946.09,0.93,7.04,2026-08-25
863,2026-08-25 07:45:00+00:00,ETHUSDT,SHORT,REJECTED,HIGH_RISK__HIGH_QUAL__HIGH_PROFIT,0.59,R:R Hurdle Failure: R:R = 0.59 < 1.00,SHADOW_TAKE_PROFIT_HIT,0.0,0.0,0.0,0.79,1.35,1.57,-0.83,0.79,0.0,0.0,0.0,0.0,0.0,9946.09,0.93,2.74,2026-08-25
864,2026-08-25 07:45:00+00:00,BTCUSDT,SHORT,REJECTED,HIGH_RISK__HIGH_QUAL__LOW_PROFIT,0.77,R:R Hurdle Failure: R:R = 0.77 < 1.00,SHADOW_TAKE_PROFIT_HIT,0.0,0.0,0.0,0.99,1.28,1.99,-1.03,0.99,0.0,0.0,0.0,0.0,0.0,9946.09,0.93,0.63,2026-08-25
865,2026-08-25 15:30:00+00:00,BTCUSDT,LONG,EXECUTED,HIGH_RISK__HIGH_QUAL__HIGH_PROFIT,1.57,None,TIME_CLOSE_EXIT,149.19,3.0,447.57,1.12,0.71,0.21,-0.31,-0.31,-1.39,0.36,0.45,0.81,-2.19,9943.9,0.95,,2026-08-25
866,2026-08-25 15:45:00+00:00,ETHUSDT,LONG,EXECUTED,HIGH_RISK__LOW_QUAL__HIGH_PROFIT,1.68,None,TIME_CLOSE_EXIT,17.4,1.5,26.1,1.28,0.76,0.11,-0.42,-0.29,-0.08,0.02,0.03,0.05,-0.12,9943.77,0.95,,2026-08-25
867,2026-08-25 16:45:00+00:00,ETHUSDT,SHORT,EXECUTED,LOW_RISK__HIGH_QUAL__HIGH_PROFIT,1.05,None,TAKE_PROFIT_HIT,149.16,5.0,745.78,0.51,0.49,2.27,-0.36,0.51,3.83,0.6,0.75,1.34,2.49,9946.26,0.93,,2026-08-25
868,2026-08-25 17:00:00+00:00,BTCUSDT,SHORT,REJECTED,LOW_RISK__HIGH_QUAL__LOW_PROFIT,0.8,R:R Hurdle Failure: R:R = 0.80 < 1.00,SHADOW_TIME_CLOSE_EXIT,0.0,0.0,0.0,0.46,0.58,0.27,-0.24,-0.35,0.0,0.0,0.0,0.0,0.0,9946.26,0.93,-3.95,2026-08-25
869,2026-08-25 17:45:00+00:00,XRPUSDT,LONG,EXECUTED,HIGH_RISK__HIGH_QUAL__LOW_PROFIT,1.34,None,TIME_CLOSE_EXIT,52.22,1.5,78.33,1.22,0.91,0.42,-0.26,-0.4,-0.31,0.06,0.08,0.14,-0.45,9945.81,0.93,,2026-08-25
870,2026-08-25 18:00:00+00:00,BTCUSDT,LONG,EXECUTED,HIGH_RISK__HIGH_QUAL__HIGH_PROFIT,1.18,None,TIME_CLOSE_EXIT,149.19,3.0,447.56,0.58,0.49,0.08,-0.13,-0.2,-0.9,0.36,0.45,0.81,-1.7,9944.11,0.95,,2026-08-25
871,2026-08-25 18:15:00+00:00,SOLUSDT,LONG,EXECUTED,HIGH_RISK__HIGH_QUAL__HIGH_PROFIT,1.41,None,TIME_CLOSE_EXIT,149.16,3.0,447.48,1.53,1.08,0.11,-0.31,-0.85,-3.8,0.36,0.45,0.81,-4.61,9939.5,1.0,,2026-08-25
872,2026-08-25 19:15:00+00:00,BTCUSDT,SHORT,REJECTED,LOW_RISK__HIGH_QUAL__LOW_PROFIT,0.85,R:R Hurdle Failure: R:R = 0.85 < 1.00,SHADOW_TAKE_PROFIT_HIT,0.0,0.0,0.0,0.47,0.56,1.37,-0.38,0.47,0.0,0.0,0.0,0.0,0.0,9939.5,1.0,2.19,2026-08-25
873,2026-08-25 19:30:00+00:00,XRPUSDT,SHORT,REJECTED,HIGH_RISK__LOW_QUAL__LOW_PROFIT,0.81,Consensus Failure: HIGH_RISK + LOW_QUAL + LOW_PROFIT,SHADOW_TAKE_PROFIT_HIT,0.0,0.0,0.0,0.88,1.09,4.19,-0.55,0.88,0.0,0.0,0.0,0.0,0.0,9939.5,1.0,0.18,2026-08-25
874,2026-08-25 19:30:00+00:00,SOLUSDT,SHORT,REJECTED,HIGH_RISK__HIGH_QUAL__LOW_PROFIT,0.85,R:R Hurdle Failure: R:R = 0.85 < 1.00,SHADOW_TAKE_PROFIT_HIT,0.0,0.0,0.0,1.15,1.35,2.28,-0.52,1.15,0.0,0.0,0.0,0.0,0.0,9939.5,1.0,0.76,2026-08-25
875,2026-08-26 01:30:00+00:00,BTCUSDT,LONG,EXECUTED,HIGH_RISK__HIGH_QUAL__HIGH_PROFIT,1.43,None,TIME_CLOSE_EXIT,149.09,3.0,447.28,0.61,0.42,0.48,-0.2,0.16,0.72,0.36,0.45,0.81,-0.09,9939.41,1.0,,2026-08-26
876,2026-08-26 01:30:00+00:00,ETHUSDT,LONG,EXECUTED,HIGH_RISK__LOW_QUAL__HIGH_PROFIT,2.01,None,TIME_CLOSE_EXIT,17.39,1.5,26.09,1.11,0.55,0.62,-0.18,0.27,0.07,0.02,0.03,0.05,0.02,9939.43,1.0,,2026-08-26
877,2026-08-26 02:15:00+00:00,SOLUSDT,LONG,EXECUTED,HIGH_RISK__HIGH_QUAL__HIGH_PROFIT,1.39,None,TIME_CLOSE_EXIT,149.09,3.0,447.27,1.26,0.91,0.01,-0.66,-0.43,-1.92,0.36,0.45,0.81,-2.73,9936.7,1.02,,2026-08-26
878,2026-08-26 02:30:00+00:00,DOGEUSDT,LONG,EXECUTED,HIGH_RISK__HIGH_QUAL__LOW_PROFIT,1.04,None,TIME_CLOSE_EXIT,52.17,1.5,78.25,0.95,0.91,0.1,-0.14,-0.7,-0.55,0.06,0.08,0.14,-0.69,9936.01,1.03,,2026-08-26
879,2026-08-26 02:30:00+00:00,XRPUSDT,LONG,EXECUTED,HIGH_RISK__HIGH_QUAL__LOW_PROFIT,1.32,None,TIME_CLOSE_EXIT,52.16,1.5,78.25,1.0,0.76,0.28,-0.06,-0.39,-0.31,0.06,0.08,0.14,-0.45,9935.57,1.04,,2026-08-26
880,2026-08-26 03:30:00+00:00,XRPUSDT,SHORT,EXECUTED,LOW_RISK__LOW_QUAL__LOW_PROFIT,1.09,None,TAKE_PROFIT_HIT,49.68,5.0,248.39,0.67,0.62,1.03,-0.8,0.67,1.68,0.2,0.25,0.45,1.23,9936.8,1.02,,2026-08-26
881,2026-08-26 04:45:00+00:00,SOLUSDT,SHORT,EXECUTED,HIGH_RISK__HIGH_QUAL__LOW_PROFIT,1.77,None,TIME_CLOSE_EXIT,52.17,1.5,78.25,1.41,0.79,0.39,-0.52,-0.33,-0.26,0.06,0.08,0.14,-0.4,9936.4,1.03,,2026-08-26
882,2026-08-26 05:00:00+00:00,DOGEUSDT,SHORT,REJECTED,HIGH_RISK__LOW_QUAL__HIGH_PROFIT,0.68,R:R Hurdle Failure: R:R = 0.68 < 1.00,SHADOW_TIME_CLOSE_EXIT,0.0,0.0,0.0,0.59,0.86,0.24,-0.2,-0.49,0.0,0.0,0.0,0.0,0.0,9936.4,1.03,-0.17,2026-08-26
883,2026-08-26 05:30:00+00:00,DOGEUSDT,LONG,EXECUTED,HIGH_RISK__HIGH_QUAL__LOW_PROFIT,1.23,None,TIME_CLOSE_EXIT,52.17,1.5,78.25,0.84,0.69,0.24,-0.32,-0.07,-0.05,0.06,0.08,0.14,-0.2,9936.2,1.03,,2026-08-26
884,2026-08-26 06:00:00+00:00,XRPUSDT,LONG,EXECUTED,HIGH_RISK__HIGH_QUAL__LOW_PROFIT,1.75,None,TIME_CLOSE_EXIT,52.17,1.5,78.25,1.06,0.61,0.35,-0.03,0.0,0.0,0.06,0.08,0.14,-0.14,9936.06,1.03,,2026-08-26
885,2026-08-26 06:15:00+00:00,XRPUSDT,SHORT,REJECTED,HIGH_RISK__LOW_QUAL__LOW_PROFIT,1.03,Consensus Failure: HIGH_RISK + LOW_QUAL + LOW_PROFIT,SHADOW_TAKE_PROFIT_HIT,0.0,0.0,0.0,0.88,0.86,5.46,-0.61,0.88,0.0,0.0,0.0,0.0,0.0,9936.06,1.03,0.18,2026-08-26
886,2026-08-26 08:00:00+00:00,SOLUSDT,LONG,EXECUTED,HIGH_RISK__HIGH_QUAL__HIGH_PROFIT,2.74,None,TIME_CLOSE_EXIT,149.04,3.0,447.12,1.7,0.62,0.19,-0.32,-0.42,-1.88,0.36,0.45,0.8,-2.68,9933.38,1.06,,2026-08-26
887,2026-08-26 08:45:00+00:00,BTCUSDT,SHORT,REJECTED,HIGH_RISK__HIGH_QUAL__LOW_PROFIT,0.82,R:R Hurdle Failure: R:R = 0.82 < 1.00,SHADOW_TAKE_PROFIT_HIT,0.0,0.0,0.0,0.62,0.75,1.37,-0.39,0.62,0.0,0.0,0.0,0.0,0.0,9933.38,1.06,0.34,2026-08-26
888,2026-08-26 08:45:00+00:00,ETHUSDT,SHORT,EXECUTED,LOW_RISK__HIGH_QUAL__HIGH_PROFIT,1.08,None,TIME_CLOSE_EXIT,149.0,5.0,745.0,0.64,0.59,0.55,-0.32,-0.36,-2.68,0.6,0.75,1.34,-4.02,9929.35,1.1,,2026-08-26
889,2026-08-26 09:00:00+00:00,SOLUSDT,SHORT,EXECUTED,LOW_RISK__HIGH_QUAL__LOW_PROFIT,2.19,None,TIME_CLOSE_EXIT,148.94,5.0,744.7,1.08,0.49,1.08,-0.2,-0.59,-4.39,0.6,0.74,1.34,-5.73,9923.62,1.15,,2026-08-26
890,2026-08-26 10:45:00+00:00,SOLUSDT,LONG,EXECUTED,HIGH_RISK__HIGH_QUAL__HIGH_PROFIT,1.92,None,TIME_CLOSE_EXIT,148.85,3.0,446.56,1.84,0.96,0.41,-0.12,-0.47,-2.1,0.36,0.45,0.8,-2.9,9920.72,1.18,,2026-08-26
891,2026-08-26 10:45:00+00:00,ETHUSDT,LONG,EXECUTED,HIGH_RISK__LOW_QUAL__HIGH_PROFIT,1.5,None,TIME_CLOSE_EXIT,17.36,1.5,26.04,1.1,0.74,0.27,-0.2,-0.57,-0.15,0.02,0.03,0.05,-0.2,9920.52,1.18,,2026-08-26
892,2026-08-26 11:00:00+00:00,DOGEUSDT,LONG,REJECTED,HIGH_RISK__HIGH_QUAL__LOW_PROFIT,0.74,R:R Hurdle Failure: R:R = 0.74 < 1.00,SHADOW_TIME_CLOSE_EXIT,0.0,0.0,0.0,0.91,1.23,0.08,-0.29,-0.85,0.0,0.0,0.0,0.0,0.0,9920.52,1.18,-0.8,2026-08-26
893,2026-08-26 11:45:00+00:00,DOGEUSDT,SHORT,REJECTED,HIGH_RISK__LOW_QUAL__HIGH_PROFIT,0.88,R:R Hurdle Failure: R:R = 0.88 < 1.00,SHADOW_TIME_CLOSE_EXIT,0.0,0.0,0.0,0.59,0.67,0.28,-0.15,0.08,0.0,0.0,0.0,0.0,0.0,9920.52,1.18,-0.03,2026-08-26
894,2026-08-26 12:15:00+00:00,DOGEUSDT,LONG,REJECTED,HIGH_RISK__HIGH_QUAL__LOW_PROFIT,0.84,R:R Hurdle Failure: R:R = 0.84 < 1.00,SHADOW_TIME_CLOSE_EXIT,0.0,0.0,0.0,0.9,1.08,0.03,-0.86,0.0,0.0,0.0,0.0,0.0,0.0,9920.52,1.18,-0.14,2026-08-26
895,2026-08-26 12:30:00+00:00,DOGEUSDT,SHORT,EXECUTED,HIGH_RISK__LOW_QUAL__HIGH_PROFIT,1.51,None,TAKE_PROFIT_HIT,17.36,1.5,26.04,1.43,0.95,2.7,-0.91,1.43,0.37,0.02,0.03,0.05,0.33,9920.85,1.18,,2026-08-26
896,2026-08-26 13:00:00+00:00,ETHUSDT,SHORT,REJECTED,HIGH_RISK__HIGH_QUAL__HIGH_PROFIT,0.73,R:R Hurdle Failure: R:R = 0.73 < 1.00,SHADOW_TIME_CLOSE_EXIT,0.0,0.0,0.0,0.73,1.0,0.56,-0.68,-0.7,0.0,0.0,0.0,0.0,0.0,9920.85,1.18,-3.93,2026-08-26
897,2026-08-26 13:00:00+00:00,SOLUSDT,SHORT,EXECUTED,HIGH_RISK__HIGH_QUAL__LOW_PROFIT,1.52,None,TAKE_PROFIT_HIT,52.08,1.5,78.13,1.54,1.02,1.62,-0.75,1.54,1.2,0.06,0.08,0.14,1.06,9921.91,1.17,,2026-08-26
898,2026-08-26 17:30:00+00:00,SOLUSDT,LONG,EXECUTED,HIGH_RISK__HIGH_QUAL__HIGH_PROFIT,1.16,None,TAKE_PROFIT_HIT,148.83,3.0,446.49,1.44,1.24,13.82,-0.9,1.44,6.45,0.36,0.45,0.8,5.64,9927.55,1.11,,2026-08-26
899,2026-08-26 17:30:00+00:00,ETHUSDT,LONG,EXECUTED,HIGH_RISK__LOW_QUAL__HIGH_PROFIT,2.57,None,TAKE_PROFIT_HIT,17.37,1.5,26.06,1.75,0.68,2.19,-0.23,1.75,0.46,0.02,0.03,0.05,0.41,9927.96,1.11,,2026-08-26
900,2026-08-26 17:30:00+00:00,BTCUSDT,LONG,EXECUTED,HIGH_RISK__HIGH_QUAL__HIGH_PROFIT,1.06,None,TAKE_PROFIT_HIT,148.92,3.0,446.76,0.7,0.66,0.84,-0.4,0.7,3.12,0.36,0.45,0.8,2.32,9930.28,1.09,,2026-08-26
901,2026-08-26 19:15:00+00:00,DOGEUSDT,LONG,EXECUTED,HIGH_RISK__HIGH_QUAL__LOW_PROFIT,1.09,None,TAKE_PROFIT_HIT,52.13,1.5,78.2,1.1,1.01,2.92,-1.08,1.1,0.86,0.06,0.08,0.14,0.72,9931.0,1.08,,2026-08-26
902,2026-08-26 21:00:00+00:00,XRPUSDT,LONG,EXECUTED,HIGH_RISK__HIGH_QUAL__LOW_PROFIT,1.52,None,TAKE_PROFIT_HIT,52.14,1.5,78.21,2.14,1.4,2.23,-1.3,2.14,1.67,0.06,0.08,0.14,1.53,9932.53,1.07,,2026-08-26
903,2026-08-27 03:00:00+00:00,BTCUSDT,SHORT,EXECUTED,LOW_RISK__HIGH_QUAL__LOW_PROFIT,1.35,None,TIME_CLOSE_EXIT,148.99,5.0,744.94,0.38,0.28,0.01,-0.13,0.0,0.0,0.6,0.74,1.34,-1.34,9931.19,1.08,,2026-08-27
904,2026-08-27 03:15:00+00:00,BTCUSDT,LONG,EXECUTED,HIGH_RISK__HIGH_QUAL__HIGH_PROFIT,1.25,None,TIME_CLOSE_EXIT,148.97,3.0,446.9,0.42,0.34,0.12,-0.32,-0.14,-0.63,0.36,0.45,0.8,-1.43,9929.76,1.09,,2026-08-27
905,2026-08-27 03:30:00+00:00,ETHUSDT,SHORT,EXECUTED,LOW_RISK__HIGH_QUAL__HIGH_PROFIT,1.57,None,TIME_CLOSE_EXIT,148.95,5.0,744.73,0.55,0.35,0.43,-0.24,0.03,0.22,0.6,0.74,1.34,-1.12,9928.64,1.1,,2026-08-27
906,2026-08-27 04:30:00+00:00,XRPUSDT,SHORT,REJECTED,LOW_RISK__LOW_QUAL__LOW_PROFIT,0.93,R:R Hurdle Failure: R:R = 0.93 < 1.00,SHADOW_TAKE_PROFIT_HIT,0.0,0.0,0.0,0.57,0.61,0.87,-0.12,0.57,0.0,0.0,0.0,0.0,0.0,9928.64,1.1,0.96,2026-08-27
907,2026-08-27 05:00:00+00:00,BTCUSDT,SHORT,REJECTED,LOW_RISK__HIGH_QUAL__LOW_PROFIT,0.94,R:R Hurdle Failure: R:R = 0.94 < 1.00,SHADOW_TIME_CLOSE_EXIT,0.0,0.0,0.0,0.32,0.34,0.06,-0.2,-0.21,0.0,0.0,0.0,0.0,0.0,9928.64,1.1,-2.9,2026-08-27
908,2026-08-27 05:00:00+00:00,DOGEUSDT,SHORT,REJECTED,HIGH_RISK__LOW_QUAL__HIGH_PROFIT,0.63,R:R Hurdle Failure: R:R = 0.63 < 1.00,SHADOW_TIME_CLOSE_EXIT,0.0,0.0,0.0,0.46,0.73,0.4,-0.25,-0.38,0.0,0.0,0.0,0.0,0.0,9928.64,1.1,-0.15,2026-08-27
909,2026-08-27 06:45:00+00:00,DOGEUSDT,LONG,EXECUTED,HIGH_RISK__HIGH_QUAL__LOW_PROFIT,1.38,None,TAKE_PROFIT_HIT,52.13,1.5,78.19,0.89,0.65,3.45,-0.16,0.89,0.7,0.06,0.08,0.14,0.56,9929.2,1.1,,2026-08-27
910,2026-08-27 07:00:00+00:00,BTCUSDT,LONG,EXECUTED,HIGH_RISK__HIGH_QUAL__HIGH_PROFIT,1.23,None,TAKE_PROFIT_HIT,148.94,3.0,446.81,0.37,0.3,2.14,-0.1,0.37,1.63,0.36,0.45,0.8,0.83,9930.03,1.09,,2026-08-27
911,2026-08-27 07:30:00+00:00,XRPUSDT,LONG,EXECUTED,HIGH_RISK__HIGH_QUAL__LOW_PROFIT,2.04,None,TAKE_PROFIT_HIT,52.13,1.5,78.2,1.23,0.6,3.3,-0.18,1.23,0.96,0.06,0.08,0.14,0.82,9930.85,1.08,,2026-08-27
912,2026-08-27 07:45:00+00:00,ETHUSDT,LONG,EXECUTED,HIGH_RISK__LOW_QUAL__HIGH_PROFIT,2.17,None,TAKE_PROFIT_HIT,17.38,1.5,26.07,1.22,0.56,2.78,-0.24,1.22,0.32,0.02,0.03,0.05,0.27,9931.12,1.08,,2026-08-27
913,2026-08-27 11:15:00+00:00,ETHUSDT,SHORT,REJECTED,HIGH_RISK__HIGH_QUAL__HIGH_PROFIT,0.71,R:R Hurdle Failure: R:R = 0.71 < 1.00,SHADOW_TAKE_PROFIT_HIT,0.0,0.0,0.0,0.69,0.97,0.75,-0.36,0.69,0.0,0.0,0.0,0.0,0.0,9931.12,1.08,2.27,2026-08-27
914,2026-08-27 12:30:00+00:00,BTCUSDT,SHORT,REJECTED,LOW_RISK__HIGH_QUAL__LOW_PROFIT,0.83,R:R Hurdle Failure: R:R = 0.83 < 1.00,SHADOW_TIME_CLOSE_EXIT,0.0,0.0,0.0,0.55,0.66,0.45,-0.37,-0.23,0.0,0.0,0.0,0.0,0.0,9931.12,1.08,-3.05,2026-08-27
915,2026-08-27 12:30:00+00:00,DOGEUSDT,SHORT,REJECTED,HIGH_RISK__LOW_QUAL__HIGH_PROFIT,0.75,R:R Hurdle Failure: R:R = 0.75 < 1.00,SHADOW_TIME_CLOSE_EXIT,0.0,0.0,0.0,1.05,1.4,0.34,-1.31,-1.34,0.0,0.0,0.0,0.0,0.0,9931.12,1.08,-0.4,2026-08-27
916,2026-08-27 12:45:00+00:00,XRPUSDT,SHORT,REJECTED,HIGH_RISK__LOW_QUAL__LOW_PROFIT,0.99,Consensus Failure: HIGH_RISK + LOW_QUAL + LOW_PROFIT,SHADOW_TIME_CLOSE_EXIT,0.0,0.0,0.0,0.93,0.94,0.07,-0.35,-0.27,0.0,0.0,0.0,0.0,0.0,9931.12,1.08,-0.12,2026-08-27
917,2026-08-27 13:15:00+00:00,XRPUSDT,LONG,EXECUTED,HIGH_RISK__HIGH_QUAL__LOW_PROFIT,2.82,None,TAKE_PROFIT_HIT,52.14,1.5,78.21,2.02,0.72,3.1,-0.71,2.02,1.58,0.06,0.08,0.14,1.44,9932.56,1.07,,2026-08-27
918,2026-08-27 14:15:00+00:00,BTCUSDT,LONG,EXECUTED,HIGH_RISK__HIGH_QUAL__HIGH_PROFIT,1.35,None,TAKE_PROFIT_HIT,148.99,3.0,446.97,1.14,0.84,1.17,-0.65,1.14,5.09,0.36,0.45,0.8,4.29,9936.85,1.02,,2026-08-27
919,2026-08-27 14:30:00+00:00,DOGEUSDT,LONG,EXECUTED,HIGH_RISK__HIGH_QUAL__LOW_PROFIT,1.25,None,TIME_CLOSE_EXIT,52.17,1.5,78.25,2.04,1.63,0.71,-0.97,-1.02,-0.8,0.06,0.08,0.14,-0.94,9935.91,1.03,,2026-08-27
920,2026-08-27 14:45:00+00:00,ETHUSDT,LONG,EXECUTED,HIGH_RISK__LOW_QUAL__HIGH_PROFIT,2.43,None,TIME_CLOSE_EXIT,17.39,1.5,26.08,1.98,0.81,0.65,-0.24,0.03,0.01,0.02,0.03,0.05,-0.04,9935.87,1.03,,2026-08-27
921,2026-08-27 18:00:00+00:00,ETHUSDT,SHORT,REJECTED,HIGH_RISK__HIGH_QUAL__HIGH_PROFIT,0.76,R:R Hurdle Failure: R:R = 0.76 < 1.00,SHADOW_TIME_CLOSE_EXIT,0.0,0.0,0.0,0.81,1.06,0.46,-0.72,-0.51,0.0,0.0,0.0,0.0,0.0,9935.87,1.03,-3.09,2026-08-27
922,2026-08-27 18:15:00+00:00,XRPUSDT,SHORT,REJECTED,HIGH_RISK__LOW_QUAL__LOW_PROFIT,0.91,Consensus Failure: HIGH_RISK + LOW_QUAL + LOW_PROFIT,SHADOW_TIME_CLOSE_EXIT,0.0,0.0,0.0,1.46,1.6,0.44,-0.35,-0.65,0.0,0.0,0.0,0.0,0.0,9935.87,1.03,-0.22,2026-08-27
923,2026-08-27 18:15:00+00:00,DOGEUSDT,SHORT,REJECTED,HIGH_RISK__LOW_QUAL__HIGH_PROFIT,0.56,R:R Hurdle Failure: R:R = 0.56 < 1.00,SHADOW_TIME_CLOSE_EXIT,0.0,0.0,0.0,0.8,1.43,0.14,-0.66,-0.81,0.0,0.0,0.0,0.0,0.0,9935.87,1.03,-0.26,2026-08-27
924,2026-08-27 18:45:00+00:00,BTCUSDT,SHORT,EXECUTED,LOW_RISK__HIGH_QUAL__LOW_PROFIT,1.41,None,TIME_CLOSE_EXIT,149.04,5.0,745.19,0.41,0.29,0.33,-0.18,-0.04,-0.3,0.6,0.75,1.34,-1.64,9934.23,1.05,,2026-08-27
925,2026-08-27 22:00:00+00:00,BTCUSDT,LONG,EXECUTED,HIGH_RISK__HIGH_QUAL__HIGH_PROFIT,1.32,None,TAKE_PROFIT_HIT,149.01,3.0,447.04,0.49,0.37,1.53,-0.14,0.49,2.19,0.36,0.45,0.8,1.38,9935.61,1.03,,2026-08-27
926,2026-08-27 22:00:00+00:00,DOGEUSDT,LONG,EXECUTED,HIGH_RISK__HIGH_QUAL__LOW_PROFIT,1.73,None,TIME_CLOSE_EXIT,52.16,1.5,78.24,1.44,0.83,1.39,-0.65,-0.61,-0.48,0.06,0.08,0.14,-0.62,9934.99,1.04,,2026-08-27
927,2026-08-27 22:30:00+00:00,ETHUSDT,LONG,EXECUTED,HIGH_RISK__LOW_QUAL__HIGH_PROFIT,1.39,None,TAKE_PROFIT_HIT,17.39,1.5,26.08,0.63,0.46,0.88,-0.28,0.63,0.17,0.02,0.03,0.05,0.12,9935.11,1.04,,2026-08-27
928,2026-08-27 23:15:00+00:00,XRPUSDT,LONG,EXECUTED,HIGH_RISK__HIGH_QUAL__LOW_PROFIT,1.96,None,TIME_CLOSE_EXIT,52.16,1.5,78.24,1.28,0.65,0.17,-0.39,-0.19,-0.15,0.06,0.08,0.14,-0.29,9934.82,1.04,,2026-08-27
929,2026-08-28 00:00:00+00:00,XRPUSDT,SHORT,REJECTED,HIGH_RISK__LOW_QUAL__LOW_PROFIT,1.3,Consensus Failure: HIGH_RISK + LOW_QUAL + LOW_PROFIT,SHADOW_TIME_CLOSE_EXIT,0.0,0.0,0.0,1.21,0.92,0.03,-0.84,-0.85,0.0,0.0,0.0,0.0,0.0,9934.82,1.04,-0.27,2026-08-28
930,2026-08-28 01:15:00+00:00,XRPUSDT,LONG,REJECTED,HIGH_RISK__HIGH_QUAL__LOW_PROFIT,0.86,R:R Hurdle Failure: R:R = 0.86 < 1.00,SHADOW_TIME_CLOSE_EXIT,0.0,0.0,0.0,1.21,1.41,0.32,-1.04,-1.19,0.0,0.0,0.0,0.0,0.0,9934.82,1.04,-1.07,2026-08-28
931,2026-08-28 01:45:00+00:00,SOLUSDT,SHORT,REJECTED,HIGH_RISK__HIGH_QUAL__HIGH_PROFIT,0.68,R:R Hurdle Failure: R:R = 0.68 < 1.00,SHADOW_TAKE_PROFIT_HIT,0.0,0.0,0.0,1.0,1.47,3.91,-0.64,1.0,0.0,0.0,0.0,0.0,0.0,9934.82,1.04,3.68,2026-08-28
932,2026-08-28 02:00:00+00:00,XRPUSDT,SHORT,REJECTED,HIGH_RISK__LOW_QUAL__LOW_PROFIT,1.12,Consensus Failure: HIGH_RISK + LOW_QUAL + LOW_PROFIT,SHADOW_TAKE_PROFIT_HIT,0.0,0.0,0.0,1.41,1.26,2.54,-0.84,1.41,0.0,0.0,0.0,0.0,0.0,9934.82,1.04,0.32,2026-08-28
933,2026-08-28 02:15:00+00:00,DOGEUSDT,SHORT,REJECTED,HIGH_RISK__LOW_QUAL__HIGH_PROFIT,0.78,R:R Hurdle Failure: R:R = 0.78 < 1.00,SHADOW_TAKE_PROFIT_HIT,0.0,0.0,0.0,1.0,1.28,2.82,-0.78,1.0,0.0,0.0,0.0,0.0,0.0,9934.82,1.04,0.21,2026-08-28
934,2026-08-28 02:15:00+00:00,ETHUSDT,SHORT,EXECUTED,HIGH_RISK__HIGH_QUAL__HIGH_PROFIT,1.14,None,TIME_CLOSE_EXIT,149.02,3.0,447.07,0.99,0.87,0.69,-0.41,-0.25,-1.12,0.36,0.45,0.8,-1.92,9932.9,1.06,,2026-08-28
935,2026-08-28 02:30:00+00:00,BTCUSDT,SHORT,EXECUTED,LOW_RISK__HIGH_QUAL__LOW_PROFIT,1.2,None,TAKE_PROFIT_HIT,148.99,5.0,744.97,0.72,0.6,3.94,-0.14,0.72,5.34,0.6,0.74,1.34,4.0,9936.9,1.02,,2026-08-28
936,2026-08-28 06:30:00+00:00,ETHUSDT,LONG,EXECUTED,HIGH_RISK__LOW_QUAL__HIGH_PROFIT,2.38,None,TIME_CLOSE_EXIT,17.39,1.5,26.08,0.78,0.33,0.16,-0.09,-0.14,-0.04,0.02,0.03,0.05,-0.08,9936.82,1.02,,2026-08-28
937,2026-08-28 08:30:00+00:00,ETHUSDT,SHORT,EXECUTED,LOW_RISK__HIGH_QUAL__HIGH_PROFIT,1.04,None,TAKE_PROFIT_HIT,149.05,5.0,745.26,0.36,0.34,0.48,-0.17,0.36,2.66,0.6,0.75,1.34,1.32,9938.14,1.01,,2026-08-28
938,2026-08-28 10:45:00+00:00,ETHUSDT,LONG,EXECUTED,HIGH_RISK__LOW_QUAL__HIGH_PROFIT,1.39,None,TIME_CLOSE_EXIT,17.39,1.5,26.09,1.1,0.79,0.47,-0.51,0.1,0.03,0.02,0.03,0.05,-0.02,9938.12,1.01,,2026-08-28
939,2026-08-28 11:15:00+00:00,XRPUSDT,LONG,EXECUTED,HIGH_RISK__HIGH_QUAL__LOW_PROFIT,1.08,None,TIME_CLOSE_EXIT,52.18,1.5,78.26,0.91,0.85,0.3,-0.02,-0.55,-0.43,0.06,0.08,0.14,-0.57,9937.55,1.02,,2026-08-28
940,2026-08-28 12:15:00+00:00,XRPUSDT,SHORT,REJECTED,LOW_RISK__LOW_QUAL__LOW_PROFIT,1.0,R:R Hurdle Failure: R:R = 1.00 < 1.00,SHADOW_TIME_CLOSE_EXIT,0.0,0.0,0.0,0.56,0.56,0.32,-0.36,-0.04,0.0,0.0,0.0,0.0,0.0,9937.55,1.02,-0.55,2026-08-28
941,2026-08-28 12:45:00+00:00,XRPUSDT,LONG,EXECUTED,HIGH_RISK__HIGH_QUAL__LOW_PROFIT,1.74,None,TIME_CLOSE_EXIT,52.17,1.5,78.26,1.14,0.66,0.19,-0.42,-0.44,-0.34,0.06,0.08,0.14,-0.49,9937.06,1.02,,2026-08-28
942,2026-08-28 13:30:00+00:00,XRPUSDT,SHORT,REJECTED,HIGH_RISK__LOW_QUAL__LOW_PROFIT,0.95,Consensus Failure: HIGH_RISK + LOW_QUAL + LOW_PROFIT,SHADOW_TAKE_PROFIT_HIT,0.0,0.0,0.0,0.76,0.8,2.03,-1.05,0.76,0.0,0.0,0.0,0.0,0.0,9937.06,1.02,0.15,2026-08-28
943,2026-08-28 14:00:00+00:00,ETHUSDT,SHORT,REJECTED,HIGH_RISK__HIGH_QUAL__HIGH_PROFIT,0.45,R:R Hurdle Failure: R:R = 0.45 < 1.00,SHADOW_TIME_CLOSE_EXIT,0.0,0.0,0.0,0.69,1.52,0.4,-1.9,-0.57,0.0,0.0,0.0,0.0,0.0,9937.06,1.02,-3.35,2026-08-28
944,2026-08-28 14:30:00+00:00,ETHUSDT,LONG,REJECTED,HIGH_RISK__LOW_QUAL__HIGH_PROFIT,0.64,R:R Hurdle Failure: R:R = 0.64 < 1.00,SHADOW_TIME_CLOSE_EXIT,0.0,0.0,0.0,0.69,1.08,0.66,-0.93,-0.83,0.0,0.0,0.0,0.0,0.0,9937.06,1.02,-0.26,2026-08-28
945,2026-08-28 14:45:00+00:00,DOGEUSDT,LONG,REJECTED,HIGH_RISK__HIGH_QUAL__LOW_PROFIT,0.5,R:R Hurdle Failure: R:R = 0.50 < 1.00,SHADOW_TIME_CLOSE_EXIT,0.0,0.0,0.0,0.78,1.55,0.34,-1.01,-0.52,0.0,0.0,0.0,0.0,0.0,9937.06,1.02,-0.55,2026-08-28
946,2026-08-28 14:45:00+00:00,XRPUSDT,LONG,REJECTED,HIGH_RISK__HIGH_QUAL__LOW_PROFIT,0.81,R:R Hurdle Failure: R:R = 0.81 < 1.00,SHADOW_TIME_CLOSE_EXIT,0.0,0.0,0.0,1.25,1.55,0.45,-0.98,-1.32,0.0,0.0,0.0,0.0,0.0,9937.06,1.02,-1.17,2026-08-28
947,2026-08-28 15:15:00+00:00,SOLUSDT,LONG,EXECUTED,HIGH_RISK__LOW_QUAL__HIGH_PROFIT,1.02,None,TIME_CLOSE_EXIT,17.39,1.5,26.08,1.86,1.82,1.09,-1.39,-1.44,-0.38,0.02,0.03,0.05,-0.42,9936.64,1.02,,2026-08-28
948,2026-08-28 15:30:00+00:00,DOGEUSDT,SHORT,EXECUTED,HIGH_RISK__LOW_QUAL__HIGH_PROFIT,1.37,None,TAKE_PROFIT_HIT,17.39,1.5,26.08,1.58,1.16,2.99,-1.06,1.58,0.41,0.02,0.03,0.05,0.37,9937.0,1.02,,2026-08-28
949,2026-08-28 15:45:00+00:00,XRPUSDT,SHORT,REJECTED,HIGH_RISK__LOW_QUAL__LOW_PROFIT,1.14,Consensus Failure: HIGH_RISK + LOW_QUAL + LOW_PROFIT,SHADOW_TAKE_PROFIT_HIT,0.0,0.0,0.0,1.78,1.56,2.86,-0.81,1.78,0.0,0.0,0.0,0.0,0.0,9937.0,1.02,0.42,2026-08-28
950,2026-08-28 15:45:00+00:00,ETHUSDT,SHORT,EXECUTED,HIGH_RISK__HIGH_QUAL__HIGH_PROFIT,1.09,None,TAKE_PROFIT_HIT,149.06,3.0,447.17,1.47,1.35,2.67,-0.95,1.47,6.56,0.36,0.45,0.8,5.75,9942.75,0.96,,2026-08-28
951,2026-08-28 16:00:00+00:00,SOLUSDT,SHORT,EXECUTED,HIGH_RISK__HIGH_QUAL__HIGH_PROFIT,1.05,None,TAKE_PROFIT_HIT,149.14,3.0,447.42,1.87,1.77,1.99,-1.3,1.87,8.36,0.36,0.45,0.81,7.55,9950.3,0.89,,2026-08-28
952,2026-08-28 22:45:00+00:00,DOGEUSDT,LONG,EXECUTED,HIGH_RISK__HIGH_QUAL__LOW_PROFIT,1.18,None,TIME_CLOSE_EXIT,52.24,1.5,78.36,0.71,0.6,0.32,-0.15,-0.12,-0.09,0.06,0.08,0.14,-0.24,9950.07,0.89,,2026-08-28
953,2026-08-28 23:00:00+00:00,SOLUSDT,LONG,REJECTED,HIGH_RISK__HIGH_QUAL__HIGH_PROFIT,0.79,R:R Hurdle Failure: R:R = 0.79 < 1.00,SHADOW_TIME_CLOSE_EXIT,0.0,0.0,0.0,0.7,0.89,0.21,-0.37,-0.49,0.0,0.0,0.0,0.0,0.0,9950.07,0.89,-3.0,2026-08-28
954,2026-08-28 23:15:00+00:00,BTCUSDT,LONG,REJECTED,HIGH_RISK__HIGH_QUAL__HIGH_PROFIT,0.99,R:R Hurdle Failure: R:R = 0.99 < 1.00,SHADOW_TAKE_PROFIT_HIT,0.0,0.0,0.0,0.28,0.29,0.36,-0.06,0.28,0.0,0.0,0.0,0.0,0.0,9950.07,0.89,0.47,2026-08-28
955,2026-08-28 23:15:00+00:00,ETHUSDT,LONG,EXECUTED,HIGH_RISK__LOW_QUAL__HIGH_PROFIT,1.43,None,TIME_CLOSE_EXIT,17.41,1.5,26.12,0.49,0.34,0.42,-0.06,0.03,0.01,0.02,0.03,0.05,-0.04,9950.03,0.89,,2026-08-28
956,2026-08-28 23:45:00+00:00,XRPUSDT,LONG,EXECUTED,HIGH_RISK__HIGH_QUAL__LOW_PROFIT,1.48,None,TIME_CLOSE_EXIT,52.24,1.5,78.36,0.77,0.52,0.4,-0.18,-0.18,-0.14,0.06,0.08,0.14,-0.28,9949.75,0.89,,2026-08-28
957,2026-08-29 02:30:00+00:00,XRPUSDT,SHORT,EXECUTED,LOW_RISK__LOW_QUAL__LOW_PROFIT,1.9,None,TIME_CLOSE_EXIT,49.75,5.0,248.74,0.75,0.4,0.16,-0.14,-0.07,-0.17,0.2,0.25,0.45,-0.62,9949.13,0.9,,2026-08-29
958,2026-08-29 02:30:00+00:00,BTCUSDT,SHORT,EXECUTED,LOW_RISK__HIGH_QUAL__LOW_PROFIT,2.65,None,TIME_CLOSE_EXIT,149.24,5.0,746.18,0.55,0.21,0.3,-0.15,0.05,0.37,0.6,0.75,1.34,-0.97,9948.16,0.91,,2026-08-29
959,2026-08-29 02:30:00+00:00,SOLUSDT,SHORT,EXECUTED,LOW_RISK__HIGH_QUAL__LOW_PROFIT,1.45,None,TIME_CLOSE_EXIT,149.22,5.0,746.11,0.64,0.44,0.21,-0.12,-0.19,-1.42,0.6,0.75,1.34,-2.76,9945.4,0.94,,2026-08-29
960,2026-08-29 02:45:00+00:00,DOGEUSDT,SHORT,EXECUTED,HIGH_RISK__HIGH_QUAL__HIGH_PROFIT,1.42,None,TIME_CLOSE_EXIT,149.18,3.0,447.54,0.6,0.43,0.26,-0.15,-0.18,-0.81,0.36,0.45,0.81,-1.61,9943.78,0.95,,2026-08-29
961,2026-08-29 03:00:00+00:00,ETHUSDT,SHORT,EXECUTED,LOW_RISK__HIGH_QUAL__HIGH_PROFIT,1.52,None,TIME_CLOSE_EXIT,149.16,5.0,745.78,0.27,0.18,0.18,-0.11,-0.1,-0.75,0.6,0.75,1.34,-2.09,9941.7,0.97,,2026-08-29
962,2026-08-29 03:30:00+00:00,XRPUSDT,SHORT,EXECUTED,LOW_RISK__LOW_QUAL__LOW_PROFIT,1.61,None,TIME_CLOSE_EXIT,49.71,5.0,248.54,0.8,0.5,0.2,-0.23,-0.01,-0.02,0.2,0.25,0.45,-0.47,9941.22,0.98,,2026-08-29
963,2026-08-29 03:30:00+00:00,SOLUSDT,LONG,EXECUTED,HIGH_RISK__HIGH_QUAL__HIGH_PROFIT,1.48,None,TIME_CLOSE_EXIT,149.12,3.0,447.36,0.52,0.35,0.12,-0.27,0.0,0.0,0.36,0.45,0.81,-0.81,9940.42,0.99,,2026-08-29
964,2026-08-29 03:45:00+00:00,SOLUSDT,SHORT,EXECUTED,LOW_RISK__HIGH_QUAL__LOW_PROFIT,1.51,None,TIME_CLOSE_EXIT,149.11,5.0,745.53,0.64,0.43,0.39,-0.25,-0.19,-1.42,0.6,0.75,1.34,-2.76,9937.66,1.01,,2026-08-29
965,2026-08-29 04:45:00+00:00,XRPUSDT,LONG,REJECTED,HIGH_RISK__HIGH_QUAL__LOW_PROFIT,0.99,R:R Hurdle Failure: R:R = 0.99 < 1.00,SHADOW_TIME_CLOSE_EXIT,0.0,0.0,0.0,0.55,0.56,0.47,-0.48,-0.53,0.0,0.0,0.0,0.0,0.0,9937.66,1.01,-0.56,2026-08-29
966,2026-08-29 05:00:00+00:00,DOGEUSDT,LONG,REJECTED,HIGH_RISK__HIGH_QUAL__LOW_PROFIT,0.67,R:R Hurdle Failure: R:R = 0.67 < 1.00,SHADOW_TIME_CLOSE_EXIT,0.0,0.0,0.0,0.32,0.48,0.08,-0.11,-0.19,0.0,0.0,0.0,0.0,0.0,9937.66,1.01,-0.29,2026-08-29
967,2026-08-29 05:15:00+00:00,ETHUSDT,LONG,EXECUTED,LOW_RISK__LOW_QUAL__HIGH_PROFIT,4.19,None,TIME_CLOSE_EXIT,49.69,5.0,248.44,0.56,0.13,0.08,-0.04,-0.05,-0.12,0.2,0.25,0.45,-0.57,9937.09,1.02,,2026-08-29
968,2026-08-29 05:30:00+00:00,SOLUSDT,LONG,EXECUTED,HIGH_RISK__HIGH_QUAL__HIGH_PROFIT,1.49,None,TIME_CLOSE_EXIT,149.06,3.0,447.17,0.5,0.33,0.05,-0.2,-0.07,-0.31,0.36,0.45,0.8,-1.12,9935.97,1.03,,2026-08-29
969,2026-08-29 06:00:00+00:00,ETHUSDT,SHORT,EXECUTED,LOW_RISK__HIGH_QUAL__HIGH_PROFIT,1.58,None,TIME_CLOSE_EXIT,149.04,5.0,745.2,0.69,0.43,0.06,-0.3,-0.12,-0.89,0.6,0.75,1.34,-2.24,9933.74,1.05,,2026-08-29
970,2026-08-29 06:00:00+00:00,SOLUSDT,SHORT,EXECUTED,HIGH_RISK__HIGH_QUAL__LOW_PROFIT,1.15,None,TIME_CLOSE_EXIT,52.15,1.5,78.23,0.89,0.78,0.41,-0.55,-0.05,-0.04,0.06,0.08,0.14,-0.18,9933.56,1.06,,2026-08-29
971,2026-08-29 06:00:00+00:00,DOGEUSDT,SHORT,REJECTED,HIGH_RISK__HIGH_QUAL__HIGH_PROFIT,0.87,R:R Hurdle Failure: R:R = 0.87 < 1.00,SHADOW_TIME_CLOSE_EXIT,0.0,0.0,0.0,0.83,0.96,0.48,-0.6,0.0,0.0,0.0,0.0,0.0,0.0,9933.56,1.06,-0.8,2026-08-29
972,2026-08-29 06:30:00+00:00,XRPUSDT,SHORT,EXECUTED,LOW_RISK__LOW_QUAL__LOW_PROFIT,1.53,None,TIME_CLOSE_EXIT,49.67,5.0,248.34,0.67,0.44,0.21,-0.02,-0.2,-0.5,0.2,0.25,0.45,-0.94,9932.61,1.06,,2026-08-29
973,2026-08-29 08:45:00+00:00,BTCUSDT,LONG,EXECUTED,HIGH_RISK__HIGH_QUAL__HIGH_PROFIT,1.59,None,TIME_CLOSE_EXIT,148.99,3.0,446.97,0.21,0.13,0.15,-0.12,-0.05,-0.22,0.36,0.45,0.8,-1.03,9931.58,1.07,,2026-08-29
974,2026-08-29 09:15:00+00:00,XRPUSDT,LONG,EXECUTED,HIGH_RISK__HIGH_QUAL__LOW_PROFIT,1.41,None,TAKE_PROFIT_HIT,52.14,1.5,78.21,0.54,0.38,1.31,-0.41,0.54,0.42,0.06,0.08,0.14,0.28,9931.87,1.07,,2026-08-29
975,2026-08-29 11:00:00+00:00,ETHUSDT,LONG,EXECUTED,LOW_RISK__LOW_QUAL__LOW_PROFIT,1.29,None,TIME_CLOSE_EXIT,49.66,5.0,248.3,0.34,0.26,0.04,-0.18,-0.09,-0.22,0.2,0.25,0.45,-0.67,9931.2,1.08,,2026-08-29
976,2026-08-29 12:00:00+00:00,SOLUSDT,LONG,EXECUTED,HIGH_RISK__HIGH_QUAL__HIGH_PROFIT,2.64,None,TIME_CLOSE_EXIT,148.97,3.0,446.9,0.95,0.36,0.01,-0.24,0.0,0.0,0.36,0.45,0.8,-0.8,9930.39,1.09,,2026-08-29
977,2026-08-29 12:15:00+00:00,SOLUSDT,SHORT,REJECTED,LOW_RISK__HIGH_QUAL__LOW_PROFIT,0.35,R:R Hurdle Failure: R:R = 0.35 < 1.00,SHADOW_TIME_CLOSE_EXIT,0.0,0.0,0.0,0.17,0.47,0.06,-0.49,0.0,0.0,0.0,0.0,0.0,0.0,9930.39,1.09,-1.34,2026-08-29
978,2026-08-29 12:15:00+00:00,BTCUSDT,SHORT,REJECTED,LOW_RISK__HIGH_QUAL__LOW_PROFIT,0.86,R:R Hurdle Failure: R:R = 0.86 < 1.00,SHADOW_TIME_CLOSE_EXIT,0.0,0.0,0.0,0.2,0.23,0.1,-0.1,-0.1,0.0,0.0,0.0,0.0,0.0,9930.39,1.09,-2.09,2026-08-29
979,2026-08-29 12:15:00+00:00,DOGEUSDT,LONG,REJECTED,HIGH_RISK__HIGH_QUAL__LOW_PROFIT,0.82,R:R Hurdle Failure: R:R = 0.82 < 1.00,SHADOW_TAKE_PROFIT_HIT,0.0,0.0,0.0,0.55,0.67,1.11,-0.21,0.55,0.0,0.0,0.0,0.0,0.0,9930.39,1.09,0.29,2026-08-29
980,2026-08-29 12:30:00+00:00,ETHUSDT,SHORT,EXECUTED,LOW_RISK__LOW_QUAL__HIGH_PROFIT,1.06,None,TIME_CLOSE_EXIT,49.65,5.0,248.26,0.19,0.18,0.08,-0.07,-0.06,-0.15,0.2,0.25,0.45,-0.6,9929.8,1.09,,2026-08-29
981,2026-08-29 12:30:00+00:00,SOLUSDT,LONG,EXECUTED,HIGH_RISK__HIGH_QUAL__HIGH_PROFIT,2.87,None,TAKE_PROFIT_HIT,148.95,3.0,446.84,0.85,0.3,2.18,-0.21,0.85,3.82,0.36,0.45,0.8,3.01,9932.81,1.06,,2026-08-29
982,2026-08-29 13:15:00+00:00,BTCUSDT,LONG,EXECUTED,HIGH_RISK__HIGH_QUAL__HIGH_PROFIT,5.99,None,TAKE_PROFIT_HIT,148.99,3.0,446.98,0.41,0.07,0.86,-0.02,0.41,1.84,0.36,0.45,0.8,1.03,9933.84,1.05,,2026-08-29
983,2026-08-29 14:30:00+00:00,ETHUSDT,LONG,REJECTED,HIGH_RISK__LOW_QUAL__LOW_PROFIT,0.66,Consensus Failure: HIGH_RISK + LOW_QUAL + LOW_PROFIT,SHADOW_TAKE_PROFIT_HIT,0.0,0.0,0.0,0.51,0.77,0.95,-0.36,0.51,0.0,0.0,0.0,0.0,0.0,9933.84,1.05,0.09,2026-08-29
984,2026-08-29 21:30:00+00:00,DOGEUSDT,SHORT,EXECUTED,HIGH_RISK__HIGH_QUAL__HIGH_PROFIT,1.91,None,TIME_CLOSE_EXIT,149.01,3.0,447.02,0.52,0.27,0.21,-0.13,-0.02,-0.09,0.36,0.45,0.8,-0.89,9932.95,1.06,,2026-08-29
985,2026-08-29 22:00:00+00:00,SOLUSDT,SHORT,EXECUTED,LOW_RISK__HIGH_QUAL__LOW_PROFIT,1.11,None,TIME_CLOSE_EXIT,148.99,5.0,744.97,0.4,0.36,0.1,-0.09,0.0,0.0,0.6,0.74,1.34,-1.34,9931.6,1.07,,2026-08-29
986,2026-08-29 22:00:00+00:00,XRPUSDT,SHORT,EXECUTED,LOW_RISK__LOW_QUAL__LOW_PROFIT,1.41,None,TIME_CLOSE_EXIT,49.66,5.0,248.29,0.7,0.49,0.05,-0.15,-0.27,-0.67,0.2,0.25,0.45,-1.12,9930.49,1.09,,2026-08-29
987,2026-08-29 22:15:00+00:00,SOLUSDT,LONG,EXECUTED,HIGH_RISK__HIGH_QUAL__HIGH_PROFIT,1.3,None,TAKE_PROFIT_HIT,148.96,3.0,446.87,0.43,0.33,0.6,-0.2,0.43,1.92,0.36,0.45,0.8,1.11,9931.6,1.07,,2026-08-29
988,2026-08-29 23:45:00+00:00,DOGEUSDT,LONG,EXECUTED,HIGH_RISK__HIGH_QUAL__LOW_PROFIT,1.01,None,TIME_CLOSE_EXIT,52.14,1.5,78.21,0.35,0.35,0.26,-0.18,-0.14,-0.11,0.06,0.08,0.14,-0.25,9931.35,1.08,,2026-08-29
989,2026-08-29 23:45:00+00:00,XRPUSDT,LONG,EXECUTED,HIGH_RISK__HIGH_QUAL__LOW_PROFIT,1.39,None,TIME_CLOSE_EXIT,52.14,1.5,78.21,0.48,0.34,0.21,-0.26,-0.06,-0.05,0.06,0.08,0.14,-0.19,9931.16,1.08,,2026-08-29
990,2026-08-30 01:00:00+00:00,DOGEUSDT,SHORT,REJECTED,HIGH_RISK__HIGH_QUAL__HIGH_PROFIT,0.93,R:R Hurdle Failure: R:R = 0.93 < 1.00,SHADOW_TAKE_PROFIT_HIT,0.0,0.0,0.0,0.38,0.41,0.55,-0.19,0.38,0.0,0.0,0.0,0.0,0.0,9931.16,1.08,0.89,2026-08-30
991,2026-08-30 01:00:00+00:00,XRPUSDT,SHORT,EXECUTED,LOW_RISK__LOW_QUAL__LOW_PROFIT,1.65,None,TIME_CLOSE_EXIT,49.66,5.0,248.28,0.79,0.48,0.26,-0.4,-0.24,-0.6,0.2,0.25,0.45,-1.04,9930.12,1.09,,2026-08-30
992,2026-08-30 01:00:00+00:00,BTCUSDT,SHORT,EXECUTED,LOW_RISK__HIGH_QUAL__LOW_PROFIT,1.49,None,TIME_CLOSE_EXIT,148.95,5.0,744.76,0.33,0.22,0.1,-0.15,-0.15,-1.12,0.6,0.74,1.34,-2.46,9927.66,1.11,,2026-08-30
993,2026-08-30 01:15:00+00:00,SOLUSDT,SHORT,REJECTED,LOW_RISK__HIGH_QUAL__LOW_PROFIT,0.85,R:R Hurdle Failure: R:R = 0.85 < 1.00,SHADOW_TIME_CLOSE_EXIT,0.0,0.0,0.0,0.43,0.5,0.1,-0.26,-0.22,0.0,0.0,0.0,0.0,0.0,9927.66,1.11,-2.98,2026-08-30
994,2026-08-30 02:30:00+00:00,SOLUSDT,LONG,EXECUTED,HIGH_RISK__HIGH_QUAL__HIGH_PROFIT,3.75,None,TIME_CLOSE_EXIT,148.91,3.0,446.74,0.79,0.21,0.06,-0.12,0.0,0.0,0.36,0.45,0.8,-0.8,9926.86,1.12,,2026-08-30
995,2026-08-30 02:45:00+00:00,SOLUSDT,SHORT,EXECUTED,LOW_RISK__HIGH_QUAL__LOW_PROFIT,1.18,None,TAKE_PROFIT_HIT,148.9,5.0,744.51,0.4,0.34,0.51,-0.24,0.4,3.0,0.6,0.74,1.34,1.66,9928.52,1.11,,2026-08-30
996,2026-08-30 03:45:00+00:00,BTCUSDT,LONG,EXECUTED,HIGH_RISK__HIGH_QUAL__HIGH_PROFIT,35.05,None,TIME_CLOSE_EXIT,148.93,3.0,446.78,0.34,0.01,0.1,0.0,-0.03,-0.13,0.36,0.45,0.8,-0.94,9927.58,1.11,,2026-08-30
997,2026-08-30 04:30:00+00:00,ETHUSDT,SHORT,EXECUTED,LOW_RISK__HIGH_QUAL__HIGH_PROFIT,1.41,None,TIME_CLOSE_EXIT,148.91,5.0,744.57,0.3,0.21,0.07,-0.11,-0.13,-0.97,0.6,0.74,1.34,-2.31,9925.27,1.14,,2026-08-30
998,2026-08-30 04:30:00+00:00,BTCUSDT,SHORT,EXECUTED,LOW_RISK__HIGH_QUAL__LOW_PROFIT,1.42,None,TIME_CLOSE_EXIT,148.88,5.0,744.4,0.33,0.23,0.04,-0.13,-0.13,-0.97,0.6,0.74,1.34,-2.31,9922.96,1.16,,2026-08-30
999,2026-08-30 06:30:00+00:00,DOGEUSDT,LONG,REJECTED,HIGH_RISK__HIGH_QUAL__LOW_PROFIT,0.87,R:R Hurdle Failure: R:R = 0.87 < 1.00,SHADOW_TIME_CLOSE_EXIT,0.0,0.0,0.0,0.3,0.34,0.13,-0.08,-0.21,0.0,0.0,0.0,0.0,0.0,9922.96,1.16,-0.3,2026-08-30
1000,2026-08-30 07:00:00+00:00,SOLUSDT,LONG,EXECUTED,HIGH_RISK__HIGH_QUAL__HIGH_PROFIT,2.41,None,TIME_CLOSE_EXIT,148.84,3.0,446.53,0.91,0.38,0.11,-0.11,-0.18,-0.8,0.36,0.45,0.8,-1.61,9921.36,1.18,,2026-08-30
