trade_id,timestamp,symbol,direction,status,gate_combo_tag,rejection_reason,outcome,margin_allocated,leverage,notional_position,dynamic_tp_pct,dynamic_sl_pct,actual_mfe_pct,actual_mae_pct,gross_return_pct,gross_pnl,fees_paid,slippage_cost,friction_tax,net_pnl,account_equity,drawdown_pct,date_utc
1,2026-07-26 22:00:00+00:00,DOGEUSDT,LONG,EXECUTED,HIGH_RISK__HIGH_QUAL__HIGH_PROFIT,None,TIME_CLOSE_EXIT,150.0,3.0,450.0,1.04,0.87,0.55,-0.46,-0.4,-1.8,0.36,0.45,0.81,-2.61,9997.39,0.03,2026-07-26
2,2026-07-27 01:15:00+00:00,DOGEUSDT,SHORT,EXECUTED,MED_RISK__HIGH_QUAL__HIGH_PROFIT,None,TIME_CLOSE_EXIT,149.96,1.0,149.96,0.54,0.65,0.33,-0.22,-0.03,-0.04,0.12,0.15,0.27,-0.31,9997.08,0.03,2026-07-27
3,2026-07-27 01:30:00+00:00,XRPUSDT,SHORT,EXECUTED,LOW_RISK__HIGH_QUAL__HIGH_PROFIT,None,TIME_CLOSE_EXIT,149.96,1.0,149.96,0.7,0.37,0.24,-0.13,-0.22,-0.33,0.12,0.15,0.27,-0.6,9996.48,0.04,2026-07-27
4,2026-07-27 04:30:00+00:00,XRPUSDT,LONG,EXECUTED,MED_RISK__LOW_QUAL__HIGH_PROFIT,None,TIME_CLOSE_EXIT,49.98,1.0,49.98,0.67,0.36,0.01,-0.26,0.0,0.0,0.04,0.05,0.09,-0.09,9996.39,0.04,2026-07-27
5,2026-07-27 04:45:00+00:00,XRPUSDT,SHORT,EXECUTED,LOW_RISK__HIGH_QUAL__HIGH_PROFIT,None,TIME_CLOSE_EXIT,149.95,1.0,149.95,0.32,0.31,0.0,-0.25,0.0,0.0,0.12,0.15,0.27,-0.27,9996.12,0.04,2026-07-27
6,2026-07-27 05:00:00+00:00,XRPUSDT,LONG,EXECUTED,MED_RISK__LOW_QUAL__HIGH_PROFIT,None,TAKE_PROFIT_HIT,49.98,1.0,49.98,0.61,0.26,0.64,-0.19,0.61,0.3,0.04,0.05,0.09,0.21,9996.33,0.04,2026-07-27
7,2026-07-27 05:45:00+00:00,DOGEUSDT,LONG,EXECUTED,MED_RISK__HIGH_QUAL__HIGH_PROFIT,None,TAKE_PROFIT_HIT,149.94,1.0,149.94,0.68,0.44,0.78,-0.41,0.68,1.02,0.12,0.15,0.27,0.75,9997.08,0.03,2026-07-27
8,2026-07-27 07:45:00+00:00,BTCUSDT,SHORT,EXECUTED,LOW_RISK__HIGH_QUAL__HIGH_PROFIT,None,TIME_CLOSE_EXIT,149.96,1.0,149.96,0.43,0.47,0.19,-0.16,-0.19,-0.28,0.12,0.15,0.27,-0.55,9996.52,0.03,2026-07-27
9,2026-07-27 08:00:00+00:00,DOGEUSDT,SHORT,EXECUTED,HIGH_RISK__HIGH_QUAL__HIGH_PROFIT,None,TIME_CLOSE_EXIT,149.95,3.0,449.84,0.7,0.77,0.58,-0.39,-0.22,-0.99,0.36,0.45,0.81,-1.8,9994.72,0.05,2026-07-27
10,2026-07-27 08:00:00+00:00,XRPUSDT,SHORT,EXECUTED,LOW_RISK__HIGH_QUAL__HIGH_PROFIT,None,TIME_CLOSE_EXIT,149.92,1.0,149.92,0.64,0.41,0.25,-0.13,-0.1,-0.15,0.12,0.15,0.27,-0.42,9994.3,0.06,2026-07-27
11,2026-07-27 08:15:00+00:00,SOLUSDT,SHORT,EXECUTED,LOW_RISK__LOW_QUAL__HIGH_PROFIT,None,TIME_CLOSE_EXIT,49.97,1.0,49.97,0.47,0.47,0.34,-0.05,-0.25,-0.12,0.04,0.05,0.09,-0.21,9994.09,0.06,2026-07-27
12,2026-07-27 10:30:00+00:00,SOLUSDT,LONG,EXECUTED,LOW_RISK__LOW_QUAL__HIGH_PROFIT,None,TIME_CLOSE_EXIT,49.97,1.0,49.97,1.14,0.5,1.11,-0.52,0.37,0.18,0.04,0.05,0.09,0.09,9994.18,0.06,2026-07-27
13,2026-07-27 10:30:00+00:00,BTCUSDT,LONG,EXECUTED,MED_RISK__LOW_QUAL__HIGH_PROFIT,None,TIME_CLOSE_EXIT,49.97,1.0,49.97,0.56,0.39,0.03,-0.12,-0.24,-0.12,0.04,0.05,0.09,-0.21,9993.97,0.06,2026-07-27
14,2026-07-27 11:00:00+00:00,XRPUSDT,LONG,EXECUTED,MED_RISK__LOW_QUAL__HIGH_PROFIT,None,TIME_CLOSE_EXIT,49.97,1.0,49.97,0.44,0.38,0.01,-0.27,0.0,0.0,0.04,0.05,0.09,-0.09,9993.88,0.06,2026-07-27
15,2026-07-27 11:15:00+00:00,BTCUSDT,SHORT,EXECUTED,LOW_RISK__HIGH_QUAL__HIGH_PROFIT,None,TAKE_PROFIT_HIT,149.91,1.0,149.91,0.36,0.42,0.45,-0.21,0.36,0.55,0.12,0.15,0.27,0.28,9994.16,0.06,2026-07-27
16,2026-07-27 11:15:00+00:00,XRPUSDT,SHORT,EXECUTED,LOW_RISK__HIGH_QUAL__HIGH_PROFIT,None,TIME_CLOSE_EXIT,149.91,1.0,149.91,0.69,0.58,0.48,-0.5,-0.73,-1.09,0.12,0.15,0.27,-1.36,9992.79,0.07,2026-07-27
17,2026-07-27 11:30:00+00:00,ETHUSDT,SHORT,EXECUTED,LOW_RISK__HIGH_QUAL__HIGH_PROFIT,None,TAKE_PROFIT_HIT,149.89,1.0,149.89,0.41,0.52,0.87,-0.23,0.41,0.61,0.12,0.15,0.27,0.34,9993.14,0.07,2026-07-27
18,2026-07-27 12:45:00+00:00,DOGEUSDT,LONG,EXECUTED,HIGH_RISK__HIGH_QUAL__HIGH_PROFIT,None,TIME_CLOSE_EXIT,149.9,3.0,449.69,0.26,1.14,0.12,-0.23,-0.34,-1.53,0.36,0.45,0.81,-2.34,9990.8,0.09,2026-07-27
19,2026-07-27 13:15:00+00:00,DOGEUSDT,SHORT,EXECUTED,MED_RISK__HIGH_QUAL__HIGH_PROFIT,None,TIME_CLOSE_EXIT,149.86,1.0,149.86,1.63,0.49,0.04,-0.33,0.0,0.0,0.12,0.15,0.27,-0.27,9990.53,0.09,2026-07-27
20,2026-07-27 13:30:00+00:00,DOGEUSDT,LONG,EXECUTED,HIGH_RISK__HIGH_QUAL__HIGH_PROFIT,None,TIME_CLOSE_EXIT,149.86,3.0,449.57,0.45,1.46,0.12,-1.04,-0.66,-2.97,0.36,0.45,0.81,-3.78,9986.75,0.13,2026-07-27
21,2026-07-27 13:45:00+00:00,BTCUSDT,LONG,EXECUTED,MED_RISK__LOW_QUAL__HIGH_PROFIT,None,TAKE_PROFIT_HIT,49.93,1.0,49.93,0.32,0.55,0.77,-0.05,0.32,0.16,0.04,0.05,0.09,0.07,9986.82,0.13,2026-07-27
22,2026-07-27 13:45:00+00:00,XRPUSDT,LONG,EXECUTED,MED_RISK__LOW_QUAL__HIGH_PROFIT,None,TAKE_PROFIT_HIT,49.93,1.0,49.93,0.28,0.73,0.54,-0.1,0.28,0.14,0.04,0.05,0.09,0.05,9986.87,0.13,2026-07-27
23,2026-07-27 14:00:00+00:00,ETHUSDT,LONG,EXECUTED,MED_RISK__HIGH_QUAL__LOW_PROFIT,None,TIME_CLOSE_EXIT,149.8,1.0,149.8,0.9,0.68,0.14,-0.41,0.0,0.0,0.12,0.15,0.27,-0.27,9986.61,0.13,2026-07-27
24,2026-07-27 14:15:00+00:00,ETHUSDT,SHORT,EXECUTED,MED_RISK__HIGH_QUAL__HIGH_PROFIT,None,TIME_CLOSE_EXIT,149.8,1.0,149.8,1.15,1.27,0.97,-1.43,-0.54,-0.81,0.12,0.15,0.27,-1.08,9985.53,0.14,2026-07-27
25,2026-07-27 14:15:00+00:00,DOGEUSDT,SHORT,EXECUTED,HIGH_RISK__HIGH_QUAL__HIGH_PROFIT,None,TIME_CLOSE_EXIT,149.78,3.0,449.35,2.02,1.28,1.36,-1.28,-0.17,-0.76,0.36,0.45,0.81,-1.57,9983.95,0.16,2026-07-27
26,2026-07-27 14:15:00+00:00,XRPUSDT,SHORT,EXECUTED,MED_RISK__HIGH_QUAL__HIGH_PROFIT,None,TAKE_PROFIT_HIT,149.76,1.0,149.76,2.35,0.84,4.72,-0.99,2.35,3.52,0.12,0.15,0.27,3.25,9987.2,0.13,2026-07-27
27,2026-07-27 14:15:00+00:00,BTCUSDT,SHORT,EXECUTED,LOW_RISK__HIGH_QUAL__HIGH_PROFIT,None,TIME_CLOSE_EXIT,149.81,1.0,149.81,1.59,0.6,0.7,-0.81,-0.2,-0.3,0.12,0.15,0.27,-0.57,9986.63,0.13,2026-07-27
28,2026-07-27 14:15:00+00:00,SOLUSDT,SHORT,EXECUTED,MED_RISK__LOW_QUAL__HIGH_PROFIT,None,TIME_CLOSE_EXIT,49.93,1.0,49.93,2.0,1.22,1.04,-1.56,-0.21,-0.1,0.04,0.05,0.09,-0.19,9986.44,0.14,2026-07-27
29,2026-07-27 17:45:00+00:00,BTCUSDT,LONG,EXECUTED,MED_RISK__LOW_QUAL__HIGH_PROFIT,None,TIME_CLOSE_EXIT,49.93,1.0,49.93,0.66,0.36,0.09,-0.41,-0.18,-0.09,0.04,0.05,0.09,-0.18,9986.26,0.14,2026-07-27
30,2026-07-27 19:15:00+00:00,ETHUSDT,LONG,EXECUTED,HIGH_RISK__HIGH_QUAL__LOW_PROFIT,None,TIME_CLOSE_EXIT,149.79,1.0,149.79,1.06,0.78,0.24,-0.16,-0.45,-0.67,0.12,0.15,0.27,-0.94,9985.32,0.15,2026-07-27
31,2026-07-27 20:00:00+00:00,SOLUSDT,LONG,EXECUTED,LOW_RISK__LOW_QUAL__HIGH_PROFIT,None,TAKE_PROFIT_HIT,49.93,1.0,49.93,0.18,0.6,0.32,-0.13,0.18,0.09,0.04,0.05,0.09,-0.0,9985.32,0.15,2026-07-27
32,2026-07-27 20:15:00+00:00,DOGEUSDT,LONG,EXECUTED,MED_RISK__HIGH_QUAL__HIGH_PROFIT,None,TIME_CLOSE_EXIT,149.78,1.0,149.78,0.26,0.7,0.11,-0.39,-0.36,-0.54,0.12,0.15,0.27,-0.81,9984.51,0.15,2026-07-27
33,2026-07-27 21:15:00+00:00,SOLUSDT,SHORT,EXECUTED,LOW_RISK__LOW_QUAL__HIGH_PROFIT,None,TAKE_PROFIT_HIT,49.92,1.0,49.92,2.4,0.54,3.6,-0.42,2.4,1.2,0.04,0.05,0.09,1.11,9985.62,0.14,2026-07-27
34,2026-07-27 21:15:00+00:00,BTCUSDT,SHORT,EXECUTED,LOW_RISK__HIGH_QUAL__HIGH_PROFIT,None,TAKE_PROFIT_HIT,149.78,1.0,149.78,1.42,0.21,2.73,-0.12,1.42,2.13,0.12,0.15,0.27,1.86,9987.48,0.13,2026-07-27
35,2026-07-27 21:30:00+00:00,DOGEUSDT,SHORT,EXECUTED,MED_RISK__HIGH_QUAL__HIGH_PROFIT,None,TAKE_PROFIT_HIT,149.81,1.0,149.81,1.38,0.42,3.53,-0.13,1.38,2.06,0.12,0.15,0.27,1.79,9989.27,0.11,2026-07-27
36,2026-07-27 22:00:00+00:00,ETHUSDT,SHORT,EXECUTED,LOW_RISK__HIGH_QUAL__HIGH_PROFIT,None,TAKE_PROFIT_HIT,149.84,1.0,149.84,2.43,0.37,3.72,-0.18,2.43,3.64,0.12,0.15,0.27,3.37,9992.64,0.07,2026-07-27
37,2026-07-28 06:15:00+00:00,BTCUSDT,LONG,EXECUTED,MED_RISK__LOW_QUAL__HIGH_PROFIT,None,TIME_CLOSE_EXIT,49.96,1.0,49.96,0.25,0.29,0.23,-0.15,-0.04,-0.02,0.04,0.05,0.09,-0.11,9992.53,0.07,2026-07-28
38,2026-07-28 06:30:00+00:00,ETHUSDT,LONG,EXECUTED,MED_RISK__HIGH_QUAL__LOW_PROFIT,None,TIME_CLOSE_EXIT,149.89,1.0,149.89,0.41,0.43,0.16,-0.17,-0.12,-0.18,0.12,0.15,0.27,-0.45,9992.08,0.08,2026-07-28
39,2026-07-28 06:45:00+00:00,DOGEUSDT,LONG,EXECUTED,MED_RISK__HIGH_QUAL__HIGH_PROFIT,None,TIME_CLOSE_EXIT,149.88,1.0,149.88,0.44,0.66,0.14,-0.16,-0.37,-0.55,0.12,0.15,0.27,-0.82,9991.26,0.09,2026-07-28
40,2026-07-28 08:00:00+00:00,ETHUSDT,SHORT,EXECUTED,LOW_RISK__HIGH_QUAL__HIGH_PROFIT,None,TIME_CLOSE_EXIT,149.87,1.0,149.87,0.86,0.37,0.0,-0.22,0.0,0.0,0.12,0.15,0.27,-0.27,9990.99,0.09,2026-07-28
41,2026-07-28 08:15:00+00:00,ETHUSDT,LONG,EXECUTED,MED_RISK__HIGH_QUAL__LOW_PROFIT,None,TIME_CLOSE_EXIT,149.86,1.0,149.86,0.31,0.35,0.06,-0.23,-0.01,-0.01,0.12,0.15,0.27,-0.28,9990.71,0.09,2026-07-28
42,2026-07-28 08:45:00+00:00,BTCUSDT,SHORT,EXECUTED,LOW_RISK__HIGH_QUAL__HIGH_PROFIT,None,TIME_CLOSE_EXIT,149.86,1.0,149.86,0.67,0.18,0.05,-0.13,-0.11,-0.16,0.12,0.15,0.27,-0.43,9990.27,0.1,2026-07-28
43,2026-07-28 09:00:00+00:00,ETHUSDT,SHORT,EXECUTED,LOW_RISK__HIGH_QUAL__HIGH_PROFIT,None,TIME_CLOSE_EXIT,149.85,1.0,149.85,0.75,0.26,0.12,-0.12,0.0,0.0,0.12,0.15,0.27,-0.27,9990.0,0.1,2026-07-28
44,2026-07-28 09:15:00+00:00,ETHUSDT,LONG,EXECUTED,MED_RISK__HIGH_QUAL__LOW_PROFIT,None,TIME_CLOSE_EXIT,149.85,1.0,149.85,0.28,0.36,0.05,-0.08,0.0,0.0,0.12,0.15,0.27,-0.27,9989.73,0.1,2026-07-28
45,2026-07-28 09:15:00+00:00,SOLUSDT,LONG,EXECUTED,LOW_RISK__LOW_QUAL__HIGH_PROFIT,None,TIME_CLOSE_EXIT,49.95,1.0,49.95,0.38,0.39,0.11,-0.1,-0.07,-0.03,0.04,0.05,0.09,-0.12,9989.61,0.1,2026-07-28
46,2026-07-28 09:15:00+00:00,DOGEUSDT,SHORT,EXECUTED,MED_RISK__HIGH_QUAL__HIGH_PROFIT,None,TIME_CLOSE_EXIT,149.84,1.0,149.84,0.7,0.38,0.07,-0.1,0.0,0.0,0.12,0.15,0.27,-0.27,9989.34,0.11,2026-07-28
47,2026-07-28 09:30:00+00:00,DOGEUSDT,LONG,EXECUTED,MED_RISK__HIGH_QUAL__HIGH_PROFIT,None,TIME_CLOSE_EXIT,149.84,1.0,149.84,0.3,0.4,0.04,-0.19,0.0,0.0,0.12,0.15,0.27,-0.27,9989.07,0.11,2026-07-28
48,2026-07-28 09:30:00+00:00,ETHUSDT,SHORT,EXECUTED,LOW_RISK__HIGH_QUAL__HIGH_PROFIT,None,TIME_CLOSE_EXIT,149.84,1.0,149.84,0.66,0.26,0.56,-0.13,-0.04,-0.06,0.12,0.15,0.27,-0.33,9988.74,0.11,2026-07-28
49,2026-07-28 09:30:00+00:00,BTCUSDT,LONG,EXECUTED,MED_RISK__LOW_QUAL__HIGH_PROFIT,None,TIME_CLOSE_EXIT,49.94,1.0,49.94,0.17,0.31,0.1,-0.06,0.0,0.0,0.04,0.05,0.09,-0.09,9988.65,0.11,2026-07-28
50,2026-07-28 09:45:00+00:00,SOLUSDT,SHORT,EXECUTED,LOW_RISK__LOW_QUAL__HIGH_PROFIT,None,TIME_CLOSE_EXIT,49.94,1.0,49.94,0.97,0.45,0.51,-0.2,-0.08,-0.04,0.04,0.05,0.09,-0.13,9988.52,0.11,2026-07-28
51,2026-07-28 09:45:00+00:00,BTCUSDT,SHORT,EXECUTED,LOW_RISK__HIGH_QUAL__HIGH_PROFIT,None,TIME_CLOSE_EXIT,149.83,1.0,149.83,0.79,0.32,0.16,-0.26,-0.13,-0.19,0.12,0.15,0.27,-0.46,9988.05,0.12,2026-07-28
52,2026-07-28 09:45:00+00:00,DOGEUSDT,SHORT,EXECUTED,MED_RISK__HIGH_QUAL__HIGH_PROFIT,None,TAKE_PROFIT_HIT,149.82,1.0,149.82,0.68,0.41,1.3,-0.29,0.68,1.02,0.12,0.15,0.27,0.75,9988.8,0.11,2026-07-28
53,2026-07-28 12:45:00+00:00,ETHUSDT,LONG,EXECUTED,HIGH_RISK__HIGH_QUAL__LOW_PROFIT,None,TIME_CLOSE_EXIT,149.83,1.0,149.83,1.23,0.98,0.2,-0.56,-1.22,-1.83,0.12,0.15,0.27,-2.1,9986.7,0.13,2026-07-28
54,2026-07-28 12:45:00+00:00,SOLUSDT,LONG,EXECUTED,LOW_RISK__LOW_QUAL__HIGH_PROFIT,None,TIME_CLOSE_EXIT,49.93,1.0,49.93,0.7,0.53,0.1,-0.2,-0.14,-0.07,0.04,0.05,0.09,-0.16,9986.54,0.13,2026-07-28
55,2026-07-28 12:45:00+00:00,BTCUSDT,LONG,EXECUTED,MED_RISK__LOW_QUAL__HIGH_PROFIT,None,TIME_CLOSE_EXIT,49.93,1.0,49.93,0.4,0.44,0.07,-0.18,-0.05,-0.02,0.04,0.05,0.09,-0.11,9986.43,0.14,2026-07-28
56,2026-07-28 13:15:00+00:00,SOLUSDT,SHORT,EXECUTED,MED_RISK__LOW_QUAL__HIGH_PROFIT,None,TAKE_PROFIT_HIT,49.93,1.0,49.93,0.52,0.74,0.89,-0.42,0.52,0.26,0.04,0.05,0.09,0.17,9986.6,0.13,2026-07-28
57,2026-07-28 13:15:00+00:00,BTCUSDT,SHORT,EXECUTED,LOW_RISK__HIGH_QUAL__HIGH_PROFIT,None,TAKE_PROFIT_HIT,149.8,1.0,149.8,0.58,0.55,0.9,-0.33,0.58,0.87,0.12,0.15,0.27,0.6,9987.2,0.13,2026-07-28
58,2026-07-28 13:45:00+00:00,ETHUSDT,SHORT,EXECUTED,MED_RISK__HIGH_QUAL__HIGH_PROFIT,None,TAKE_PROFIT_HIT,149.81,1.0,149.81,0.7,0.97,0.92,-0.11,0.7,1.04,0.12,0.15,0.27,0.77,9987.97,0.12,2026-07-28
59,2026-07-28 14:45:00+00:00,ETHUSDT,LONG,EXECUTED,HIGH_RISK__HIGH_QUAL__LOW_PROFIT,None,TAKE_PROFIT_HIT,149.82,1.0,149.82,1.35,0.77,2.16,-0.24,1.35,2.02,0.12,0.15,0.27,1.75,9989.71,0.1,2026-07-28
60,2026-07-28 15:00:00+00:00,XRPUSDT,LONG,EXECUTED,MED_RISK__LOW_QUAL__HIGH_PROFIT,None,TAKE_PROFIT_HIT,49.95,1.0,49.95,0.46,0.71,1.17,-0.32,0.46,0.23,0.04,0.05,0.09,0.14,9989.86,0.1,2026-07-28
61,2026-07-28 15:00:00+00:00,SOLUSDT,LONG,EXECUTED,MED_RISK__LOW_QUAL__HIGH_PROFIT,None,TAKE_PROFIT_HIT,49.95,1.0,49.95,0.86,1.14,1.22,-0.52,0.86,0.43,0.04,0.05,0.09,0.34,9990.2,0.1,2026-07-28
62,2026-07-28 15:15:00+00:00,DOGEUSDT,LONG,EXECUTED,HIGH_RISK__HIGH_QUAL__HIGH_PROFIT,None,TIME_CLOSE_EXIT,149.85,3.0,449.56,1.0,1.61,0.85,-1.06,-0.2,-0.9,0.36,0.45,0.81,-1.71,9988.49,0.12,2026-07-28
63,2026-07-28 15:15:00+00:00,BTCUSDT,LONG,EXECUTED,HIGH_RISK__LOW_QUAL__HIGH_PROFIT,None,TIME_CLOSE_EXIT,49.94,1.0,49.94,0.57,1.02,0.54,-0.6,0.05,0.02,0.04,0.05,0.09,-0.06,9988.42,0.12,2026-07-28
64,2026-07-28 18:30:00+00:00,XRPUSDT,SHORT,EXECUTED,LOW_RISK__HIGH_QUAL__HIGH_PROFIT,None,TIME_CLOSE_EXIT,149.83,1.0,149.83,0.89,0.34,0.11,-0.15,-0.12,-0.18,0.12,0.15,0.27,-0.45,9987.97,0.12,2026-07-28
65,2026-07-28 19:15:00+00:00,XRPUSDT,LONG,EXECUTED,MED_RISK__LOW_QUAL__HIGH_PROFIT,None,TAKE_PROFIT_HIT,49.94,1.0,49.94,0.07,0.39,3.26,-0.17,0.07,0.04,0.04,0.05,0.09,-0.05,9987.92,0.12,2026-07-28
66,2026-07-28 22:30:00+00:00,SOLUSDT,SHORT,EXECUTED,LOW_RISK__LOW_QUAL__HIGH_PROFIT,None,TAKE_PROFIT_HIT,49.94,1.0,49.94,0.94,0.6,1.41,-0.58,0.94,0.47,0.04,0.05,0.09,0.38,9988.3,0.12,2026-07-28
67,2026-07-28 22:45:00+00:00,DOGEUSDT,SHORT,EXECUTED,HIGH_RISK__HIGH_QUAL__HIGH_PROFIT,None,TIME_CLOSE_EXIT,149.82,3.0,449.47,0.55,0.97,0.44,-0.5,-0.77,-3.46,0.36,0.45,0.81,-4.27,9984.03,0.16,2026-07-28
68,2026-07-28 23:00:00+00:00,BTCUSDT,SHORT,EXECUTED,LOW_RISK__HIGH_QUAL__HIGH_PROFIT,None,TIME_CLOSE_EXIT,149.76,1.0,149.76,0.7,0.47,0.1,-0.25,-0.45,-0.67,0.12,0.15,0.27,-0.94,9983.09,0.17,2026-07-28
69,2026-07-28 23:00:00+00:00,ETHUSDT,SHORT,EXECUTED,MED_RISK__HIGH_QUAL__HIGH_PROFIT,None,TIME_CLOSE_EXIT,149.75,1.0,149.75,0.63,0.74,0.23,-0.21,-0.51,-0.76,0.12,0.15,0.27,-1.03,9982.05,0.18,2026-07-28
70,2026-07-28 23:45:00+00:00,ETHUSDT,LONG,EXECUTED,MED_RISK__HIGH_QUAL__LOW_PROFIT,None,TIME_CLOSE_EXIT,149.73,1.0,149.73,0.59,0.69,0.33,-0.29,-0.26,-0.39,0.12,0.15,0.27,-0.66,9981.39,0.19,2026-07-28
71,2026-07-29 00:00:00+00:00,DOGEUSDT,LONG,EXECUTED,HIGH_RISK__HIGH_QUAL__HIGH_PROFIT,None,TIME_CLOSE_EXIT,149.72,3.0,449.16,0.4,0.79,0.34,-0.14,-0.56,-2.52,0.36,0.45,0.81,-3.32,9978.07,0.22,2026-07-29
72,2026-07-29 00:00:00+00:00,BTCUSDT,LONG,EXECUTED,MED_RISK__LOW_QUAL__HIGH_PROFIT,None,TAKE_PROFIT_HIT,49.89,1.0,49.89,0.09,0.64,0.28,-0.16,0.09,0.05,0.04,0.05,0.09,-0.04,9978.02,0.22,2026-07-29
73,2026-07-29 01:00:00+00:00,ETHUSDT,SHORT,EXECUTED,LOW_RISK__HIGH_QUAL__HIGH_PROFIT,None,TAKE_PROFIT_HIT,149.67,1.0,149.67,1.06,0.5,1.36,-0.48,1.06,1.58,0.12,0.15,0.27,1.31,9979.34,0.21,2026-07-29
74,2026-07-29 01:45:00+00:00,BTCUSDT,SHORT,EXECUTED,LOW_RISK__HIGH_QUAL__HIGH_PROFIT,None,TIME_CLOSE_EXIT,149.69,1.0,149.69,0.99,0.34,0.07,-0.26,-0.2,-0.3,0.12,0.15,0.27,-0.57,9978.77,0.21,2026-07-29
75,2026-07-29 01:45:00+00:00,DOGEUSDT,SHORT,EXECUTED,MED_RISK__HIGH_QUAL__HIGH_PROFIT,None,TIME_CLOSE_EXIT,149.68,1.0,149.68,0.88,0.69,0.23,-0.26,-0.67,-1.0,0.12,0.15,0.27,-1.27,9977.5,0.23,2026-07-29
76,2026-07-29 02:15:00+00:00,BTCUSDT,LONG,EXECUTED,MED_RISK__LOW_QUAL__HIGH_PROFIT,None,TIME_CLOSE_EXIT,49.89,1.0,49.89,0.24,0.46,0.17,-0.53,-0.35,-0.17,0.04,0.05,0.09,-0.26,9977.23,0.23,2026-07-29
77,2026-07-29 02:30:00+00:00,DOGEUSDT,LONG,EXECUTED,MED_RISK__HIGH_QUAL__HIGH_PROFIT,None,TIME_CLOSE_EXIT,149.66,1.0,149.66,0.46,0.52,0.17,-0.2,-0.18,-0.27,0.12,0.15,0.27,-0.54,9976.69,0.23,2026-07-29
78,2026-07-29 03:15:00+00:00,DOGEUSDT,SHORT,EXECUTED,MED_RISK__HIGH_QUAL__HIGH_PROFIT,None,TIME_CLOSE_EXIT,149.65,1.0,149.65,0.91,0.58,0.88,-0.41,0.01,0.01,0.12,0.15,0.27,-0.25,9976.44,0.24,2026-07-29
79,2026-07-29 03:30:00+00:00,BTCUSDT,SHORT,EXECUTED,LOW_RISK__HIGH_QUAL__HIGH_PROFIT,None,TIME_CLOSE_EXIT,149.65,1.0,149.65,0.83,0.28,0.28,-0.15,-0.3,-0.45,0.12,0.15,0.27,-0.72,9975.72,0.24,2026-07-29
80,2026-07-29 05:00:00+00:00,BTCUSDT,LONG,EXECUTED,MED_RISK__LOW_QUAL__HIGH_PROFIT,None,TAKE_PROFIT_HIT,49.88,1.0,49.88,0.45,0.38,1.17,-0.17,0.45,0.22,0.04,0.05,0.09,0.13,9975.85,0.24,2026-07-29
81,2026-07-29 05:45:00+00:00,ETHUSDT,LONG,EXECUTED,MED_RISK__HIGH_QUAL__LOW_PROFIT,None,TIME_CLOSE_EXIT,149.64,1.0,149.64,0.92,0.5,0.69,-0.19,0.2,0.3,0.12,0.15,0.27,0.03,9975.88,0.24,2026-07-29
82,2026-07-29 05:45:00+00:00,SOLUSDT,LONG,EXECUTED,LOW_RISK__LOW_QUAL__HIGH_PROFIT,None,TIME_CLOSE_EXIT,49.88,1.0,49.88,0.9,0.5,0.88,-0.2,0.38,0.19,0.04,0.05,0.09,0.1,9975.98,0.24,2026-07-29
83,2026-07-29 06:15:00+00:00,DOGEUSDT,LONG,EXECUTED,MED_RISK__HIGH_QUAL__HIGH_PROFIT,None,TIME_CLOSE_EXIT,149.64,1.0,149.64,1.0,0.69,0.28,-0.55,-0.27,-0.4,0.12,0.15,0.27,-0.67,9975.31,0.25,2026-07-29
84,2026-07-29 10:45:00+00:00,DOGEUSDT,SHORT,EXECUTED,MED_RISK__HIGH_QUAL__HIGH_PROFIT,None,TAKE_PROFIT_HIT,149.63,1.0,149.63,0.67,0.64,0.82,-0.26,0.67,1.01,0.12,0.15,0.27,0.74,9976.05,0.24,2026-07-29
85,2026-07-29 11:15:00+00:00,ETHUSDT,SHORT,EXECUTED,LOW_RISK__HIGH_QUAL__HIGH_PROFIT,None,TAKE_PROFIT_HIT,149.64,1.0,149.64,0.67,0.46,1.38,-0.17,0.67,1.0,0.12,0.15,0.27,0.73,9976.78,0.23,2026-07-29
86,2026-07-29 11:30:00+00:00,XRPUSDT,SHORT,EXECUTED,LOW_RISK__HIGH_QUAL__HIGH_PROFIT,None,TAKE_PROFIT_HIT,149.65,1.0,149.65,0.76,0.69,1.67,-0.17,0.76,1.14,0.12,0.15,0.27,0.87,9977.64,0.22,2026-07-29
87,2026-07-29 12:00:00+00:00,SOLUSDT,SHORT,EXECUTED,LOW_RISK__LOW_QUAL__HIGH_PROFIT,None,TIME_CLOSE_EXIT,49.89,1.0,49.89,1.19,0.51,1.19,-0.23,0.54,0.27,0.04,0.05,0.09,0.18,9977.82,0.22,2026-07-29
88,2026-07-29 12:30:00+00:00,BTCUSDT,SHORT,EXECUTED,LOW_RISK__HIGH_QUAL__HIGH_PROFIT,None,TIME_CLOSE_EXIT,149.67,1.0,149.67,0.76,0.31,0.3,-0.08,-0.23,-0.34,0.12,0.15,0.27,-0.61,9977.21,0.23,2026-07-29
89,2026-07-29 13:45:00+00:00,BTCUSDT,LONG,EXECUTED,HIGH_RISK__LOW_QUAL__HIGH_PROFIT,None,TIME_CLOSE_EXIT,49.89,1.0,49.89,0.29,0.81,0.0,-0.54,0.0,0.0,0.04,0.05,0.09,-0.09,9977.12,0.23,2026-07-29
90,2026-07-29 14:00:00+00:00,BTCUSDT,SHORT,EXECUTED,LOW_RISK__HIGH_QUAL__HIGH_PROFIT,None,TIME_CLOSE_EXIT,149.66,1.0,149.66,1.08,0.4,1.0,-0.71,0.26,0.39,0.12,0.15,0.27,0.12,9977.24,0.23,2026-07-29
91,2026-07-29 17:45:00+00:00,ETHUSDT,LONG,EXECUTED,HIGH_RISK__HIGH_QUAL__LOW_PROFIT,None,TAKE_PROFIT_HIT,149.66,1.0,149.66,0.66,1.26,1.02,-0.82,0.66,0.99,0.12,0.15,0.27,0.72,9977.96,0.22,2026-07-29
92,2026-07-29 17:45:00+00:00,DOGEUSDT,LONG,EXECUTED,HIGH_RISK__HIGH_QUAL__HIGH_PROFIT,None,TAKE_PROFIT_HIT,149.67,3.0,449.01,0.49,0.85,0.75,-0.41,0.49,2.2,0.36,0.45,0.81,1.39,9979.35,0.21,2026-07-29
93,2026-07-29 17:45:00+00:00,SOLUSDT,LONG,EXECUTED,MED_RISK__LOW_QUAL__HIGH_PROFIT,None,TAKE_PROFIT_HIT,49.9,1.0,49.9,0.71,1.15,0.8,-0.81,0.71,0.36,0.04,0.05,0.09,0.27,9979.62,0.2,2026-07-29
94,2026-07-29 17:45:00+00:00,XRPUSDT,LONG,EXECUTED,HIGH_RISK__LOW_QUAL__HIGH_PROFIT,None,TAKE_PROFIT_HIT,49.9,1.0,49.9,0.68,0.92,0.99,-0.6,0.68,0.34,0.04,0.05,0.09,0.25,9979.87,0.2,2026-07-29
95,2026-07-29 18:30:00+00:00,BTCUSDT,LONG,EXECUTED,HIGH_RISK__LOW_QUAL__HIGH_PROFIT,None,TIME_CLOSE_EXIT,49.9,1.0,49.9,0.52,0.97,0.36,-1.01,-0.58,-0.29,0.04,0.05,0.09,-0.38,9979.49,0.21,2026-07-29
96,2026-07-29 19:30:00+00:00,BTCUSDT,SHORT,EXECUTED,LOW_RISK__HIGH_QUAL__HIGH_PROFIT,None,TIME_CLOSE_EXIT,149.69,1.0,149.69,1.36,0.7,0.95,-0.38,-0.27,-0.4,0.12,0.15,0.27,-0.67,9978.81,0.21,2026-07-29
97,2026-07-29 19:45:00+00:00,ETHUSDT,SHORT,EXECUTED,MED_RISK__HIGH_QUAL__HIGH_PROFIT,None,TIME_CLOSE_EXIT,149.68,1.0,149.68,1.46,1.1,0.88,-0.68,-1.01,-1.51,0.12,0.15,0.27,-1.78,9977.03,0.23,2026-07-29
98,2026-07-29 19:45:00+00:00,SOLUSDT,SHORT,EXECUTED,MED_RISK__LOW_QUAL__HIGH_PROFIT,None,TIME_CLOSE_EXIT,49.89,1.0,49.89,1.84,1.3,0.6,-0.81,-1.18,-0.59,0.04,0.05,0.09,-0.68,9976.36,0.24,2026-07-29
99,2026-07-29 19:45:00+00:00,DOGEUSDT,SHORT,EXECUTED,HIGH_RISK__HIGH_QUAL__HIGH_PROFIT,None,TIME_CLOSE_EXIT,149.65,3.0,448.94,1.35,1.3,1.28,-0.59,-0.39,-1.75,0.36,0.45,0.81,-2.56,9973.8,0.26,2026-07-29
100,2026-07-29 20:00:00+00:00,XRPUSDT,SHORT,EXECUTED,MED_RISK__HIGH_QUAL__HIGH_PROFIT,None,TIME_CLOSE_EXIT,149.61,1.0,149.61,1.1,1.03,0.61,-0.2,-0.68,-1.02,0.12,0.15,0.27,-1.29,9972.51,0.27,2026-07-29
101,2026-07-29 22:15:00+00:00,SOLUSDT,LONG,EXECUTED,MED_RISK__LOW_QUAL__HIGH_PROFIT,None,TIME_CLOSE_EXIT,49.86,1.0,49.86,1.0,0.97,0.68,-0.76,-0.18,-0.09,0.04,0.05,0.09,-0.18,9972.33,0.28,2026-07-29
102,2026-07-29 22:15:00+00:00,ETHUSDT,LONG,EXECUTED,HIGH_RISK__HIGH_QUAL__LOW_PROFIT,None,TIME_CLOSE_EXIT,149.58,1.0,149.58,1.0,0.86,0.7,-0.76,-0.11,-0.16,0.12,0.15,0.27,-0.43,9971.9,0.28,2026-07-29
103,2026-07-29 22:30:00+00:00,XRPUSDT,LONG,EXECUTED,MED_RISK__LOW_QUAL__HIGH_PROFIT,None,TIME_CLOSE_EXIT,49.86,1.0,49.86,0.47,0.42,0.12,-0.14,-0.07,-0.03,0.04,0.05,0.09,-0.12,9971.77,0.28,2026-07-29
104,2026-07-29 22:30:00+00:00,BTCUSDT,LONG,EXECUTED,MED_RISK__LOW_QUAL__HIGH_PROFIT,None,TIME_CLOSE_EXIT,49.86,1.0,49.86,0.49,0.54,0.17,-0.18,-0.5,-0.25,0.04,0.05,0.09,-0.34,9971.43,0.29,2026-07-29
105,2026-07-29 23:00:00+00:00,XRPUSDT,SHORT,EXECUTED,LOW_RISK__HIGH_QUAL__HIGH_PROFIT,None,TIME_CLOSE_EXIT,149.57,1.0,149.57,0.68,0.63,0.03,-0.3,-0.24,-0.36,0.12,0.15,0.27,-0.63,9970.8,0.29,2026-07-29
106,2026-07-29 23:15:00+00:00,DOGEUSDT,LONG,EXECUTED,MED_RISK__HIGH_QUAL__HIGH_PROFIT,None,TAKE_PROFIT_HIT,149.56,1.0,149.56,0.55,0.58,0.84,-0.38,0.55,0.82,0.12,0.15,0.27,0.55,9971.35,0.29,2026-07-29
107,2026-07-30 00:00:00+00:00,XRPUSDT,LONG,EXECUTED,MED_RISK__LOW_QUAL__HIGH_PROFIT,None,TIME_CLOSE_EXIT,49.86,1.0,49.86,0.54,0.38,0.17,-0.22,-0.03,-0.01,0.04,0.05,0.09,-0.1,9971.25,0.29,2026-07-30
108,2026-07-30 00:30:00+00:00,XRPUSDT,SHORT,EXECUTED,MED_RISK__HIGH_QUAL__HIGH_PROFIT,None,TIME_CLOSE_EXIT,149.57,1.0,149.57,0.71,0.73,0.14,-0.47,-0.64,-0.96,0.12,0.15,0.27,-1.23,9970.02,0.3,2026-07-30
109,2026-07-30 00:45:00+00:00,BTCUSDT,SHORT,EXECUTED,LOW_RISK__HIGH_QUAL__HIGH_PROFIT,None,TIME_CLOSE_EXIT,149.55,1.0,149.55,0.55,0.53,0.15,-0.08,-0.57,-0.85,0.12,0.15,0.27,-1.12,9968.9,0.31,2026-07-30
110,2026-07-30 01:45:00+00:00,XRPUSDT,LONG,EXECUTED,MED_RISK__LOW_QUAL__HIGH_PROFIT,None,TIME_CLOSE_EXIT,49.84,1.0,49.84,0.68,0.71,0.26,-0.17,-0.32,-0.16,0.04,0.05,0.09,-0.25,9968.65,0.31,2026-07-30
111,2026-07-30 01:45:00+00:00,BTCUSDT,LONG,EXECUTED,MED_RISK__LOW_QUAL__HIGH_PROFIT,None,TIME_CLOSE_EXIT,49.84,1.0,49.84,0.63,0.75,0.23,-0.35,-0.38,-0.19,0.04,0.05,0.09,-0.28,9968.37,0.32,2026-07-30
112,2026-07-30 04:15:00+00:00,DOGEUSDT,SHORT,EXECUTED,MED_RISK__HIGH_QUAL__HIGH_PROFIT,None,TIME_CLOSE_EXIT,149.53,1.0,149.53,0.7,0.56,0.66,-0.19,0.0,0.0,0.12,0.15,0.27,-0.27,9968.1,0.32,2026-07-30
113,2026-07-30 04:30:00+00:00,SOLUSDT,SHORT,EXECUTED,LOW_RISK__LOW_QUAL__HIGH_PROFIT,None,TIME_CLOSE_EXIT,49.84,1.0,49.84,0.63,0.41,0.39,-0.37,-0.26,-0.13,0.04,0.05,0.09,-0.22,9967.88,0.32,2026-07-30
114,2026-07-30 04:30:00+00:00,ETHUSDT,SHORT,EXECUTED,LOW_RISK__HIGH_QUAL__HIGH_PROFIT,None,TIME_CLOSE_EXIT,149.52,1.0,149.52,0.71,0.43,0.29,-0.24,0.02,0.03,0.12,0.15,0.27,-0.24,9967.64,0.32,2026-07-30
115,2026-07-30 04:45:00+00:00,XRPUSDT,SHORT,EXECUTED,LOW_RISK__HIGH_QUAL__HIGH_PROFIT,None,TIME_CLOSE_EXIT,149.51,1.0,149.51,0.67,0.24,0.17,-0.2,-0.02,-0.03,0.12,0.15,0.27,-0.3,9967.34,0.33,2026-07-30
116,2026-07-30 05:00:00+00:00,BTCUSDT,SHORT,EXECUTED,LOW_RISK__HIGH_QUAL__HIGH_PROFIT,None,TIME_CLOSE_EXIT,149.51,1.0,149.51,0.59,0.26,0.1,-0.1,-0.05,-0.07,0.12,0.15,0.27,-0.34,9967.0,0.33,2026-07-30
117,2026-07-30 05:30:00+00:00,XRPUSDT,LONG,EXECUTED,MED_RISK__LOW_QUAL__HIGH_PROFIT,None,TIME_CLOSE_EXIT,49.84,1.0,49.84,0.46,0.39,0.07,-0.27,-0.22,-0.11,0.04,0.05,0.09,-0.2,9966.8,0.33,2026-07-30
118,2026-07-30 06:45:00+00:00,XRPUSDT,SHORT,EXECUTED,MED_RISK__HIGH_QUAL__HIGH_PROFIT,None,TIME_CLOSE_EXIT,149.5,1.0,149.5,0.62,0.39,0.14,-0.15,0.0,0.0,0.12,0.15,0.27,-0.27,9966.53,0.33,2026-07-30
119,2026-07-30 07:00:00+00:00,XRPUSDT,LONG,EXECUTED,MED_RISK__LOW_QUAL__HIGH_PROFIT,None,TAKE_PROFIT_HIT,49.83,1.0,49.83,0.48,0.4,1.72,-0.27,0.48,0.24,0.04,0.05,0.09,0.15,9966.68,0.33,2026-07-30
120,2026-07-30 08:15:00+00:00,ETHUSDT,LONG,EXECUTED,HIGH_RISK__HIGH_QUAL__LOW_PROFIT,None,TAKE_PROFIT_HIT,149.5,1.0,149.5,0.92,0.79,1.18,-0.56,0.92,1.37,0.12,0.15,0.27,1.1,9967.78,0.32,2026-07-30
121,2026-07-30 08:15:00+00:00,BTCUSDT,LONG,EXECUTED,MED_RISK__LOW_QUAL__HIGH_PROFIT,None,TAKE_PROFIT_HIT,49.84,1.0,49.84,1.05,0.55,1.41,-0.45,1.05,0.52,0.04,0.05,0.09,0.43,9968.22,0.32,2026-07-30
122,2026-07-30 08:45:00+00:00,SOLUSDT,LONG,EXECUTED,LOW_RISK__LOW_QUAL__HIGH_PROFIT,None,TAKE_PROFIT_HIT,49.84,1.0,49.84,0.91,0.44,1.59,-0.12,0.91,0.45,0.04,0.05,0.09,0.36,9968.58,0.31,2026-07-30
123,2026-07-30 09:00:00+00:00,DOGEUSDT,LONG,EXECUTED,HIGH_RISK__HIGH_QUAL__HIGH_PROFIT,None,TIME_CLOSE_EXIT,149.53,3.0,448.59,0.64,0.81,0.24,-0.19,-0.24,-1.08,0.36,0.45,0.81,-1.88,9966.7,0.33,2026-07-30
124,2026-07-30 11:15:00+00:00,DOGEUSDT,SHORT,EXECUTED,MED_RISK__HIGH_QUAL__HIGH_PROFIT,None,TIME_CLOSE_EXIT,149.5,1.0,149.5,0.58,0.64,0.24,-0.14,-0.24,-0.36,0.12,0.15,0.27,-0.63,9966.07,0.34,2026-07-30
125,2026-07-30 12:00:00+00:00,DOGEUSDT,LONG,EXECUTED,MED_RISK__HIGH_QUAL__HIGH_PROFIT,None,TAKE_PROFIT_HIT,149.49,1.0,149.49,0.7,0.71,1.0,-0.58,0.7,1.05,0.12,0.15,0.27,0.78,9966.84,0.33,2026-07-30
126,2026-07-30 15:00:00+00:00,ETHUSDT,SHORT,EXECUTED,LOW_RISK__HIGH_QUAL__HIGH_PROFIT,None,TIME_CLOSE_EXIT,149.5,1.0,149.5,0.64,0.54,0.12,-0.22,-0.27,-0.4,0.12,0.15,0.27,-0.67,9966.17,0.34,2026-07-30
127,2026-07-30 17:30:00+00:00,ETHUSDT,LONG,EXECUTED,MED_RISK__HIGH_QUAL__LOW_PROFIT,None,TIME_CLOSE_EXIT,149.49,1.0,149.49,0.59,0.47,0.1,-0.24,-0.17,-0.25,0.12,0.15,0.27,-0.52,9965.65,0.34,2026-07-30
128,2026-07-30 18:30:00+00:00,ETHUSDT,SHORT,EXECUTED,LOW_RISK__HIGH_QUAL__HIGH_PROFIT,None,TIME_CLOSE_EXIT,149.48,1.0,149.48,0.29,0.32,0.2,-0.12,-0.18,-0.27,0.12,0.15,0.27,-0.54,9965.11,0.35,2026-07-30
129,2026-07-30 18:45:00+00:00,BTCUSDT,SHORT,EXECUTED,LOW_RISK__HIGH_QUAL__HIGH_PROFIT,None,TIME_CLOSE_EXIT,149.48,1.0,149.48,0.16,0.32,0.02,-0.05,-0.21,-0.31,0.12,0.15,0.27,-0.58,9964.53,0.35,2026-07-30
130,2026-07-30 19:00:00+00:00,XRPUSDT,SHORT,EXECUTED,LOW_RISK__HIGH_QUAL__HIGH_PROFIT,None,TIME_CLOSE_EXIT,149.47,1.0,149.47,0.37,0.48,0.13,-0.1,-0.27,-0.4,0.12,0.15,0.27,-0.67,9963.85,0.36,2026-07-30
131,2026-07-30 19:15:00+00:00,ETHUSDT,LONG,EXECUTED,MED_RISK__HIGH_QUAL__LOW_PROFIT,None,TIME_CLOSE_EXIT,149.46,1.0,149.46,0.69,0.62,0.15,-0.29,-0.25,-0.37,0.12,0.15,0.27,-0.64,9963.21,0.37,2026-07-30
132,2026-07-30 19:15:00+00:00,BTCUSDT,LONG,EXECUTED,MED_RISK__LOW_QUAL__HIGH_PROFIT,None,TIME_CLOSE_EXIT,49.82,1.0,49.82,0.46,0.3,0.07,-0.16,-0.15,-0.07,0.04,0.05,0.09,-0.16,9963.05,0.37,2026-07-30
133,2026-07-30 19:45:00+00:00,XRPUSDT,LONG,EXECUTED,MED_RISK__LOW_QUAL__HIGH_PROFIT,None,TIME_CLOSE_EXIT,49.82,1.0,49.82,0.44,0.43,0.22,-0.17,-0.14,-0.07,0.04,0.05,0.09,-0.16,9962.89,0.37,2026-07-30
134,2026-07-30 20:15:00+00:00,BTCUSDT,SHORT,EXECUTED,LOW_RISK__HIGH_QUAL__HIGH_PROFIT,None,TIME_CLOSE_EXIT,149.44,1.0,149.44,0.12,0.16,0.05,-0.12,0.0,0.0,0.12,0.15,0.27,-0.27,9962.62,0.37,2026-07-30
135,2026-07-30 20:15:00+00:00,XRPUSDT,SHORT,EXECUTED,LOW_RISK__HIGH_QUAL__HIGH_PROFIT,None,TAKE_PROFIT_HIT,149.44,1.0,149.44,0.56,0.35,2.68,-0.35,0.56,0.84,0.12,0.15,0.27,0.57,9963.19,0.37,2026-07-30
136,2026-07-30 20:30:00+00:00,BTCUSDT,LONG,EXECUTED,MED_RISK__LOW_QUAL__HIGH_PROFIT,None,TIME_CLOSE_EXIT,49.82,1.0,49.82,0.33,0.23,0.02,-0.18,0.0,0.0,0.04,0.05,0.09,-0.09,9963.1,0.37,2026-07-30
137,2026-07-30 20:45:00+00:00,DOGEUSDT,SHORT,EXECUTED,MED_RISK__HIGH_QUAL__HIGH_PROFIT,None,TIME_CLOSE_EXIT,149.45,1.0,149.45,0.49,0.46,0.23,-0.26,-0.13,-0.19,0.12,0.15,0.27,-0.46,9962.64,0.37,2026-07-30
138,2026-07-30 20:45:00+00:00,BTCUSDT,SHORT,EXECUTED,LOW_RISK__HIGH_QUAL__HIGH_PROFIT,None,TAKE_PROFIT_HIT,149.44,1.0,149.44,0.1,0.19,0.12,-0.17,0.1,0.15,0.12,0.15,0.27,-0.12,9962.52,0.37,2026-07-30
139,2026-07-30 20:45:00+00:00,SOLUSDT,SHORT,EXECUTED,LOW_RISK__LOW_QUAL__HIGH_PROFIT,None,TIME_CLOSE_EXIT,49.81,1.0,49.81,0.43,0.38,0.12,-0.39,-0.28,-0.14,0.04,0.05,0.09,-0.23,9962.29,0.38,2026-07-30
140,2026-07-30 21:45:00+00:00,ETHUSDT,SHORT,EXECUTED,LOW_RISK__HIGH_QUAL__HIGH_PROFIT,None,TIME_CLOSE_EXIT,149.43,1.0,149.43,0.4,0.39,0.08,-0.18,0.0,0.0,0.12,0.15,0.27,-0.27,9962.02,0.38,2026-07-30
141,2026-07-30 22:00:00+00:00,ETHUSDT,LONG,EXECUTED,MED_RISK__HIGH_QUAL__LOW_PROFIT,None,TAKE_PROFIT_HIT,149.43,1.0,149.43,0.52,0.53,0.58,-0.5,0.52,0.78,0.12,0.15,0.27,0.51,9962.53,0.37,2026-07-30
142,2026-07-30 22:00:00+00:00,BTCUSDT,LONG,EXECUTED,MED_RISK__LOW_QUAL__HIGH_PROFIT,None,TIME_CLOSE_EXIT,49.81,1.0,49.81,0.57,0.39,0.24,-0.4,-0.17,-0.08,0.04,0.05,0.09,-0.17,9962.36,0.38,2026-07-30
143,2026-07-30 22:15:00+00:00,SOLUSDT,LONG,EXECUTED,LOW_RISK__LOW_QUAL__HIGH_PROFIT,None,TIME_CLOSE_EXIT,49.81,1.0,49.81,0.41,0.7,0.19,-0.25,-0.32,-0.16,0.04,0.05,0.09,-0.25,9962.11,0.38,2026-07-30
144,2026-07-30 22:15:00+00:00,DOGEUSDT,LONG,EXECUTED,MED_RISK__HIGH_QUAL__HIGH_PROFIT,None,TIME_CLOSE_EXIT,149.43,1.0,149.43,0.48,0.59,0.14,-0.41,-0.37,-0.55,0.12,0.15,0.27,-0.82,9961.29,0.39,2026-07-30
145,2026-07-30 23:45:00+00:00,DOGEUSDT,SHORT,EXECUTED,MED_RISK__HIGH_QUAL__HIGH_PROFIT,None,TAKE_PROFIT_HIT,149.42,1.0,149.42,0.32,0.43,0.55,-0.23,0.32,0.48,0.12,0.15,0.27,0.22,9961.5,0.38,2026-07-30
146,2026-07-31 00:00:00+00:00,ETHUSDT,SHORT,EXECUTED,LOW_RISK__HIGH_QUAL__HIGH_PROFIT,None,TIME_CLOSE_EXIT,149.42,1.0,149.42,0.82,0.41,0.23,-0.14,-0.6,-0.9,0.12,0.15,0.27,-1.17,9960.34,0.4,2026-07-31
147,2026-07-31 00:15:00+00:00,BTCUSDT,SHORT,EXECUTED,LOW_RISK__HIGH_QUAL__HIGH_PROFIT,None,TIME_CLOSE_EXIT,149.41,1.0,149.41,0.68,0.19,0.13,-0.07,0.08,0.12,0.12,0.15,0.27,-0.15,9960.19,0.4,2026-07-31
148,2026-07-31 00:15:00+00:00,SOLUSDT,SHORT,EXECUTED,LOW_RISK__LOW_QUAL__HIGH_PROFIT,None,TIME_CLOSE_EXIT,49.8,1.0,49.8,0.62,0.25,0.17,-0.11,0.09,0.04,0.04,0.05,0.09,-0.04,9960.14,0.4,2026-07-31
149,2026-07-31 01:00:00+00:00,SOLUSDT,LONG,EXECUTED,MED_RISK__LOW_QUAL__HIGH_PROFIT,None,TIME_CLOSE_EXIT,49.8,1.0,49.8,0.47,1.2,0.09,-0.97,-1.09,-0.54,0.04,0.05,0.09,-0.63,9959.51,0.4,2026-07-31
150,2026-07-31 01:00:00+00:00,BTCUSDT,LONG,EXECUTED,HIGH_RISK__LOW_QUAL__HIGH_PROFIT,None,TIME_CLOSE_EXIT,49.8,1.0,49.8,0.34,0.93,0.34,-0.71,-0.56,-0.28,0.04,0.05,0.09,-0.37,9959.14,0.41,2026-07-31
151,2026-07-31 01:15:00+00:00,ETHUSDT,LONG,EXECUTED,MED_RISK__HIGH_QUAL__LOW_PROFIT,None,TIME_CLOSE_EXIT,149.39,1.0,149.39,0.51,0.7,0.17,-0.23,0.0,0.0,0.12,0.15,0.27,-0.27,9958.87,0.41,2026-07-31
152,2026-07-31 01:15:00+00:00,DOGEUSDT,LONG,EXECUTED,MED_RISK__HIGH_QUAL__HIGH_PROFIT,None,TIME_CLOSE_EXIT,149.38,1.0,149.38,0.33,0.67,0.07,-0.23,0.0,0.0,0.12,0.15,0.27,-0.27,9958.6,0.41,2026-07-31
153,2026-07-31 01:30:00+00:00,DOGEUSDT,SHORT,EXECUTED,MED_RISK__HIGH_QUAL__HIGH_PROFIT,None,TAKE_PROFIT_HIT,149.38,1.0,149.38,0.78,0.36,2.98,-0.4,0.78,1.17,0.12,0.15,0.27,0.9,9959.5,0.4,2026-07-31
154,2026-07-31 01:30:00+00:00,ETHUSDT,SHORT,EXECUTED,LOW_RISK__HIGH_QUAL__HIGH_PROFIT,None,TAKE_PROFIT_HIT,149.39,1.0,149.39,0.88,0.37,3.68,-0.56,0.88,1.32,0.12,0.15,0.27,1.05,9960.56,0.39,2026-07-31
155,2026-07-31 01:45:00+00:00,BTCUSDT,SHORT,EXECUTED,LOW_RISK__HIGH_QUAL__HIGH_PROFIT,None,TAKE_PROFIT_HIT,149.41,1.0,149.41,0.86,0.57,3.25,-0.51,0.86,1.28,0.12,0.15,0.27,1.01,9961.57,0.38,2026-07-31
156,2026-07-31 02:00:00+00:00,SOLUSDT,SHORT,EXECUTED,LOW_RISK__LOW_QUAL__HIGH_PROFIT,None,TIME_CLOSE_EXIT,49.81,1.0,49.81,0.85,0.58,0.85,-0.28,0.0,0.0,0.04,0.05,0.09,-0.09,9961.48,0.39,2026-07-31
157,2026-07-31 06:15:00+00:00,SOLUSDT,LONG,EXECUTED,LOW_RISK__LOW_QUAL__HIGH_PROFIT,None,TIME_CLOSE_EXIT,49.81,1.0,49.81,0.52,0.61,0.01,-0.21,0.0,0.0,0.04,0.05,0.09,-0.09,9961.39,0.39,2026-07-31
158,2026-07-31 06:30:00+00:00,SOLUSDT,SHORT,EXECUTED,LOW_RISK__LOW_QUAL__HIGH_PROFIT,None,TAKE_PROFIT_HIT,49.81,1.0,49.81,0.7,0.31,1.13,-0.55,0.7,0.35,0.04,0.05,0.09,0.26,9961.65,0.38,2026-07-31
159,2026-07-31 13:15:00+00:00,SOLUSDT,LONG,EXECUTED,LOW_RISK__LOW_QUAL__HIGH_PROFIT,None,TIME_CLOSE_EXIT,49.81,1.0,49.81,0.32,0.61,0.01,-0.15,0.0,0.0,0.04,0.05,0.09,-0.09,9961.56,0.38,2026-07-31
160,2026-07-31 13:30:00+00:00,SOLUSDT,SHORT,EXECUTED,LOW_RISK__LOW_QUAL__HIGH_PROFIT,None,TIME_CLOSE_EXIT,49.81,1.0,49.81,1.17,0.63,0.82,-0.57,0.07,0.03,0.04,0.05,0.09,-0.05,9961.5,0.38,2026-07-31
161,2026-07-31 17:00:00+00:00,DOGEUSDT,LONG,EXECUTED,MED_RISK__HIGH_QUAL__HIGH_PROFIT,None,TAKE_PROFIT_HIT,149.42,1.0,149.42,0.51,0.7,1.02,-0.11,0.51,0.76,0.12,0.15,0.27,0.49,9961.99,0.38,2026-07-31
162,2026-07-31 17:30:00+00:00,XRPUSDT,LONG,EXECUTED,MED_RISK__LOW_QUAL__HIGH_PROFIT,None,TIME_CLOSE_EXIT,49.81,1.0,49.81,0.24,0.56,0.22,-0.04,-0.33,-0.16,0.04,0.05,0.09,-0.25,9961.74,0.38,2026-07-31
163,2026-07-31 17:45:00+00:00,ETHUSDT,LONG,EXECUTED,MED_RISK__HIGH_QUAL__LOW_PROFIT,None,TIME_CLOSE_EXIT,149.43,1.0,149.43,0.29,0.59,0.17,-0.08,-0.36,-0.54,0.12,0.15,0.27,-0.81,9960.93,0.39,2026-07-31
164,2026-07-31 18:00:00+00:00,SOLUSDT,LONG,EXECUTED,LOW_RISK__LOW_QUAL__HIGH_PROFIT,None,TIME_CLOSE_EXIT,49.8,1.0,49.8,0.25,0.3,0.25,-0.03,0.0,0.0,0.04,0.05,0.09,-0.09,9960.84,0.39,2026-07-31
165,2026-07-31 18:15:00+00:00,SOLUSDT,SHORT,EXECUTED,LOW_RISK__LOW_QUAL__HIGH_PROFIT,None,TAKE_PROFIT_HIT,49.8,1.0,49.8,0.75,0.3,0.89,-0.33,0.75,0.37,0.04,0.05,0.09,0.28,9961.12,0.39,2026-07-31
166,2026-07-31 18:30:00+00:00,BTCUSDT,LONG,EXECUTED,MED_RISK__LOW_QUAL__HIGH_PROFIT,None,TAKE_PROFIT_HIT,49.81,1.0,49.81,0.18,0.22,0.22,-0.11,0.18,0.09,0.04,0.05,0.09,-0.0,9961.12,0.39,2026-07-31
167,2026-07-31 19:00:00+00:00,XRPUSDT,SHORT,EXECUTED,LOW_RISK__HIGH_QUAL__HIGH_PROFIT,None,TIME_CLOSE_EXIT,149.42,1.0,149.42,1.18,0.42,0.35,-0.31,0.0,0.0,0.12,0.15,0.27,-0.27,9960.86,0.39,2026-07-31
168,2026-07-31 19:30:00+00:00,BTCUSDT,SHORT,EXECUTED,LOW_RISK__HIGH_QUAL__HIGH_PROFIT,None,TIME_CLOSE_EXIT,149.41,1.0,149.41,0.44,0.17,0.25,-0.08,0.04,0.06,0.12,0.15,0.27,-0.21,9960.65,0.39,2026-07-31
169,2026-07-31 19:45:00+00:00,ETHUSDT,SHORT,EXECUTED,LOW_RISK__HIGH_QUAL__HIGH_PROFIT,None,TIME_CLOSE_EXIT,149.41,1.0,149.41,0.99,0.22,0.5,-0.14,0.12,0.18,0.12,0.15,0.27,-0.09,9960.56,0.39,2026-07-31
170,2026-07-31 20:45:00+00:00,DOGEUSDT,SHORT,EXECUTED,MED_RISK__HIGH_QUAL__HIGH_PROFIT,None,TIME_CLOSE_EXIT,149.41,1.0,149.41,0.87,0.64,0.12,-0.26,-0.35,-0.52,0.12,0.15,0.27,-0.79,9959.77,0.4,2026-07-31
171,2026-07-31 22:15:00+00:00,DOGEUSDT,LONG,EXECUTED,MED_RISK__HIGH_QUAL__HIGH_PROFIT,None,TIME_CLOSE_EXIT,149.4,1.0,149.4,0.14,0.43,0.0,-0.13,0.0,0.0,0.12,0.15,0.27,-0.27,9959.5,0.41,2026-07-31
172,2026-07-31 22:30:00+00:00,DOGEUSDT,SHORT,EXECUTED,MED_RISK__HIGH_QUAL__HIGH_PROFIT,None,TIME_CLOSE_EXIT,149.39,1.0,149.39,0.48,0.29,0.24,-0.16,0.09,0.13,0.12,0.15,0.27,-0.13,9959.36,0.41,2026-07-31
173,2026-08-01 00:30:00+00:00,DOGEUSDT,LONG,EXECUTED,MED_RISK__HIGH_QUAL__HIGH_PROFIT,None,TAKE_PROFIT_HIT,149.39,1.0,149.39,0.37,0.52,0.56,-0.43,0.37,0.56,0.12,0.15,0.27,0.29,9959.65,0.4,2026-08-01
174,2026-08-01 00:30:00+00:00,ETHUSDT,LONG,EXECUTED,MED_RISK__HIGH_QUAL__LOW_PROFIT,None,TAKE_PROFIT_HIT,149.39,1.0,149.39,0.12,0.26,0.26,-0.15,0.12,0.18,0.12,0.15,0.27,-0.09,9959.56,0.4,2026-08-01
175,2026-08-01 01:00:00+00:00,XRPUSDT,LONG,EXECUTED,MED_RISK__LOW_QUAL__HIGH_PROFIT,None,TAKE_PROFIT_HIT,49.8,1.0,49.8,0.18,0.28,0.26,-0.15,0.18,0.09,0.04,0.05,0.09,0.0,9959.56,0.4,2026-08-01
176,2026-08-01 01:00:00+00:00,SOLUSDT,LONG,EXECUTED,LOW_RISK__LOW_QUAL__HIGH_PROFIT,None,TIME_CLOSE_EXIT,49.8,1.0,49.8,0.19,0.3,0.08,-0.16,-0.16,-0.08,0.04,0.05,0.09,-0.17,9959.39,0.41,2026-08-01
177,2026-08-01 02:00:00+00:00,BTCUSDT,LONG,EXECUTED,MED_RISK__LOW_QUAL__HIGH_PROFIT,None,TAKE_PROFIT_HIT,49.8,1.0,49.8,0.05,0.11,0.21,-0.08,0.05,0.03,0.04,0.05,0.09,-0.06,9959.33,0.41,2026-08-01
178,2026-08-01 03:15:00+00:00,SOLUSDT,SHORT,EXECUTED,LOW_RISK__LOW_QUAL__HIGH_PROFIT,None,TIME_CLOSE_EXIT,49.8,1.0,49.8,0.52,0.25,0.08,-0.11,-0.15,-0.07,0.04,0.05,0.09,-0.16,9959.17,0.41,2026-08-01
179,2026-08-01 04:00:00+00:00,SOLUSDT,LONG,EXECUTED,LOW_RISK__LOW_QUAL__HIGH_PROFIT,None,TIME_CLOSE_EXIT,49.8,1.0,49.8,0.16,0.24,0.16,-0.1,-0.21,-0.1,0.04,0.05,0.09,-0.19,9958.97,0.41,2026-08-01
180,2026-08-01 05:45:00+00:00,XRPUSDT,SHORT,EXECUTED,LOW_RISK__HIGH_QUAL__HIGH_PROFIT,None,TIME_CLOSE_EXIT,149.38,1.0,149.38,0.77,0.15,0.39,-0.11,0.07,0.1,0.12,0.15,0.27,-0.16,9958.81,0.41,2026-08-01
181,2026-08-01 05:45:00+00:00,SOLUSDT,SHORT,EXECUTED,LOW_RISK__LOW_QUAL__HIGH_PROFIT,None,TIME_CLOSE_EXIT,49.79,1.0,49.79,0.65,0.23,0.36,-0.25,0.0,0.0,0.04,0.05,0.09,-0.09,9958.72,0.41,2026-08-01
182,2026-08-01 06:30:00+00:00,DOGEUSDT,SHORT,EXECUTED,MED_RISK__HIGH_QUAL__HIGH_PROFIT,None,TAKE_PROFIT_HIT,149.38,1.0,149.38,0.37,0.25,0.57,-0.43,0.37,0.56,0.12,0.15,0.27,0.29,9959.01,0.41,2026-08-01
183,2026-08-01 10:00:00+00:00,BTCUSDT,SHORT,EXECUTED,LOW_RISK__HIGH_QUAL__HIGH_PROFIT,None,TIME_CLOSE_EXIT,149.39,1.0,149.39,0.48,0.24,0.03,-0.17,-0.11,-0.16,0.12,0.15,0.27,-0.43,9958.57,0.41,2026-08-01
184,2026-08-01 10:00:00+00:00,ETHUSDT,SHORT,EXECUTED,LOW_RISK__HIGH_QUAL__HIGH_PROFIT,None,TIME_CLOSE_EXIT,149.38,1.0,149.38,0.83,0.44,0.08,-0.24,-0.24,-0.36,0.12,0.15,0.27,-0.63,9957.94,0.42,2026-08-01
185,2026-08-01 11:45:00+00:00,XRPUSDT,LONG,EXECUTED,MED_RISK__LOW_QUAL__HIGH_PROFIT,None,TAKE_PROFIT_HIT,49.79,1.0,49.79,0.1,0.25,0.24,-0.06,0.1,0.05,0.04,0.05,0.09,-0.04,9957.91,0.42,2026-08-01
186,2026-08-01 12:00:00+00:00,BTCUSDT,LONG,EXECUTED,MED_RISK__LOW_QUAL__HIGH_PROFIT,None,TIME_CLOSE_EXIT,49.79,1.0,49.79,0.05,0.2,0.04,-0.08,-0.06,-0.03,0.04,0.05,0.09,-0.12,9957.79,0.42,2026-08-01
187,2026-08-01 13:00:00+00:00,DOGEUSDT,LONG,EXECUTED,MED_RISK__HIGH_QUAL__HIGH_PROFIT,None,TIME_CLOSE_EXIT,149.37,1.0,149.37,0.55,0.55,0.23,-0.26,-0.29,-0.43,0.12,0.15,0.27,-0.7,9957.08,0.43,2026-08-01
188,2026-08-01 13:00:00+00:00,ETHUSDT,LONG,EXECUTED,MED_RISK__HIGH_QUAL__LOW_PROFIT,None,TAKE_PROFIT_HIT,149.36,1.0,149.36,0.12,0.19,0.32,-0.1,0.12,0.17,0.12,0.15,0.27,-0.1,9956.99,0.43,2026-08-01
189,2026-08-01 13:00:00+00:00,SOLUSDT,LONG,EXECUTED,LOW_RISK__LOW_QUAL__HIGH_PROFIT,None,TIME_CLOSE_EXIT,49.78,1.0,49.78,0.16,0.25,0.1,-0.15,-0.19,-0.09,0.04,0.05,0.09,-0.18,9956.81,0.43,2026-08-01
190,2026-08-01 15:30:00+00:00,SOLUSDT,SHORT,EXECUTED,LOW_RISK__LOW_QUAL__HIGH_PROFIT,None,TAKE_PROFIT_HIT,49.78,1.0,49.78,0.77,0.3,3.08,-0.16,0.77,0.38,0.04,0.05,0.09,0.29,9957.1,0.43,2026-08-01
191,2026-08-01 15:30:00+00:00,BTCUSDT,SHORT,EXECUTED,LOW_RISK__HIGH_QUAL__HIGH_PROFIT,None,TAKE_PROFIT_HIT,149.36,1.0,149.36,0.41,0.18,1.23,-0.02,0.41,0.61,0.12,0.15,0.27,0.35,9957.44,0.43,2026-08-01
192,2026-08-01 16:00:00+00:00,XRPUSDT,SHORT,EXECUTED,LOW_RISK__HIGH_QUAL__HIGH_PROFIT,None,TAKE_PROFIT_HIT,149.36,1.0,149.36,0.94,0.16,1.47,-0.16,0.94,1.4,0.12,0.15,0.27,1.13,9958.57,0.41,2026-08-01
193,2026-08-01 16:45:00+00:00,ETHUSDT,SHORT,EXECUTED,LOW_RISK__HIGH_QUAL__HIGH_PROFIT,None,TAKE_PROFIT_HIT,149.38,1.0,149.38,0.98,0.12,2.5,-0.08,0.98,1.46,0.12,0.15,0.27,1.19,9959.76,0.4,2026-08-01
194,2026-08-01 17:15:00+00:00,DOGEUSDT,SHORT,EXECUTED,MED_RISK__HIGH_QUAL__HIGH_PROFIT,None,TAKE_PROFIT_HIT,149.4,1.0,149.4,1.17,0.48,3.05,-0.19,1.17,1.75,0.12,0.15,0.27,1.48,9961.25,0.39,2026-08-01
195,2026-08-01 21:30:00+00:00,XRPUSDT,LONG,EXECUTED,MED_RISK__LOW_QUAL__HIGH_PROFIT,None,TAKE_PROFIT_HIT,49.81,1.0,49.81,0.38,0.52,2.38,-0.24,0.38,0.19,0.04,0.05,0.09,0.1,9961.34,0.39,2026-08-01
196,2026-08-01 21:30:00+00:00,BTCUSDT,LONG,EXECUTED,MED_RISK__LOW_QUAL__HIGH_PROFIT,None,TAKE_PROFIT_HIT,49.81,1.0,49.81,0.23,0.26,1.33,-0.05,0.23,0.11,0.04,0.05,0.09,0.02,9961.37,0.39,2026-08-01
197,2026-08-01 22:15:00+00:00,SOLUSDT,LONG,EXECUTED,LOW_RISK__LOW_QUAL__HIGH_PROFIT,None,TAKE_PROFIT_HIT,49.81,1.0,49.81,0.35,0.52,2.32,-0.24,0.35,0.17,0.04,0.05,0.09,0.08,9961.45,0.39,2026-08-01
198,2026-08-01 22:30:00+00:00,DOGEUSDT,LONG,EXECUTED,MED_RISK__HIGH_QUAL__HIGH_PROFIT,None,TIME_CLOSE_EXIT,149.42,1.0,149.42,0.37,0.3,0.07,-0.09,0.0,0.0,0.12,0.15,0.27,-0.27,9961.18,0.39,2026-08-01
199,2026-08-01 23:00:00+00:00,DOGEUSDT,LONG,EXECUTED,MED_RISK__HIGH_QUAL__HIGH_PROFIT,None,TAKE_PROFIT_HIT,149.42,1.0,149.42,0.48,0.52,2.04,-0.25,0.48,0.72,0.12,0.15,0.27,0.45,9961.63,0.38,2026-08-01
200,2026-08-01 23:00:00+00:00,ETHUSDT,LONG,EXECUTED,MED_RISK__HIGH_QUAL__LOW_PROFIT,None,TIME_CLOSE_EXIT,149.42,1.0,149.42,0.23,0.19,0.14,-0.01,0.0,0.0,0.12,0.15,0.27,-0.27,9961.36,0.39,2026-08-01
201,2026-08-01 23:15:00+00:00,ETHUSDT,SHORT,EXECUTED,LOW_RISK__HIGH_QUAL__HIGH_PROFIT,None,TIME_CLOSE_EXIT,149.42,1.0,149.42,0.65,0.19,0.02,-0.15,-0.07,-0.1,0.12,0.15,0.27,-0.37,9960.99,0.39,2026-08-01
202,2026-08-02 00:00:00+00:00,ETHUSDT,LONG,EXECUTED,MED_RISK__HIGH_QUAL__LOW_PROFIT,None,TAKE_PROFIT_HIT,149.41,1.0,149.41,0.9,0.11,2.0,-0.22,0.9,1.34,0.12,0.15,0.27,1.07,9962.06,0.38,2026-08-02
203,2026-08-02 08:30:00+00:00,BTCUSDT,SHORT,EXECUTED,LOW_RISK__HIGH_QUAL__HIGH_PROFIT,None,TIME_CLOSE_EXIT,149.43,1.0,149.43,0.68,0.37,0.39,-0.26,0.01,0.01,0.12,0.15,0.27,-0.25,9961.81,0.38,2026-08-02
204,2026-08-02 08:30:00+00:00,ETHUSDT,SHORT,EXECUTED,LOW_RISK__HIGH_QUAL__HIGH_PROFIT,None,TAKE_PROFIT_HIT,149.43,1.0,149.43,1.01,0.39,1.07,-0.21,1.01,1.51,0.12,0.15,0.27,1.24,9963.05,0.37,2026-08-02
205,2026-08-02 08:45:00+00:00,DOGEUSDT,SHORT,EXECUTED,MED_RISK__HIGH_QUAL__HIGH_PROFIT,None,TIME_CLOSE_EXIT,149.45,1.0,149.45,0.53,0.5,0.24,-0.19,-0.29,-0.43,0.12,0.15,0.27,-0.7,9962.34,0.38,2026-08-02
206,2026-08-02 08:45:00+00:00,SOLUSDT,SHORT,EXECUTED,LOW_RISK__LOW_QUAL__HIGH_PROFIT,None,TIME_CLOSE_EXIT,49.81,1.0,49.81,0.74,0.41,0.66,-0.34,-0.04,-0.02,0.04,0.05,0.09,-0.11,9962.23,0.38,2026-08-02
207,2026-08-02 10:30:00+00:00,XRPUSDT,SHORT,EXECUTED,LOW_RISK__HIGH_QUAL__HIGH_PROFIT,None,TAKE_PROFIT_HIT,149.43,1.0,149.43,0.26,0.26,0.31,-0.18,0.26,0.39,0.12,0.15,0.27,0.12,9962.35,0.38,2026-08-02
208,2026-08-02 13:30:00+00:00,DOGEUSDT,LONG,EXECUTED,MED_RISK__HIGH_QUAL__HIGH_PROFIT,None,TAKE_PROFIT_HIT,149.44,1.0,149.44,0.61,0.19,1.94,-0.1,0.61,0.91,0.12,0.15,0.27,0.65,9963.0,0.37,2026-08-02
209,2026-08-02 14:15:00+00:00,XRPUSDT,LONG,EXECUTED,MED_RISK__LOW_QUAL__HIGH_PROFIT,None,TIME_CLOSE_EXIT,49.81,1.0,49.81,0.54,0.4,0.07,-0.13,-0.21,-0.1,0.04,0.05,0.09,-0.19,9962.8,0.37,2026-08-02
210,2026-08-02 15:15:00+00:00,SOLUSDT,LONG,EXECUTED,LOW_RISK__LOW_QUAL__HIGH_PROFIT,None,TIME_CLOSE_EXIT,49.81,1.0,49.81,0.52,0.17,0.11,-0.01,0.0,0.0,0.04,0.05,0.09,-0.09,9962.71,0.37,2026-08-02
211,2026-08-02 15:30:00+00:00,SOLUSDT,SHORT,EXECUTED,LOW_RISK__LOW_QUAL__HIGH_PROFIT,None,TAKE_PROFIT_HIT,49.81,1.0,49.81,0.2,0.29,0.22,-0.16,0.2,0.1,0.04,0.05,0.09,0.01,9962.72,0.37,2026-08-02
212,2026-08-02 16:00:00+00:00,XRPUSDT,SHORT,EXECUTED,LOW_RISK__HIGH_QUAL__HIGH_PROFIT,None,TIME_CLOSE_EXIT,149.44,1.0,149.44,0.24,0.53,0.07,-0.19,-0.28,-0.42,0.12,0.15,0.27,-0.69,9962.03,0.38,2026-08-02
213,2026-08-02 16:30:00+00:00,ETHUSDT,LONG,EXECUTED,MED_RISK__HIGH_QUAL__LOW_PROFIT,None,TAKE_PROFIT_HIT,149.43,1.0,149.43,0.97,0.43,1.8,-0.35,0.97,1.44,0.12,0.15,0.27,1.17,9963.21,0.37,2026-08-02
214,2026-08-02 16:45:00+00:00,BTCUSDT,LONG,EXECUTED,MED_RISK__LOW_QUAL__HIGH_PROFIT,None,TAKE_PROFIT_HIT,49.82,1.0,49.82,0.49,0.1,0.97,-0.04,0.49,0.25,0.04,0.05,0.09,0.16,9963.36,0.37,2026-08-02
215,2026-08-02 16:45:00+00:00,SOLUSDT,LONG,EXECUTED,LOW_RISK__LOW_QUAL__HIGH_PROFIT,None,TAKE_PROFIT_HIT,49.82,1.0,49.82,0.88,0.15,1.63,-0.07,0.88,0.44,0.04,0.05,0.09,0.35,9963.71,0.36,2026-08-02
216,2026-08-02 17:15:00+00:00,XRPUSDT,LONG,EXECUTED,MED_RISK__LOW_QUAL__HIGH_PROFIT,None,TIME_CLOSE_EXIT,49.82,1.0,49.82,0.71,0.26,0.46,-0.09,-0.01,-0.0,0.04,0.05,0.09,-0.09,9963.62,0.36,2026-08-02
217,2026-08-02 20:15:00+00:00,XRPUSDT,SHORT,EXECUTED,LOW_RISK__HIGH_QUAL__HIGH_PROFIT,None,TIME_CLOSE_EXIT,149.45,1.0,149.45,0.13,0.34,0.02,-0.18,-0.09,-0.13,0.12,0.15,0.27,-0.4,9963.22,0.37,2026-08-02
218,2026-08-02 21:00:00+00:00,XRPUSDT,LONG,EXECUTED,MED_RISK__LOW_QUAL__HIGH_PROFIT,None,TIME_CLOSE_EXIT,49.82,1.0,49.82,0.99,0.36,0.92,-0.18,0.06,0.03,0.04,0.05,0.09,-0.06,9963.16,0.37,2026-08-02
219,2026-08-02 23:45:00+00:00,SOLUSDT,SHORT,EXECUTED,LOW_RISK__LOW_QUAL__HIGH_PROFIT,None,TAKE_PROFIT_HIT,49.82,1.0,49.82,0.56,0.26,2.24,-0.05,0.56,0.28,0.04,0.05,0.09,0.19,9963.34,0.37,2026-08-02
220,2026-08-03 00:15:00+00:00,ETHUSDT,SHORT,EXECUTED,LOW_RISK__HIGH_QUAL__HIGH_PROFIT,None,TAKE_PROFIT_HIT,149.45,1.0,149.45,1.15,0.46,2.43,-0.34,1.15,1.72,0.12,0.15,0.27,1.45,9964.8,0.35,2026-08-03
221,2026-08-03 00:15:00+00:00,DOGEUSDT,SHORT,EXECUTED,MED_RISK__HIGH_QUAL__HIGH_PROFIT,None,TAKE_PROFIT_HIT,149.47,1.0,149.47,1.17,0.66,1.96,-0.43,1.17,1.74,0.12,0.15,0.27,1.48,9966.27,0.34,2026-08-03
222,2026-08-03 00:15:00+00:00,XRPUSDT,SHORT,EXECUTED,LOW_RISK__HIGH_QUAL__HIGH_PROFIT,None,TAKE_PROFIT_HIT,149.49,1.0,149.49,1.08,0.32,1.76,-0.3,1.08,1.62,0.12,0.15,0.27,1.35,9967.62,0.32,2026-08-03
223,2026-08-03 00:15:00+00:00,BTCUSDT,SHORT,EXECUTED,LOW_RISK__HIGH_QUAL__HIGH_PROFIT,None,TAKE_PROFIT_HIT,149.51,1.0,149.51,1.11,0.38,1.52,-0.28,1.11,1.66,0.12,0.15,0.27,1.39,9969.01,0.31,2026-08-03
224,2026-08-03 10:15:00+00:00,BTCUSDT,LONG,EXECUTED,MED_RISK__LOW_QUAL__HIGH_PROFIT,None,TIME_CLOSE_EXIT,49.85,1.0,49.85,0.32,0.28,0.15,0.0,-0.07,-0.03,0.04,0.05,0.09,-0.12,9968.88,0.31,2026-08-03
225,2026-08-03 10:30:00+00:00,DOGEUSDT,LONG,EXECUTED,MED_RISK__HIGH_QUAL__HIGH_PROFIT,None,TIME_CLOSE_EXIT,149.53,1.0,149.53,0.36,0.48,0.04,-0.29,-0.07,-0.1,0.12,0.15,0.27,-0.37,9968.51,0.31,2026-08-03
226,2026-08-03 10:45:00+00:00,XRPUSDT,LONG,EXECUTED,MED_RISK__LOW_QUAL__HIGH_PROFIT,None,TIME_CLOSE_EXIT,49.84,1.0,49.84,0.4,0.42,0.05,-0.14,-0.12,-0.06,0.04,0.05,0.09,-0.15,9968.36,0.32,2026-08-03
227,2026-08-03 11:00:00+00:00,DOGEUSDT,SHORT,EXECUTED,MED_RISK__HIGH_QUAL__HIGH_PROFIT,None,TIME_CLOSE_EXIT,149.53,1.0,149.53,0.77,0.41,0.22,-0.35,-0.16,-0.24,0.12,0.15,0.27,-0.51,9967.85,0.32,2026-08-03
228,2026-08-03 11:15:00+00:00,XRPUSDT,SHORT,EXECUTED,LOW_RISK__HIGH_QUAL__HIGH_PROFIT,None,TIME_CLOSE_EXIT,149.52,1.0,149.52,1.07,0.64,0.21,-0.3,-0.27,-0.4,0.12,0.15,0.27,-0.67,9967.18,0.33,2026-08-03
229,2026-08-03 11:45:00+00:00,BTCUSDT,SHORT,EXECUTED,LOW_RISK__HIGH_QUAL__HIGH_PROFIT,None,TIME_CLOSE_EXIT,149.51,1.0,149.51,0.79,0.41,0.18,-0.22,-0.22,-0.33,0.12,0.15,0.27,-0.6,9966.58,0.33,2026-08-03
230,2026-08-03 12:30:00+00:00,DOGEUSDT,LONG,EXECUTED,MED_RISK__HIGH_QUAL__HIGH_PROFIT,None,TAKE_PROFIT_HIT,149.5,1.0,149.5,1.16,0.42,1.44,-0.17,1.16,1.73,0.12,0.15,0.27,1.46,9968.04,0.32,2026-08-03
231,2026-08-03 13:00:00+00:00,BTCUSDT,LONG,EXECUTED,MED_RISK__LOW_QUAL__HIGH_PROFIT,None,TAKE_PROFIT_HIT,49.84,1.0,49.84,1.17,0.28,2.07,-0.35,1.17,0.59,0.04,0.05,0.09,0.5,9968.54,0.31,2026-08-03
232,2026-08-03 13:30:00+00:00,SOLUSDT,LONG,EXECUTED,LOW_RISK__LOW_QUAL__HIGH_PROFIT,None,TAKE_PROFIT_HIT,49.84,1.0,49.84,1.19,0.6,2.02,-0.67,1.19,0.59,0.04,0.05,0.09,0.5,9969.04,0.31,2026-08-03
233,2026-08-03 13:30:00+00:00,ETHUSDT,LONG,EXECUTED,MED_RISK__HIGH_QUAL__LOW_PROFIT,None,TAKE_PROFIT_HIT,149.54,1.0,149.54,0.77,0.57,1.46,-0.6,0.77,1.16,0.12,0.15,0.27,0.89,9969.93,0.3,2026-08-03
234,2026-08-03 13:30:00+00:00,XRPUSDT,LONG,EXECUTED,MED_RISK__LOW_QUAL__HIGH_PROFIT,None,TAKE_PROFIT_HIT,49.85,1.0,49.85,1.29,0.54,1.5,-0.51,1.29,0.64,0.04,0.05,0.09,0.55,9970.48,0.3,2026-08-03
235,2026-08-03 21:30:00+00:00,BTCUSDT,SHORT,EXECUTED,LOW_RISK__HIGH_QUAL__HIGH_PROFIT,None,TAKE_PROFIT_HIT,149.56,1.0,149.56,0.45,0.34,0.56,-0.08,0.45,0.67,0.12,0.15,0.27,0.4,9970.88,0.29,2026-08-03
236,2026-08-03 21:45:00+00:00,ETHUSDT,SHORT,EXECUTED,LOW_RISK__HIGH_QUAL__HIGH_PROFIT,None,TAKE_PROFIT_HIT,149.56,1.0,149.56,0.76,0.44,0.82,-0.28,0.76,1.14,0.12,0.15,0.27,0.87,9971.75,0.28,2026-08-03
237,2026-08-03 22:00:00+00:00,SOLUSDT,SHORT,EXECUTED,LOW_RISK__LOW_QUAL__HIGH_PROFIT,None,TAKE_PROFIT_HIT,49.86,1.0,49.86,0.58,0.59,0.69,-0.24,0.58,0.29,0.04,0.05,0.09,0.2,9971.96,0.28,2026-08-03
238,2026-08-03 22:00:00+00:00,XRPUSDT,SHORT,EXECUTED,LOW_RISK__HIGH_QUAL__HIGH_PROFIT,None,TIME_CLOSE_EXIT,149.58,1.0,149.58,0.59,0.71,0.56,-0.4,-0.03,-0.04,0.12,0.15,0.27,-0.31,9971.64,0.28,2026-08-03
239,2026-08-03 22:15:00+00:00,DOGEUSDT,SHORT,EXECUTED,MED_RISK__HIGH_QUAL__HIGH_PROFIT,None,TAKE_PROFIT_HIT,149.57,1.0,149.57,0.32,0.44,0.48,-0.26,0.32,0.48,0.12,0.15,0.27,0.21,9971.85,0.28,2026-08-03
240,2026-08-04 01:45:00+00:00,DOGEUSDT,LONG,EXECUTED,MED_RISK__HIGH_QUAL__HIGH_PROFIT,None,TIME_CLOSE_EXIT,149.58,1.0,149.58,0.52,0.61,0.23,-0.37,-0.41,-0.61,0.12,0.15,0.27,-0.88,9970.97,0.29,2026-08-04
241,2026-08-04 01:45:00+00:00,BTCUSDT,LONG,EXECUTED,MED_RISK__LOW_QUAL__HIGH_PROFIT,None,TIME_CLOSE_EXIT,49.85,1.0,49.85,0.69,0.53,0.62,-0.31,-0.22,-0.11,0.04,0.05,0.09,-0.2,9970.77,0.29,2026-08-04
242,2026-08-04 02:00:00+00:00,SOLUSDT,LONG,EXECUTED,LOW_RISK__LOW_QUAL__HIGH_PROFIT,None,TIME_CLOSE_EXIT,49.85,1.0,49.85,0.78,0.53,0.49,-0.12,-0.11,-0.05,0.04,0.05,0.09,-0.14,9970.63,0.29,2026-08-04
243,2026-08-04 02:00:00+00:00,ETHUSDT,LONG,EXECUTED,MED_RISK__HIGH_QUAL__LOW_PROFIT,None,TAKE_PROFIT_HIT,149.56,1.0,149.56,0.61,0.47,0.91,-0.38,0.61,0.91,0.12,0.15,0.27,0.64,9971.26,0.29,2026-08-04
244,2026-08-04 02:30:00+00:00,XRPUSDT,LONG,EXECUTED,MED_RISK__LOW_QUAL__HIGH_PROFIT,None,TIME_CLOSE_EXIT,49.86,1.0,49.86,0.63,0.51,0.28,-0.44,-0.29,-0.14,0.04,0.05,0.09,-0.23,9971.03,0.29,2026-08-04
245,2026-08-04 05:15:00+00:00,DOGEUSDT,SHORT,EXECUTED,MED_RISK__HIGH_QUAL__HIGH_PROFIT,None,TAKE_PROFIT_HIT,149.57,1.0,149.57,0.26,0.25,0.37,-0.26,0.26,0.4,0.12,0.15,0.27,0.13,9971.16,0.29,2026-08-04
246,2026-08-04 06:15:00+00:00,XRPUSDT,SHORT,EXECUTED,LOW_RISK__HIGH_QUAL__HIGH_PROFIT,None,TAKE_PROFIT_HIT,149.57,1.0,149.57,0.32,0.41,0.33,-0.19,0.32,0.48,0.12,0.15,0.27,0.21,9971.37,0.29,2026-08-04
247,2026-08-04 06:30:00+00:00,ETHUSDT,SHORT,EXECUTED,LOW_RISK__HIGH_QUAL__HIGH_PROFIT,None,TIME_CLOSE_EXIT,149.57,1.0,149.57,0.75,0.59,0.17,-0.5,-0.36,-0.54,0.12,0.15,0.27,-0.81,9970.56,0.29,2026-08-04
248,2026-08-04 06:30:00+00:00,SOLUSDT,SHORT,EXECUTED,LOW_RISK__LOW_QUAL__HIGH_PROFIT,None,TIME_CLOSE_EXIT,49.85,1.0,49.85,0.53,0.64,0.46,-0.44,-0.22,-0.11,0.04,0.05,0.09,-0.2,9970.36,0.3,2026-08-04
249,2026-08-04 06:45:00+00:00,BTCUSDT,SHORT,EXECUTED,LOW_RISK__HIGH_QUAL__HIGH_PROFIT,None,TAKE_PROFIT_HIT,149.56,1.0,149.56,0.33,0.33,0.34,-0.15,0.33,0.5,0.12,0.15,0.27,0.23,9970.59,0.29,2026-08-04
250,2026-08-04 08:00:00+00:00,XRPUSDT,LONG,EXECUTED,MED_RISK__LOW_QUAL__HIGH_PROFIT,None,TIME_CLOSE_EXIT,49.85,1.0,49.85,0.63,0.29,0.24,-0.02,0.0,0.0,0.04,0.05,0.09,-0.09,9970.5,0.29,2026-08-04
251,2026-08-04 08:15:00+00:00,XRPUSDT,SHORT,EXECUTED,LOW_RISK__HIGH_QUAL__HIGH_PROFIT,None,TAKE_PROFIT_HIT,149.56,1.0,149.56,0.2,0.3,0.48,-0.15,0.2,0.29,0.12,0.15,0.27,0.02,9970.53,0.29,2026-08-04
252,2026-08-04 10:45:00+00:00,DOGEUSDT,LONG,EXECUTED,MED_RISK__HIGH_QUAL__HIGH_PROFIT,None,TIME_CLOSE_EXIT,149.56,1.0,149.56,0.79,0.58,0.48,-0.16,-0.3,-0.45,0.12,0.15,0.27,-0.72,9969.81,0.3,2026-08-04
253,2026-08-04 10:45:00+00:00,ETHUSDT,LONG,EXECUTED,MED_RISK__HIGH_QUAL__LOW_PROFIT,None,TIME_CLOSE_EXIT,149.55,1.0,149.55,0.89,0.77,0.81,-0.23,0.35,0.52,0.12,0.15,0.27,0.25,9970.06,0.3,2026-08-04
254,2026-08-04 11:00:00+00:00,BTCUSDT,LONG,EXECUTED,MED_RISK__LOW_QUAL__HIGH_PROFIT,None,TAKE_PROFIT_HIT,49.85,1.0,49.85,0.73,0.31,1.26,-0.2,0.73,0.37,0.04,0.05,0.09,0.28,9970.34,0.3,2026-08-04
255,2026-08-04 11:15:00+00:00,SOLUSDT,LONG,EXECUTED,LOW_RISK__LOW_QUAL__HIGH_PROFIT,None,TAKE_PROFIT_HIT,49.85,1.0,49.85,0.9,0.68,0.98,-0.54,0.9,0.45,0.04,0.05,0.09,0.36,9970.7,0.29,2026-08-04
256,2026-08-04 11:30:00+00:00,XRPUSDT,LONG,EXECUTED,MED_RISK__LOW_QUAL__HIGH_PROFIT,None,TIME_CLOSE_EXIT,49.85,1.0,49.85,0.71,0.42,0.29,-0.2,0.1,0.05,0.04,0.05,0.09,-0.04,9970.66,0.29,2026-08-04
257,2026-08-04 13:45:00+00:00,XRPUSDT,SHORT,EXECUTED,LOW_RISK__HIGH_QUAL__HIGH_PROFIT,None,TIME_CLOSE_EXIT,149.56,1.0,149.56,0.62,0.67,0.1,-0.49,-0.4,-0.6,0.12,0.15,0.27,-0.87,9969.79,0.3,2026-08-04
258,2026-08-04 14:00:00+00:00,DOGEUSDT,SHORT,EXECUTED,MED_RISK__HIGH_QUAL__HIGH_PROFIT,None,TIME_CLOSE_EXIT,149.55,1.0,149.55,0.54,0.64,0.41,-0.27,-0.41,-0.61,0.12,0.15,0.27,-0.88,9968.91,0.31,2026-08-04
259,2026-08-04 14:45:00+00:00,XRPUSDT,LONG,EXECUTED,MED_RISK__LOW_QUAL__HIGH_PROFIT,None,TIME_CLOSE_EXIT,49.84,1.0,49.84,0.48,0.39,0.07,-0.11,0.0,0.0,0.04,0.05,0.09,-0.09,9968.82,0.31,2026-08-04
260,2026-08-04 15:00:00+00:00,XRPUSDT,SHORT,EXECUTED,LOW_RISK__HIGH_QUAL__HIGH_PROFIT,None,TIME_CLOSE_EXIT,149.53,1.0,149.53,0.37,0.3,0.21,-0.2,0.17,0.25,0.12,0.15,0.27,-0.01,9968.81,0.31,2026-08-04
261,2026-08-04 15:30:00+00:00,XRPUSDT,LONG,EXECUTED,MED_RISK__LOW_QUAL__HIGH_PROFIT,None,TIME_CLOSE_EXIT,49.84,1.0,49.84,0.51,0.48,0.33,-0.43,-0.22,-0.11,0.04,0.05,0.09,-0.2,9968.61,0.31,2026-08-04
262,2026-08-04 16:45:00+00:00,XRPUSDT,SHORT,EXECUTED,LOW_RISK__HIGH_QUAL__HIGH_PROFIT,None,TIME_CLOSE_EXIT,149.53,1.0,149.53,0.3,0.42,0.09,-0.1,0.0,0.0,0.12,0.15,0.27,-0.27,9968.34,0.32,2026-08-04
263,2026-08-04 17:00:00+00:00,DOGEUSDT,LONG,EXECUTED,MED_RISK__HIGH_QUAL__HIGH_PROFIT,None,TIME_CLOSE_EXIT,149.53,1.0,149.53,0.72,0.58,0.34,-0.33,-0.04,-0.06,0.12,0.15,0.27,-0.33,9968.01,0.32,2026-08-04
264,2026-08-04 17:00:00+00:00,XRPUSDT,LONG,EXECUTED,MED_RISK__LOW_QUAL__HIGH_PROFIT,None,TIME_CLOSE_EXIT,49.84,1.0,49.84,0.5,0.33,0.17,-0.2,0.03,0.01,0.04,0.05,0.09,-0.07,9967.93,0.32,2026-08-04
265,2026-08-04 17:45:00+00:00,XRPUSDT,SHORT,EXECUTED,LOW_RISK__HIGH_QUAL__HIGH_PROFIT,None,TIME_CLOSE_EXIT,149.52,1.0,149.52,0.25,0.5,0.1,-0.3,0.0,0.0,0.12,0.15,0.27,-0.27,9967.67,0.32,2026-08-04
266,2026-08-04 18:00:00+00:00,XRPUSDT,LONG,EXECUTED,MED_RISK__LOW_QUAL__HIGH_PROFIT,None,TIME_CLOSE_EXIT,49.84,1.0,49.84,0.63,0.47,0.44,-0.4,-0.16,-0.08,0.04,0.05,0.09,-0.17,9967.5,0.33,2026-08-04
267,2026-08-04 21:00:00+00:00,DOGEUSDT,SHORT,EXECUTED,MED_RISK__HIGH_QUAL__HIGH_PROFIT,None,TIME_CLOSE_EXIT,149.51,1.0,149.51,0.45,0.34,0.07,-0.21,-0.23,-0.34,0.12,0.15,0.27,-0.61,9966.88,0.33,2026-08-04
268,2026-08-04 21:45:00+00:00,ETHUSDT,SHORT,EXECUTED,LOW_RISK__HIGH_QUAL__HIGH_PROFIT,None,TIME_CLOSE_EXIT,149.5,1.0,149.5,0.68,0.2,0.21,-0.09,-0.2,-0.3,0.12,0.15,0.27,-0.57,9966.32,0.34,2026-08-04
269,2026-08-04 22:00:00+00:00,XRPUSDT,SHORT,EXECUTED,LOW_RISK__HIGH_QUAL__HIGH_PROFIT,None,TAKE_PROFIT_HIT,149.49,1.0,149.49,0.62,0.3,1.94,-0.29,0.62,0.93,0.12,0.15,0.27,0.66,9966.97,0.33,2026-08-04
270,2026-08-04 22:30:00+00:00,ETHUSDT,LONG,EXECUTED,MED_RISK__HIGH_QUAL__LOW_PROFIT,None,TAKE_PROFIT_HIT,149.5,1.0,149.5,0.17,0.29,0.22,-0.09,0.17,0.26,0.12,0.15,0.27,-0.01,9966.96,0.33,2026-08-04
271,2026-08-04 23:00:00+00:00,DOGEUSDT,LONG,EXECUTED,MED_RISK__HIGH_QUAL__HIGH_PROFIT,None,TIME_CLOSE_EXIT,149.5,1.0,149.5,0.28,0.58,0.04,-0.24,0.0,0.0,0.12,0.15,0.27,-0.27,9966.69,0.33,2026-08-04
272,2026-08-04 23:15:00+00:00,ETHUSDT,SHORT,EXECUTED,LOW_RISK__HIGH_QUAL__HIGH_PROFIT,None,TIME_CLOSE_EXIT,149.5,1.0,149.5,0.79,0.41,0.47,-0.6,-0.36,-0.54,0.12,0.15,0.27,-0.81,9965.89,0.34,2026-08-04
273,2026-08-04 23:15:00+00:00,DOGEUSDT,SHORT,EXECUTED,MED_RISK__HIGH_QUAL__HIGH_PROFIT,None,TAKE_PROFIT_HIT,149.49,1.0,149.49,0.5,0.38,0.74,-0.44,0.5,0.75,0.12,0.15,0.27,0.48,9966.37,0.34,2026-08-04
274,2026-08-04 23:15:00+00:00,SOLUSDT,SHORT,EXECUTED,LOW_RISK__LOW_QUAL__HIGH_PROFIT,None,TIME_CLOSE_EXIT,49.83,1.0,49.83,0.7,0.6,0.69,-0.54,-0.28,-0.14,0.04,0.05,0.09,-0.23,9966.14,0.34,2026-08-04
275,2026-08-04 23:45:00+00:00,BTCUSDT,SHORT,EXECUTED,LOW_RISK__HIGH_QUAL__HIGH_PROFIT,None,TIME_CLOSE_EXIT,149.49,1.0,149.49,0.3,0.41,0.24,-0.18,-0.35,-0.52,0.12,0.15,0.27,-0.79,9965.34,0.35,2026-08-04
276,2026-08-05 02:00:00+00:00,SOLUSDT,LONG,EXECUTED,LOW_RISK__LOW_QUAL__HIGH_PROFIT,None,TIME_CLOSE_EXIT,49.83,1.0,49.83,0.81,0.73,0.35,-0.2,-0.59,-0.29,0.04,0.05,0.09,-0.38,9964.96,0.35,2026-08-05
277,2026-08-05 02:00:00+00:00,BTCUSDT,LONG,EXECUTED,MED_RISK__LOW_QUAL__HIGH_PROFIT,None,TIME_CLOSE_EXIT,49.82,1.0,49.82,1.04,0.5,0.07,-0.2,-0.5,-0.25,0.04,0.05,0.09,-0.34,9964.62,0.35,2026-08-05
278,2026-08-05 02:15:00+00:00,ETHUSDT,LONG,EXECUTED,MED_RISK__HIGH_QUAL__LOW_PROFIT,None,TIME_CLOSE_EXIT,149.47,1.0,149.47,0.53,0.39,0.13,-0.1,-0.18,-0.27,0.12,0.15,0.27,-0.54,9964.08,0.36,2026-08-05
279,2026-08-05 02:30:00+00:00,DOGEUSDT,LONG,EXECUTED,MED_RISK__HIGH_QUAL__HIGH_PROFIT,None,TIME_CLOSE_EXIT,149.46,1.0,149.46,0.17,0.61,0.09,-0.24,-0.18,-0.27,0.12,0.15,0.27,-0.54,9963.55,0.36,2026-08-05
280,2026-08-05 03:00:00+00:00,DOGEUSDT,SHORT,EXECUTED,MED_RISK__HIGH_QUAL__HIGH_PROFIT,None,TIME_CLOSE_EXIT,149.45,1.0,149.45,0.97,0.39,0.56,-0.46,0.1,0.15,0.12,0.15,0.27,-0.12,9963.43,0.37,2026-08-05
281,2026-08-05 03:15:00+00:00,ETHUSDT,SHORT,EXECUTED,LOW_RISK__HIGH_QUAL__HIGH_PROFIT,None,TIME_CLOSE_EXIT,149.45,1.0,149.45,0.92,0.42,0.07,-0.31,-0.37,-0.55,0.12,0.15,0.27,-0.82,9962.6,0.37,2026-08-05
282,2026-08-05 03:45:00+00:00,BTCUSDT,SHORT,EXECUTED,LOW_RISK__HIGH_QUAL__HIGH_PROFIT,None,TIME_CLOSE_EXIT,149.44,1.0,149.44,0.15,0.15,0.15,-0.03,0.01,0.01,0.12,0.15,0.27,-0.25,9962.35,0.38,2026-08-05
283,2026-08-05 03:45:00+00:00,SOLUSDT,SHORT,EXECUTED,LOW_RISK__LOW_QUAL__HIGH_PROFIT,None,TIME_CLOSE_EXIT,49.81,1.0,49.81,0.55,0.43,0.22,-0.05,-0.24,-0.12,0.04,0.05,0.09,-0.21,9962.14,0.38,2026-08-05
284,2026-08-05 05:00:00+00:00,BTCUSDT,LONG,EXECUTED,MED_RISK__LOW_QUAL__HIGH_PROFIT,None,TIME_CLOSE_EXIT,49.81,1.0,49.81,0.82,0.26,0.32,-0.24,-0.2,-0.1,0.04,0.05,0.09,-0.19,9961.95,0.38,2026-08-05
285,2026-08-05 05:15:00+00:00,SOLUSDT,LONG,EXECUTED,LOW_RISK__LOW_QUAL__HIGH_PROFIT,None,TIME_CLOSE_EXIT,49.81,1.0,49.81,1.18,0.53,0.16,-0.35,-0.36,-0.18,0.04,0.05,0.09,-0.27,9961.68,0.38,2026-08-05
286,2026-08-05 05:15:00+00:00,ETHUSDT,LONG,EXECUTED,MED_RISK__HIGH_QUAL__LOW_PROFIT,None,TIME_CLOSE_EXIT,149.43,1.0,149.43,0.62,0.42,0.17,-0.16,-0.24,-0.36,0.12,0.15,0.27,-0.63,9961.06,0.39,2026-08-05
287,2026-08-05 07:00:00+00:00,ETHUSDT,SHORT,EXECUTED,LOW_RISK__HIGH_QUAL__HIGH_PROFIT,None,TIME_CLOSE_EXIT,149.42,1.0,149.42,0.63,0.31,0.24,-0.13,-0.11,-0.16,0.12,0.15,0.27,-0.43,9960.62,0.39,2026-08-05
288,2026-08-05 07:15:00+00:00,BTCUSDT,SHORT,EXECUTED,LOW_RISK__HIGH_QUAL__HIGH_PROFIT,None,TIME_CLOSE_EXIT,149.41,1.0,149.41,0.3,0.49,0.12,-0.18,-0.21,-0.31,0.12,0.15,0.27,-0.58,9960.04,0.4,2026-08-05
289,2026-08-05 07:15:00+00:00,SOLUSDT,SHORT,EXECUTED,LOW_RISK__LOW_QUAL__HIGH_PROFIT,None,TIME_CLOSE_EXIT,49.8,1.0,49.8,0.46,0.62,0.07,-0.24,-0.39,-0.19,0.04,0.05,0.09,-0.28,9959.76,0.4,2026-08-05
290,2026-08-05 08:15:00+00:00,SOLUSDT,LONG,EXECUTED,LOW_RISK__LOW_QUAL__HIGH_PROFIT,None,TIME_CLOSE_EXIT,49.8,1.0,49.8,0.62,0.49,0.11,-0.26,-0.15,-0.07,0.04,0.05,0.09,-0.16,9959.59,0.4,2026-08-05
291,2026-08-05 09:00:00+00:00,ETHUSDT,LONG,EXECUTED,MED_RISK__HIGH_QUAL__LOW_PROFIT,None,TIME_CLOSE_EXIT,149.39,1.0,149.39,0.33,0.36,0.24,-0.14,-0.09,-0.13,0.12,0.15,0.27,-0.4,9959.19,0.41,2026-08-05
292,2026-08-05 09:15:00+00:00,DOGEUSDT,LONG,EXECUTED,MED_RISK__HIGH_QUAL__HIGH_PROFIT,None,TIME_CLOSE_EXIT,149.39,1.0,149.39,0.42,0.34,0.1,-0.04,-0.11,-0.16,0.12,0.15,0.27,-0.43,9958.75,0.41,2026-08-05
293,2026-08-05 10:00:00+00:00,DOGEUSDT,SHORT,EXECUTED,MED_RISK__HIGH_QUAL__HIGH_PROFIT,None,TIME_CLOSE_EXIT,149.38,1.0,149.38,0.58,0.45,0.19,-0.24,-0.1,-0.15,0.12,0.15,0.27,-0.42,9958.34,0.42,2026-08-05
294,2026-08-05 10:45:00+00:00,SOLUSDT,SHORT,EXECUTED,LOW_RISK__LOW_QUAL__HIGH_PROFIT,None,TIME_CLOSE_EXIT,49.79,1.0,49.79,0.54,0.54,0.16,-0.3,-0.6,-0.3,0.04,0.05,0.09,-0.39,9957.95,0.42,2026-08-05
295,2026-08-05 11:15:00+00:00,ETHUSDT,SHORT,EXECUTED,LOW_RISK__HIGH_QUAL__HIGH_PROFIT,None,TIME_CLOSE_EXIT,149.37,1.0,149.37,0.71,0.22,0.07,-0.11,-0.19,-0.28,0.12,0.15,0.27,-0.55,9957.4,0.43,2026-08-05
296,2026-08-05 12:00:00+00:00,DOGEUSDT,LONG,EXECUTED,MED_RISK__HIGH_QUAL__HIGH_PROFIT,None,TAKE_PROFIT_HIT,149.36,1.0,149.36,0.3,0.53,0.5,-0.19,0.3,0.45,0.12,0.15,0.27,0.18,9957.58,0.42,2026-08-05
297,2026-08-05 12:15:00+00:00,ETHUSDT,LONG,EXECUTED,HIGH_RISK__HIGH_QUAL__LOW_PROFIT,None,TAKE_PROFIT_HIT,149.36,1.0,149.36,0.71,1.21,2.4,-1.45,0.71,1.06,0.12,0.15,0.27,0.79,9958.37,0.42,2026-08-05
298,2026-08-05 12:15:00+00:00,BTCUSDT,LONG,EXECUTED,HIGH_RISK__LOW_QUAL__HIGH_PROFIT,None,TIME_CLOSE_EXIT,49.79,1.0,49.79,1.19,0.92,0.79,-0.99,0.34,0.17,0.04,0.05,0.09,0.08,9958.44,0.42,2026-08-05
299,2026-08-05 12:30:00+00:00,SOLUSDT,LONG,EXECUTED,LOW_RISK__LOW_QUAL__HIGH_PROFIT,None,TIME_CLOSE_EXIT,49.79,1.0,49.79,0.87,0.57,0.24,-0.07,-0.35,-0.17,0.04,0.05,0.09,-0.26,9958.18,0.42,2026-08-05
300,2026-08-05 13:15:00+00:00,SOLUSDT,SHORT,EXECUTED,LOW_RISK__LOW_QUAL__HIGH_PROFIT,None,TAKE_PROFIT_HIT,49.79,1.0,49.79,0.49,0.6,0.7,-0.16,0.49,0.25,0.04,0.05,0.09,0.16,9958.34,0.42,2026-08-05
301,2026-08-05 13:30:00+00:00,DOGEUSDT,SHORT,EXECUTED,HIGH_RISK__HIGH_QUAL__HIGH_PROFIT,None,TIME_CLOSE_EXIT,149.38,3.0,448.13,0.93,0.72,0.55,-0.26,-0.26,-1.17,0.36,0.45,0.81,-1.97,9956.37,0.44,2026-08-05
302,2026-08-05 14:00:00+00:00,DOGEUSDT,LONG,EXECUTED,MED_RISK__HIGH_QUAL__HIGH_PROFIT,None,TIME_CLOSE_EXIT,149.35,1.0,149.35,0.34,0.6,0.06,-0.39,0.0,0.0,0.12,0.15,0.27,-0.27,9956.1,0.44,2026-08-05
303,2026-08-05 14:15:00+00:00,DOGEUSDT,SHORT,EXECUTED,MED_RISK__HIGH_QUAL__HIGH_PROFIT,None,TIME_CLOSE_EXIT,149.34,1.0,149.34,0.72,0.35,0.1,-0.36,-0.11,-0.16,0.12,0.15,0.27,-0.43,9955.66,0.44,2026-08-05
304,2026-08-05 14:45:00+00:00,DOGEUSDT,LONG,EXECUTED,MED_RISK__HIGH_QUAL__HIGH_PROFIT,None,TIME_CLOSE_EXIT,149.33,1.0,149.33,0.29,0.57,0.24,-0.24,-0.06,-0.09,0.12,0.15,0.27,-0.36,9955.31,0.45,2026-08-05
305,2026-08-05 15:00:00+00:00,XRPUSDT,LONG,EXECUTED,MED_RISK__LOW_QUAL__HIGH_PROFIT,None,TAKE_PROFIT_HIT,49.78,1.0,49.78,0.22,0.5,0.28,-0.01,0.22,0.11,0.04,0.05,0.09,0.02,9955.33,0.45,2026-08-05
306,2026-08-05 15:15:00+00:00,SOLUSDT,LONG,EXECUTED,LOW_RISK__LOW_QUAL__HIGH_PROFIT,None,TAKE_PROFIT_HIT,49.78,1.0,49.78,0.83,0.45,1.09,-0.23,0.83,0.41,0.04,0.05,0.09,0.32,9955.65,0.44,2026-08-05
307,2026-08-05 15:45:00+00:00,XRPUSDT,SHORT,EXECUTED,LOW_RISK__HIGH_QUAL__HIGH_PROFIT,None,TIME_CLOSE_EXIT,149.33,1.0,149.33,1.57,0.46,0.02,-0.37,0.0,0.0,0.12,0.15,0.27,-0.27,9955.38,0.45,2026-08-05
308,2026-08-05 15:45:00+00:00,DOGEUSDT,SHORT,EXECUTED,MED_RISK__HIGH_QUAL__HIGH_PROFIT,None,TIME_CLOSE_EXIT,149.33,1.0,149.33,0.79,0.53,0.01,-0.37,-0.36,-0.54,0.12,0.15,0.27,-0.81,9954.57,0.45,2026-08-05
309,2026-08-05 16:00:00+00:00,XRPUSDT,LONG,EXECUTED,MED_RISK__LOW_QUAL__HIGH_PROFIT,None,TAKE_PROFIT_HIT,49.77,1.0,49.77,0.59,0.42,0.8,-0.39,0.59,0.3,0.04,0.05,0.09,0.21,9954.78,0.45,2026-08-05
310,2026-08-05 16:15:00+00:00,DOGEUSDT,LONG,EXECUTED,HIGH_RISK__HIGH_QUAL__HIGH_PROFIT,None,TIME_CLOSE_EXIT,149.32,3.0,447.97,0.9,0.96,0.4,-0.51,-0.26,-1.16,0.36,0.45,0.81,-1.97,9952.81,0.47,2026-08-05
311,2026-08-05 21:15:00+00:00,XRPUSDT,SHORT,EXECUTED,LOW_RISK__HIGH_QUAL__HIGH_PROFIT,None,TAKE_PROFIT_HIT,149.29,1.0,149.29,1.1,0.59,2.33,-0.39,1.1,1.63,0.12,0.15,0.27,1.37,9954.17,0.46,2026-08-05
312,2026-08-05 21:15:00+00:00,SOLUSDT,SHORT,EXECUTED,LOW_RISK__LOW_QUAL__HIGH_PROFIT,None,TAKE_PROFIT_HIT,49.77,1.0,49.77,0.5,0.67,1.01,-0.28,0.5,0.25,0.04,0.05,0.09,0.16,9954.34,0.46,2026-08-05
313,2026-08-05 21:45:00+00:00,DOGEUSDT,SHORT,EXECUTED,MED_RISK__HIGH_QUAL__HIGH_PROFIT,None,TAKE_PROFIT_HIT,149.32,1.0,149.32,0.4,0.44,0.86,-0.16,0.4,0.6,0.12,0.15,0.27,0.33,9954.66,0.45,2026-08-05
314,2026-08-05 22:00:00+00:00,BTCUSDT,SHORT,EXECUTED,LOW_RISK__HIGH_QUAL__HIGH_PROFIT,None,TAKE_PROFIT_HIT,149.32,1.0,149.32,0.14,0.33,0.38,-0.15,0.14,0.2,0.12,0.15,0.27,-0.07,9954.6,0.45,2026-08-05
315,2026-08-05 22:45:00+00:00,ETHUSDT,SHORT,EXECUTED,LOW_RISK__HIGH_QUAL__HIGH_PROFIT,None,TAKE_PROFIT_HIT,149.32,1.0,149.32,0.36,0.49,0.62,-0.38,0.36,0.54,0.12,0.15,0.27,0.27,9954.87,0.45,2026-08-05
316,2026-08-06 04:30:00+00:00,BTCUSDT,LONG,EXECUTED,MED_RISK__LOW_QUAL__HIGH_PROFIT,None,TIME_CLOSE_EXIT,49.77,1.0,49.77,0.77,0.12,0.52,-0.04,0.11,0.05,0.04,0.05,0.09,-0.03,9954.83,0.45,2026-08-06
317,2026-08-06 05:00:00+00:00,ETHUSDT,LONG,EXECUTED,MED_RISK__HIGH_QUAL__LOW_PROFIT,None,TIME_CLOSE_EXIT,149.32,1.0,149.32,1.36,0.72,0.29,-0.4,-0.32,-0.48,0.12,0.15,0.27,-0.75,9954.08,0.46,2026-08-06
318,2026-08-06 05:00:00+00:00,SOLUSDT,LONG,EXECUTED,MED_RISK__LOW_QUAL__HIGH_PROFIT,None,TIME_CLOSE_EXIT,49.77,1.0,49.77,0.99,0.8,0.16,-0.5,-0.48,-0.24,0.04,0.05,0.09,-0.33,9953.76,0.46,2026-08-06
319,2026-08-06 06:45:00+00:00,XRPUSDT,LONG,EXECUTED,MED_RISK__LOW_QUAL__HIGH_PROFIT,None,TIME_CLOSE_EXIT,49.77,1.0,49.77,0.32,0.33,0.03,-0.08,-0.07,-0.03,0.04,0.05,0.09,-0.12,9953.63,0.46,2026-08-06
320,2026-08-06 07:30:00+00:00,XRPUSDT,SHORT,EXECUTED,MED_RISK__HIGH_QUAL__HIGH_PROFIT,None,TIME_CLOSE_EXIT,149.3,1.0,149.3,0.82,0.4,0.04,-0.23,-0.24,-0.36,0.12,0.15,0.27,-0.63,9953.0,0.47,2026-08-06
321,2026-08-06 08:00:00+00:00,SOLUSDT,SHORT,EXECUTED,LOW_RISK__LOW_QUAL__HIGH_PROFIT,None,TAKE_PROFIT_HIT,49.77,1.0,49.77,1.0,0.35,1.25,-0.47,1.0,0.5,0.04,0.05,0.09,0.41,9953.41,0.47,2026-08-06
322,2026-08-06 08:00:00+00:00,DOGEUSDT,SHORT,EXECUTED,MED_RISK__HIGH_QUAL__HIGH_PROFIT,None,TIME_CLOSE_EXIT,149.3,1.0,149.3,0.94,0.39,0.07,-0.17,-0.26,-0.39,0.12,0.15,0.27,-0.66,9952.76,0.47,2026-08-06
323,2026-08-06 08:30:00+00:00,XRPUSDT,LONG,EXECUTED,HIGH_RISK__LOW_QUAL__HIGH_PROFIT,None,TIME_CLOSE_EXIT,49.76,1.0,49.76,0.5,1.03,0.26,-0.47,-0.59,-0.29,0.04,0.05,0.09,-0.38,9952.37,0.48,2026-08-06
324,2026-08-06 08:45:00+00:00,DOGEUSDT,LONG,EXECUTED,MED_RISK__HIGH_QUAL__HIGH_PROFIT,None,TIME_CLOSE_EXIT,149.29,1.0,149.29,0.14,0.58,0.13,-0.1,0.0,0.0,0.12,0.15,0.27,-0.27,9952.1,0.48,2026-08-06
325,2026-08-06 09:00:00+00:00,DOGEUSDT,SHORT,EXECUTED,HIGH_RISK__HIGH_QUAL__HIGH_PROFIT,None,TAKE_PROFIT_HIT,149.28,3.0,447.84,1.23,0.79,1.83,-0.72,1.23,5.52,0.36,0.45,0.81,4.72,9956.82,0.43,2026-08-06
326,2026-08-06 09:15:00+00:00,XRPUSDT,SHORT,EXECUTED,LOW_RISK__HIGH_QUAL__HIGH_PROFIT,None,TIME_CLOSE_EXIT,149.35,1.0,149.35,1.25,0.64,0.54,-0.23,-0.31,-0.46,0.12,0.15,0.27,-0.73,9956.09,0.44,2026-08-06
327,2026-08-06 09:30:00+00:00,BTCUSDT,SHORT,EXECUTED,LOW_RISK__HIGH_QUAL__HIGH_PROFIT,None,TAKE_PROFIT_HIT,149.34,1.0,149.34,0.24,0.43,0.77,-0.1,0.24,0.36,0.12,0.15,0.27,0.09,9956.18,0.44,2026-08-06
328,2026-08-06 09:30:00+00:00,ETHUSDT,SHORT,EXECUTED,LOW_RISK__HIGH_QUAL__HIGH_PROFIT,None,TAKE_PROFIT_HIT,149.34,1.0,149.34,0.35,0.55,0.73,-0.15,0.35,0.52,0.12,0.15,0.27,0.25,9956.43,0.44,2026-08-06
329,2026-08-06 11:45:00+00:00,XRPUSDT,LONG,EXECUTED,MED_RISK__LOW_QUAL__HIGH_PROFIT,None,TIME_CLOSE_EXIT,49.78,1.0,49.78,0.35,0.54,0.08,-0.06,0.0,0.0,0.04,0.05,0.09,-0.09,9956.34,0.44,2026-08-06
330,2026-08-06 12:00:00+00:00,XRPUSDT,SHORT,EXECUTED,LOW_RISK__HIGH_QUAL__HIGH_PROFIT,None,TIME_CLOSE_EXIT,149.35,1.0,149.35,0.95,0.47,0.44,-0.32,-0.08,-0.12,0.12,0.15,0.27,-0.39,9955.95,0.44,2026-08-06
331,2026-08-06 14:15:00+00:00,ETHUSDT,LONG,EXECUTED,MED_RISK__HIGH_QUAL__LOW_PROFIT,None,TIME_CLOSE_EXIT,149.34,1.0,149.34,0.95,0.44,0.67,-0.78,0.24,0.36,0.12,0.15,0.27,0.09,9956.04,0.44,2026-08-06
332,2026-08-06 14:45:00+00:00,BTCUSDT,LONG,EXECUTED,MED_RISK__LOW_QUAL__HIGH_PROFIT,None,TIME_CLOSE_EXIT,49.78,1.0,49.78,1.17,0.55,0.32,-0.15,-0.24,-0.12,0.04,0.05,0.09,-0.21,9955.83,0.44,2026-08-06
333,2026-08-06 15:00:00+00:00,XRPUSDT,LONG,EXECUTED,HIGH_RISK__LOW_QUAL__HIGH_PROFIT,None,TAKE_PROFIT_HIT,49.78,1.0,49.78,0.34,0.8,0.36,-0.29,0.34,0.17,0.04,0.05,0.09,0.08,9955.91,0.44,2026-08-06
334,2026-08-06 15:00:00+00:00,SOLUSDT,LONG,EXECUTED,LOW_RISK__LOW_QUAL__HIGH_PROFIT,None,TIME_CLOSE_EXIT,49.78,1.0,49.78,0.52,0.59,0.16,-0.1,-0.29,-0.14,0.04,0.05,0.09,-0.23,9955.68,0.44,2026-08-06
335,2026-08-06 15:30:00+00:00,DOGEUSDT,LONG,EXECUTED,MED_RISK__HIGH_QUAL__HIGH_PROFIT,None,TIME_CLOSE_EXIT,149.34,1.0,149.34,0.26,0.42,0.26,-0.1,-0.09,-0.13,0.12,0.15,0.27,-0.4,9955.27,0.45,2026-08-06
336,2026-08-06 16:00:00+00:00,DOGEUSDT,SHORT,EXECUTED,MED_RISK__HIGH_QUAL__HIGH_PROFIT,None,TIME_CLOSE_EXIT,149.33,1.0,149.33,0.72,0.28,0.03,-0.28,0.0,0.0,0.12,0.15,0.27,-0.27,9955.0,0.45,2026-08-06
337,2026-08-06 16:00:00+00:00,XRPUSDT,SHORT,EXECUTED,LOW_RISK__HIGH_QUAL__HIGH_PROFIT,None,TIME_CLOSE_EXIT,149.33,1.0,149.33,1.74,0.65,1.33,-0.67,0.63,0.94,0.12,0.15,0.27,0.67,9955.68,0.44,2026-08-06
338,2026-08-06 16:00:00+00:00,SOLUSDT,SHORT,EXECUTED,LOW_RISK__LOW_QUAL__HIGH_PROFIT,None,TIME_CLOSE_EXIT,49.78,1.0,49.78,1.43,0.5,0.05,-0.34,-0.36,-0.18,0.04,0.05,0.09,-0.27,9955.41,0.45,2026-08-06
339,2026-08-06 16:15:00+00:00,DOGEUSDT,LONG,EXECUTED,MED_RISK__HIGH_QUAL__HIGH_PROFIT,None,TAKE_PROFIT_HIT,149.33,1.0,149.33,0.23,0.55,0.38,-0.26,0.23,0.34,0.12,0.15,0.27,0.07,9955.48,0.45,2026-08-06
340,2026-08-06 16:45:00+00:00,SOLUSDT,LONG,EXECUTED,LOW_RISK__LOW_QUAL__HIGH_PROFIT,None,TIME_CLOSE_EXIT,49.78,1.0,49.78,0.17,0.56,0.14,-0.15,-0.15,-0.07,0.04,0.05,0.09,-0.16,9955.31,0.45,2026-08-06
341,2026-08-06 17:30:00+00:00,SOLUSDT,SHORT,EXECUTED,LOW_RISK__LOW_QUAL__HIGH_PROFIT,None,TIME_CLOSE_EXIT,49.78,1.0,49.78,1.41,0.42,1.11,-0.33,0.66,0.33,0.04,0.05,0.09,0.24,9955.55,0.44,2026-08-06
342,2026-08-06 18:00:00+00:00,BTCUSDT,SHORT,EXECUTED,LOW_RISK__HIGH_QUAL__HIGH_PROFIT,None,TAKE_PROFIT_HIT,149.33,1.0,149.33,0.18,0.34,0.53,-0.13,0.18,0.27,0.12,0.15,0.27,0.01,9955.56,0.44,2026-08-06
343,2026-08-06 18:30:00+00:00,ETHUSDT,SHORT,EXECUTED,MED_RISK__HIGH_QUAL__HIGH_PROFIT,None,TAKE_PROFIT_HIT,149.33,1.0,149.33,0.34,0.73,0.6,-0.3,0.34,0.51,0.12,0.15,0.27,0.24,9955.8,0.44,2026-08-06
344,2026-08-06 18:30:00+00:00,DOGEUSDT,SHORT,EXECUTED,MED_RISK__HIGH_QUAL__HIGH_PROFIT,None,TIME_CLOSE_EXIT,149.34,1.0,149.34,1.08,0.55,0.23,-0.36,-0.32,-0.48,0.12,0.15,0.27,-0.75,9955.05,0.45,2026-08-06
345,2026-08-06 21:30:00+00:00,DOGEUSDT,LONG,EXECUTED,MED_RISK__HIGH_QUAL__HIGH_PROFIT,None,TIME_CLOSE_EXIT,149.33,1.0,149.33,0.3,0.4,0.14,-0.19,-0.17,-0.25,0.12,0.15,0.27,-0.52,9954.53,0.45,2026-08-06
346,2026-08-06 23:30:00+00:00,DOGEUSDT,SHORT,EXECUTED,MED_RISK__HIGH_QUAL__HIGH_PROFIT,None,TIME_CLOSE_EXIT,149.32,1.0,149.32,0.42,0.27,0.06,-0.07,0.0,0.0,0.12,0.15,0.27,-0.27,9954.26,0.46,2026-08-06
347,2026-08-06 23:45:00+00:00,DOGEUSDT,LONG,EXECUTED,MED_RISK__HIGH_QUAL__HIGH_PROFIT,None,TAKE_PROFIT_HIT,149.31,1.0,149.31,0.2,0.43,0.58,-0.28,0.2,0.3,0.12,0.15,0.27,0.03,9954.29,0.46,2026-08-06
348,2026-08-07 01:15:00+00:00,XRPUSDT,LONG,EXECUTED,MED_RISK__LOW_QUAL__HIGH_PROFIT,None,TIME_CLOSE_EXIT,49.77,1.0,49.77,0.1,0.76,0.06,-0.32,-0.25,-0.12,0.04,0.05,0.09,-0.21,9954.08,0.46,2026-08-07
349,2026-08-07 02:00:00+00:00,BTCUSDT,LONG,EXECUTED,MED_RISK__LOW_QUAL__HIGH_PROFIT,None,TIME_CLOSE_EXIT,49.77,1.0,49.77,0.42,0.08,0.06,-0.22,0.0,0.0,0.04,0.05,0.09,-0.09,9953.99,0.46,2026-08-07
350,2026-08-07 02:15:00+00:00,BTCUSDT,SHORT,EXECUTED,LOW_RISK__HIGH_QUAL__HIGH_PROFIT,None,TIME_CLOSE_EXIT,149.31,1.0,149.31,0.11,0.25,0.01,-0.36,0.0,0.0,0.12,0.15,0.27,-0.27,9953.72,0.46,2026-08-07
351,2026-08-07 02:15:00+00:00,XRPUSDT,SHORT,EXECUTED,LOW_RISK__HIGH_QUAL__HIGH_PROFIT,None,TIME_CLOSE_EXIT,149.31,1.0,149.31,1.83,0.6,1.62,-0.62,0.36,0.54,0.12,0.15,0.27,0.27,9953.99,0.46,2026-08-07
352,2026-08-07 02:30:00+00:00,BTCUSDT,LONG,EXECUTED,MED_RISK__LOW_QUAL__HIGH_PROFIT,None,TIME_CLOSE_EXIT,49.77,1.0,49.77,0.42,0.14,0.09,-0.21,-0.12,-0.06,0.04,0.05,0.09,-0.15,9953.84,0.46,2026-08-07
353,2026-08-07 03:15:00+00:00,BTCUSDT,SHORT,EXECUTED,LOW_RISK__HIGH_QUAL__HIGH_PROFIT,None,TAKE_PROFIT_HIT,149.31,1.0,149.31,0.07,0.18,0.24,-0.08,0.07,0.1,0.12,0.15,0.27,-0.17,9953.67,0.46,2026-08-07
354,2026-08-07 04:00:00+00:00,DOGEUSDT,SHORT,EXECUTED,MED_RISK__HIGH_QUAL__HIGH_PROFIT,None,TIME_CLOSE_EXIT,149.31,1.0,149.31,0.74,0.39,0.3,-0.26,-0.25,-0.37,0.12,0.15,0.27,-0.64,9953.03,0.47,2026-08-07
355,2026-08-07 05:00:00+00:00,SOLUSDT,LONG,EXECUTED,LOW_RISK__LOW_QUAL__HIGH_PROFIT,None,TIME_CLOSE_EXIT,49.77,1.0,49.77,0.34,0.2,0.06,-0.08,0.0,0.0,0.04,0.05,0.09,-0.09,9952.94,0.47,2026-08-07
356,2026-08-07 05:15:00+00:00,SOLUSDT,SHORT,EXECUTED,LOW_RISK__LOW_QUAL__HIGH_PROFIT,None,TIME_CLOSE_EXIT,49.76,1.0,49.76,0.46,0.4,0.18,-0.22,-0.18,-0.09,0.04,0.05,0.09,-0.18,9952.76,0.47,2026-08-07
357,2026-08-07 05:45:00+00:00,SOLUSDT,LONG,EXECUTED,LOW_RISK__LOW_QUAL__HIGH_PROFIT,None,TAKE_PROFIT_HIT,49.76,1.0,49.76,0.42,0.51,2.02,-0.25,0.42,0.21,0.04,0.05,0.09,0.12,9952.88,0.47,2026-08-07
358,2026-08-07 06:00:00+00:00,DOGEUSDT,LONG,EXECUTED,MED_RISK__HIGH_QUAL__HIGH_PROFIT,None,TAKE_PROFIT_HIT,149.29,1.0,149.29,0.38,0.58,1.47,-0.85,0.38,0.56,0.12,0.15,0.27,0.3,9953.17,0.47,2026-08-07
359,2026-08-07 06:15:00+00:00,BTCUSDT,LONG,EXECUTED,MED_RISK__LOW_QUAL__HIGH_PROFIT,None,TAKE_PROFIT_HIT,49.77,1.0,49.77,0.43,0.3,1.51,-0.24,0.43,0.22,0.04,0.05,0.09,0.13,9953.3,0.47,2026-08-07
360,2026-08-07 06:15:00+00:00,ETHUSDT,LONG,EXECUTED,MED_RISK__HIGH_QUAL__LOW_PROFIT,None,TAKE_PROFIT_HIT,149.3,1.0,149.3,0.74,0.45,1.96,-0.2,0.74,1.11,0.12,0.15,0.27,0.84,9954.14,0.46,2026-08-07
361,2026-08-07 07:15:00+00:00,XRPUSDT,LONG,EXECUTED,MED_RISK__LOW_QUAL__HIGH_PROFIT,None,TAKE_PROFIT_HIT,49.77,1.0,49.77,0.37,0.56,1.48,-0.1,0.37,0.18,0.04,0.05,0.09,0.09,9954.24,0.46,2026-08-07
362,2026-08-07 14:15:00+00:00,XRPUSDT,SHORT,EXECUTED,LOW_RISK__HIGH_QUAL__HIGH_PROFIT,None,TAKE_PROFIT_HIT,149.31,1.0,149.31,1.58,0.54,1.88,-0.19,1.58,2.36,0.12,0.15,0.27,2.09,9956.33,0.44,2026-08-07
363,2026-08-07 14:45:00+00:00,ETHUSDT,SHORT,EXECUTED,MED_RISK__HIGH_QUAL__HIGH_PROFIT,None,TIME_CLOSE_EXIT,149.34,1.0,149.34,0.49,0.79,0.43,-0.6,-0.26,-0.39,0.12,0.15,0.27,-0.66,9955.67,0.44,2026-08-07
364,2026-08-07 15:45:00+00:00,BTCUSDT,SHORT,EXECUTED,LOW_RISK__HIGH_QUAL__HIGH_PROFIT,None,TAKE_PROFIT_HIT,149.34,1.0,149.34,0.3,0.45,0.6,-0.25,0.3,0.44,0.12,0.15,0.27,0.17,9955.85,0.44,2026-08-07
365,2026-08-07 16:45:00+00:00,SOLUSDT,SHORT,EXECUTED,MED_RISK__LOW_QUAL__HIGH_PROFIT,None,TAKE_PROFIT_HIT,49.78,1.0,49.78,0.4,0.73,0.54,-0.35,0.4,0.2,0.04,0.05,0.09,0.11,9955.96,0.44,2026-08-07
366,2026-08-07 17:00:00+00:00,DOGEUSDT,SHORT,EXECUTED,HIGH_RISK__HIGH_QUAL__HIGH_PROFIT,None,TIME_CLOSE_EXIT,149.34,3.0,448.02,0.36,0.91,0.13,-0.32,-0.53,-2.37,0.36,0.45,0.81,-3.18,9952.78,0.47,2026-08-07
367,2026-08-07 19:30:00+00:00,DOGEUSDT,LONG,EXECUTED,MED_RISK__HIGH_QUAL__HIGH_PROFIT,None,TIME_CLOSE_EXIT,149.29,1.0,149.29,0.71,0.33,0.09,-0.37,-0.1,-0.15,0.12,0.15,0.27,-0.42,9952.36,0.48,2026-08-07
368,2026-08-07 19:30:00+00:00,SOLUSDT,LONG,EXECUTED,LOW_RISK__LOW_QUAL__HIGH_PROFIT,None,TIME_CLOSE_EXIT,49.76,1.0,49.76,1.35,0.43,0.37,-0.08,-0.19,-0.09,0.04,0.05,0.09,-0.18,9952.17,0.48,2026-08-07
369,2026-08-07 19:45:00+00:00,BTCUSDT,LONG,EXECUTED,MED_RISK__LOW_QUAL__HIGH_PROFIT,None,TIME_CLOSE_EXIT,49.76,1.0,49.76,0.93,0.23,0.22,-0.02,-0.13,-0.06,0.04,0.05,0.09,-0.15,9952.02,0.48,2026-08-07
370,2026-08-07 19:45:00+00:00,ETHUSDT,LONG,EXECUTED,MED_RISK__HIGH_QUAL__LOW_PROFIT,None,TIME_CLOSE_EXIT,149.28,1.0,149.28,1.18,0.38,0.21,-0.32,-0.22,-0.33,0.12,0.15,0.27,-0.6,9951.42,0.49,2026-08-07
371,2026-08-07 20:15:00+00:00,XRPUSDT,LONG,EXECUTED,MED_RISK__LOW_QUAL__HIGH_PROFIT,None,TIME_CLOSE_EXIT,49.76,1.0,49.76,0.34,0.66,0.2,-0.19,-0.22,-0.11,0.04,0.05,0.09,-0.2,9951.22,0.49,2026-08-07
372,2026-08-07 21:45:00+00:00,DOGEUSDT,SHORT,EXECUTED,MED_RISK__HIGH_QUAL__HIGH_PROFIT,None,TIME_CLOSE_EXIT,149.27,1.0,149.27,0.28,0.31,0.2,-0.22,-0.06,-0.09,0.12,0.15,0.27,-0.36,9950.86,0.49,2026-08-07
373,2026-08-07 22:15:00+00:00,SOLUSDT,SHORT,EXECUTED,LOW_RISK__LOW_QUAL__HIGH_PROFIT,None,TIME_CLOSE_EXIT,49.75,1.0,49.75,0.25,0.23,0.16,-0.12,-0.08,-0.04,0.04,0.05,0.09,-0.13,9950.74,0.49,2026-08-07
374,2026-08-07 22:15:00+00:00,XRPUSDT,SHORT,EXECUTED,LOW_RISK__HIGH_QUAL__HIGH_PROFIT,None,TIME_CLOSE_EXIT,149.26,1.0,149.26,1.2,0.53,0.2,-0.28,-0.32,-0.48,0.12,0.15,0.27,-0.75,9949.99,0.5,2026-08-07
375,2026-08-07 22:45:00+00:00,ETHUSDT,SHORT,EXECUTED,LOW_RISK__HIGH_QUAL__HIGH_PROFIT,None,TIME_CLOSE_EXIT,149.25,1.0,149.25,0.1,0.2,0.03,0.0,0.0,0.0,0.12,0.15,0.27,-0.27,9949.72,0.5,2026-08-07
376,2026-08-07 22:45:00+00:00,BTCUSDT,SHORT,EXECUTED,LOW_RISK__HIGH_QUAL__HIGH_PROFIT,None,TAKE_PROFIT_HIT,149.25,1.0,149.25,0.08,0.21,0.16,-0.1,0.08,0.12,0.12,0.15,0.27,-0.15,9949.57,0.5,2026-08-07
377,2026-08-07 23:00:00+00:00,ETHUSDT,LONG,EXECUTED,MED_RISK__HIGH_QUAL__LOW_PROFIT,None,TIME_CLOSE_EXIT,149.24,1.0,149.24,0.59,0.16,0.0,-0.06,0.0,0.0,0.12,0.15,0.27,-0.27,9949.3,0.51,2026-08-07
378,2026-08-07 23:15:00+00:00,ETHUSDT,SHORT,EXECUTED,LOW_RISK__HIGH_QUAL__HIGH_PROFIT,None,TAKE_PROFIT_HIT,149.24,1.0,149.24,0.01,0.2,0.01,-0.05,0.01,0.01,0.12,0.15,0.27,-0.26,9949.04,0.51,2026-08-07
379,2026-08-07 23:30:00+00:00,ETHUSDT,LONG,EXECUTED,MED_RISK__HIGH_QUAL__LOW_PROFIT,None,TIME_CLOSE_EXIT,149.24,1.0,149.24,0.63,0.14,0.0,-0.04,0.0,0.0,0.12,0.15,0.27,-0.27,9948.77,0.51,2026-08-07
380,2026-08-07 23:45:00+00:00,ETHUSDT,SHORT,EXECUTED,LOW_RISK__HIGH_QUAL__HIGH_PROFIT,None,TIME_CLOSE_EXIT,149.23,1.0,149.23,0.11,0.24,0.1,-0.13,-0.12,-0.18,0.12,0.15,0.27,-0.45,9948.32,0.52,2026-08-07
381,2026-08-08 00:30:00+00:00,XRPUSDT,LONG,EXECUTED,MED_RISK__LOW_QUAL__HIGH_PROFIT,None,TAKE_PROFIT_HIT,49.74,1.0,49.74,0.52,0.39,2.32,-0.15,0.52,0.26,0.04,0.05,0.09,0.17,9948.5,0.52,2026-08-08
382,2026-08-08 01:00:00+00:00,DOGEUSDT,LONG,EXECUTED,MED_RISK__HIGH_QUAL__HIGH_PROFIT,None,TAKE_PROFIT_HIT,149.23,1.0,149.23,0.89,0.26,2.43,-0.21,0.89,1.33,0.12,0.15,0.27,1.07,9949.56,0.5,2026-08-08
383,2026-08-08 01:00:00+00:00,BTCUSDT,LONG,EXECUTED,MED_RISK__LOW_QUAL__HIGH_PROFIT,None,TIME_CLOSE_EXIT,49.75,1.0,49.75,0.72,0.04,0.01,-0.07,-0.07,-0.03,0.04,0.05,0.09,-0.12,9949.44,0.51,2026-08-08
384,2026-08-08 01:15:00+00:00,SOLUSDT,LONG,EXECUTED,LOW_RISK__LOW_QUAL__HIGH_PROFIT,None,TAKE_PROFIT_HIT,49.75,1.0,49.75,1.13,0.16,4.05,-0.14,1.13,0.56,0.04,0.05,0.09,0.47,9949.91,0.5,2026-08-08
385,2026-08-08 02:00:00+00:00,BTCUSDT,SHORT,EXECUTED,LOW_RISK__HIGH_QUAL__HIGH_PROFIT,None,TIME_CLOSE_EXIT,149.25,1.0,149.25,0.11,0.11,0.02,-0.01,0.0,0.0,0.12,0.15,0.27,-0.27,9949.64,0.5,2026-08-08
386,2026-08-08 02:15:00+00:00,BTCUSDT,LONG,EXECUTED,MED_RISK__LOW_QUAL__HIGH_PROFIT,None,TIME_CLOSE_EXIT,49.75,1.0,49.75,0.88,0.0,0.22,-0.04,0.04,0.02,0.04,0.05,0.09,-0.07,9949.57,0.5,2026-08-08
387,2026-08-08 03:30:00+00:00,ETHUSDT,LONG,EXECUTED,MED_RISK__HIGH_QUAL__LOW_PROFIT,None,TIME_CLOSE_EXIT,149.24,1.0,149.24,0.85,0.15,0.12,-0.05,-0.09,-0.13,0.12,0.15,0.27,-0.4,9949.17,0.51,2026-08-08
388,2026-08-08 07:30:00+00:00,ETHUSDT,SHORT,EXECUTED,LOW_RISK__HIGH_QUAL__HIGH_PROFIT,None,TIME_CLOSE_EXIT,149.24,1.0,149.24,0.13,0.25,0.03,-0.06,-0.17,-0.25,0.12,0.15,0.27,-0.52,9948.65,0.51,2026-08-08
389,2026-08-08 07:45:00+00:00,BTCUSDT,SHORT,EXECUTED,LOW_RISK__HIGH_QUAL__HIGH_PROFIT,None,TIME_CLOSE_EXIT,149.23,1.0,149.23,0.02,0.11,0.02,-0.01,-0.02,-0.03,0.12,0.15,0.27,-0.3,9948.35,0.52,2026-08-08
390,2026-08-08 08:30:00+00:00,BTCUSDT,LONG,EXECUTED,MED_RISK__LOW_QUAL__HIGH_PROFIT,None,TIME_CLOSE_EXIT,49.74,1.0,49.74,0.49,0.11,0.05,-0.06,-0.06,-0.03,0.04,0.05,0.09,-0.12,9948.23,0.52,2026-08-08
391,2026-08-08 08:45:00+00:00,ETHUSDT,LONG,EXECUTED,MED_RISK__HIGH_QUAL__LOW_PROFIT,None,TIME_CLOSE_EXIT,149.22,1.0,149.22,0.75,0.12,0.51,-0.03,0.23,0.34,0.12,0.15,0.27,0.07,9948.3,0.52,2026-08-08
392,2026-08-08 11:30:00+00:00,BTCUSDT,SHORT,EXECUTED,LOW_RISK__HIGH_QUAL__HIGH_PROFIT,None,TAKE_PROFIT_HIT,149.22,1.0,149.22,-0.0,0.2,0.07,-0.06,-0.0,-0.0,0.12,0.15,0.27,-0.27,9948.03,0.52,2026-08-08
393,2026-08-08 12:45:00+00:00,BTCUSDT,LONG,EXECUTED,MED_RISK__LOW_QUAL__HIGH_PROFIT,None,TIME_CLOSE_EXIT,49.74,1.0,49.74,0.7,0.12,0.28,-0.01,0.06,0.03,0.04,0.05,0.09,-0.06,9947.97,0.52,2026-08-08
394,2026-08-08 18:45:00+00:00,BTCUSDT,SHORT,EXECUTED,LOW_RISK__HIGH_QUAL__HIGH_PROFIT,None,TAKE_PROFIT_HIT,149.22,1.0,149.22,-0.05,0.17,0.04,-0.01,-0.05,-0.07,0.12,0.15,0.27,-0.34,9947.63,0.52,2026-08-08
395,2026-08-08 18:45:00+00:00,XRPUSDT,SHORT,EXECUTED,MED_RISK__HIGH_QUAL__HIGH_PROFIT,None,TAKE_PROFIT_HIT,149.21,1.0,149.21,0.51,0.32,0.77,-0.16,0.51,0.76,0.12,0.15,0.27,0.5,9948.13,0.52,2026-08-08
396,2026-08-08 18:45:00+00:00,ETHUSDT,SHORT,EXECUTED,LOW_RISK__HIGH_QUAL__HIGH_PROFIT,None,TAKE_PROFIT_HIT,149.22,1.0,149.22,0.08,0.16,0.45,-0.08,0.08,0.12,0.12,0.15,0.27,-0.15,9947.98,0.52,2026-08-08
397,2026-08-08 19:15:00+00:00,SOLUSDT,SHORT,EXECUTED,LOW_RISK__LOW_QUAL__HIGH_PROFIT,None,TIME_CLOSE_EXIT,49.74,1.0,49.74,0.27,0.43,0.03,-0.16,-0.22,-0.11,0.04,0.05,0.09,-0.2,9947.78,0.52,2026-08-08
398,2026-08-08 19:15:00+00:00,DOGEUSDT,SHORT,EXECUTED,MED_RISK__HIGH_QUAL__HIGH_PROFIT,None,TAKE_PROFIT_HIT,149.22,1.0,149.22,0.14,0.43,1.48,-0.3,0.14,0.2,0.12,0.15,0.27,-0.07,9947.72,0.52,2026-08-08
399,2026-08-08 20:00:00+00:00,SOLUSDT,LONG,EXECUTED,LOW_RISK__LOW_QUAL__HIGH_PROFIT,None,TIME_CLOSE_EXIT,49.74,1.0,49.74,0.76,0.28,0.16,-0.13,-0.14,-0.07,0.04,0.05,0.09,-0.16,9947.56,0.52,2026-08-08
400,2026-08-08 20:45:00+00:00,BTCUSDT,LONG,EXECUTED,MED_RISK__LOW_QUAL__HIGH_PROFIT,None,TIME_CLOSE_EXIT,49.74,1.0,49.74,0.46,0.2,0.03,-0.03,0.0,0.0,0.04,0.05,0.09,-0.09,9947.47,0.53,2026-08-08
401,2026-08-08 21:00:00+00:00,BTCUSDT,SHORT,EXECUTED,LOW_RISK__HIGH_QUAL__HIGH_PROFIT,None,TAKE_PROFIT_HIT,149.21,1.0,149.21,0.02,0.13,0.49,-0.06,0.02,0.03,0.12,0.15,0.27,-0.24,9947.23,0.53,2026-08-08
402,2026-08-08 22:45:00+00:00,SOLUSDT,SHORT,EXECUTED,MED_RISK__LOW_QUAL__HIGH_PROFIT,None,TIME_CLOSE_EXIT,49.74,1.0,49.74,0.36,0.75,0.24,-0.29,-0.11,-0.05,0.04,0.05,0.09,-0.14,9947.08,0.53,2026-08-08
403,2026-08-09 04:00:00+00:00,SOLUSDT,LONG,EXECUTED,LOW_RISK__LOW_QUAL__HIGH_PROFIT,None,TAKE_PROFIT_HIT,49.74,1.0,49.74,1.24,0.27,2.29,-0.29,1.24,0.62,0.04,0.05,0.09,0.53,9947.61,0.52,2026-08-09
404,2026-08-09 06:15:00+00:00,XRPUSDT,LONG,EXECUTED,MED_RISK__LOW_QUAL__HIGH_PROFIT,None,TIME_CLOSE_EXIT,49.74,1.0,49.74,0.28,0.34,0.22,-0.13,-0.2,-0.1,0.04,0.05,0.09,-0.19,9947.42,0.53,2026-08-09
405,2026-08-09 06:30:00+00:00,ETHUSDT,LONG,EXECUTED,MED_RISK__HIGH_QUAL__LOW_PROFIT,None,TIME_CLOSE_EXIT,149.21,1.0,149.21,0.69,0.12,0.37,-0.05,-0.14,-0.21,0.12,0.15,0.27,-0.48,9946.94,0.53,2026-08-09
406,2026-08-09 06:45:00+00:00,DOGEUSDT,LONG,EXECUTED,MED_RISK__HIGH_QUAL__HIGH_PROFIT,None,TIME_CLOSE_EXIT,149.2,1.0,149.2,0.44,0.27,0.14,-0.19,-0.04,-0.06,0.12,0.15,0.27,-0.33,9946.61,0.53,2026-08-09
407,2026-08-09 07:00:00+00:00,BTCUSDT,LONG,EXECUTED,MED_RISK__LOW_QUAL__HIGH_PROFIT,None,TIME_CLOSE_EXIT,49.73,1.0,49.73,0.63,0.08,0.16,-0.04,-0.05,-0.02,0.04,0.05,0.09,-0.11,9946.5,0.54,2026-08-09
408,2026-08-09 08:00:00+00:00,XRPUSDT,SHORT,EXECUTED,LOW_RISK__HIGH_QUAL__HIGH_PROFIT,None,TAKE_PROFIT_HIT,149.2,1.0,149.2,0.44,0.18,0.6,-0.18,0.44,0.65,0.12,0.15,0.27,0.38,9946.88,0.53,2026-08-09
409,2026-08-09 09:00:00+00:00,BTCUSDT,SHORT,EXECUTED,LOW_RISK__HIGH_QUAL__HIGH_PROFIT,None,TAKE_PROFIT_HIT,149.2,1.0,149.2,-0.08,0.16,0.02,-0.01,-0.08,-0.12,0.12,0.15,0.27,-0.39,9946.49,0.54,2026-08-09
410,2026-08-09 09:15:00+00:00,ETHUSDT,SHORT,EXECUTED,LOW_RISK__HIGH_QUAL__HIGH_PROFIT,None,TIME_CLOSE_EXIT,149.2,1.0,149.2,0.19,0.36,0.04,-0.07,-0.12,-0.18,0.12,0.15,0.27,-0.45,9946.04,0.54,2026-08-09
411,2026-08-09 09:15:00+00:00,DOGEUSDT,SHORT,EXECUTED,MED_RISK__HIGH_QUAL__HIGH_PROFIT,None,TIME_CLOSE_EXIT,149.19,1.0,149.19,0.21,0.33,0.03,-0.11,-0.14,-0.21,0.12,0.15,0.27,-0.48,9945.57,0.54,2026-08-09
412,2026-08-09 09:45:00+00:00,ETHUSDT,LONG,EXECUTED,MED_RISK__HIGH_QUAL__LOW_PROFIT,None,TIME_CLOSE_EXIT,149.18,1.0,149.18,0.89,0.29,0.08,-0.26,-0.21,-0.31,0.12,0.15,0.27,-0.58,9944.98,0.55,2026-08-09
413,2026-08-09 09:45:00+00:00,BTCUSDT,LONG,EXECUTED,MED_RISK__LOW_QUAL__HIGH_PROFIT,None,TIME_CLOSE_EXIT,49.72,1.0,49.72,0.69,0.08,0.65,-0.1,0.47,0.23,0.04,0.05,0.09,0.14,9945.13,0.55,2026-08-09
414,2026-08-09 10:00:00+00:00,DOGEUSDT,LONG,EXECUTED,MED_RISK__HIGH_QUAL__HIGH_PROFIT,None,TAKE_PROFIT_HIT,149.18,1.0,149.18,0.29,0.38,0.87,-0.16,0.29,0.43,0.12,0.15,0.27,0.16,9945.29,0.55,2026-08-09
415,2026-08-09 11:45:00+00:00,XRPUSDT,LONG,EXECUTED,MED_RISK__LOW_QUAL__HIGH_PROFIT,None,TAKE_PROFIT_HIT,49.73,1.0,49.73,0.2,0.28,0.86,-0.16,0.2,0.1,0.04,0.05,0.09,0.01,9945.3,0.55,2026-08-09
416,2026-08-09 12:45:00+00:00,ETHUSDT,SHORT,EXECUTED,LOW_RISK__HIGH_QUAL__HIGH_PROFIT,None,TIME_CLOSE_EXIT,149.18,1.0,149.18,0.11,0.26,0.01,-0.02,0.0,0.0,0.12,0.15,0.27,-0.27,9945.03,0.55,2026-08-09
417,2026-08-09 13:00:00+00:00,ETHUSDT,LONG,EXECUTED,MED_RISK__HIGH_QUAL__LOW_PROFIT,None,TIME_CLOSE_EXIT,149.18,1.0,149.18,0.72,0.11,0.38,-0.13,0.14,0.21,0.12,0.15,0.27,-0.06,9944.97,0.55,2026-08-09
418,2026-08-09 18:15:00+00:00,ETHUSDT,SHORT,EXECUTED,LOW_RISK__HIGH_QUAL__HIGH_PROFIT,None,TAKE_PROFIT_HIT,149.17,1.0,149.17,0.18,0.2,0.22,-0.03,0.18,0.27,0.12,0.15,0.27,-0.0,9944.97,0.55,2026-08-09
419,2026-08-09 18:45:00+00:00,XRPUSDT,SHORT,EXECUTED,LOW_RISK__HIGH_QUAL__HIGH_PROFIT,None,TIME_CLOSE_EXIT,149.17,1.0,149.17,0.51,0.25,0.08,-0.06,-0.12,-0.18,0.12,0.15,0.27,-0.45,9944.52,0.55,2026-08-09
420,2026-08-09 19:00:00+00:00,DOGEUSDT,SHORT,EXECUTED,MED_RISK__HIGH_QUAL__HIGH_PROFIT,None,TIME_CLOSE_EXIT,149.17,1.0,149.17,0.28,0.44,0.09,-0.18,-0.13,-0.19,0.12,0.15,0.27,-0.46,9944.06,0.56,2026-08-09
421,2026-08-09 20:00:00+00:00,BTCUSDT,SHORT,EXECUTED,LOW_RISK__HIGH_QUAL__HIGH_PROFIT,None,TIME_CLOSE_EXIT,149.16,1.0,149.16,0.28,0.36,0.04,-0.17,-0.18,-0.27,0.12,0.15,0.27,-0.54,9943.52,0.56,2026-08-09
422,2026-08-09 21:15:00+00:00,DOGEUSDT,LONG,EXECUTED,MED_RISK__HIGH_QUAL__HIGH_PROFIT,None,TAKE_PROFIT_HIT,149.15,1.0,149.15,-0.17,0.69,0.47,-0.21,-0.17,-0.26,0.12,0.15,0.27,-0.52,9943.0,0.57,2026-08-09
423,2026-08-09 21:15:00+00:00,XRPUSDT,LONG,EXECUTED,MED_RISK__LOW_QUAL__HIGH_PROFIT,None,TAKE_PROFIT_HIT,49.71,1.0,49.71,0.12,0.75,0.34,-0.29,0.12,0.06,0.04,0.05,0.09,-0.03,9942.97,0.57,2026-08-09
424,2026-08-09 21:30:00+00:00,ETHUSDT,LONG,EXECUTED,MED_RISK__HIGH_QUAL__LOW_PROFIT,None,TAKE_PROFIT_HIT,149.14,1.0,149.14,0.29,0.42,0.66,-0.09,0.29,0.43,0.12,0.15,0.27,0.16,9943.13,0.57,2026-08-09
425,2026-08-09 22:00:00+00:00,BTCUSDT,LONG,EXECUTED,MED_RISK__LOW_QUAL__HIGH_PROFIT,None,TIME_CLOSE_EXIT,49.72,1.0,49.72,0.45,0.68,0.1,-0.33,-0.27,-0.13,0.04,0.05,0.09,-0.22,9942.91,0.57,2026-08-09
426,2026-08-09 22:30:00+00:00,DOGEUSDT,SHORT,EXECUTED,HIGH_RISK__HIGH_QUAL__HIGH_PROFIT,None,TIME_CLOSE_EXIT,149.14,3.0,447.43,1.75,0.78,1.53,-0.77,0.3,1.34,0.36,0.45,0.81,0.54,9943.44,0.57,2026-08-09
427,2026-08-09 22:30:00+00:00,BTCUSDT,SHORT,EXECUTED,LOW_RISK__HIGH_QUAL__HIGH_PROFIT,None,TIME_CLOSE_EXIT,149.15,1.0,149.15,0.5,0.37,0.31,-0.45,0.11,0.16,0.12,0.15,0.27,-0.1,9943.34,0.57,2026-08-09
428,2026-08-09 22:45:00+00:00,XRPUSDT,SHORT,EXECUTED,LOW_RISK__HIGH_QUAL__HIGH_PROFIT,None,TIME_CLOSE_EXIT,149.15,1.0,149.15,1.62,0.49,0.91,-0.11,0.28,0.42,0.12,0.15,0.27,0.15,9943.49,0.57,2026-08-09
429,2026-08-09 22:45:00+00:00,SOLUSDT,SHORT,EXECUTED,MED_RISK__LOW_QUAL__HIGH_PROFIT,None,TIME_CLOSE_EXIT,49.72,1.0,49.72,0.84,0.79,0.79,-0.3,0.05,0.02,0.04,0.05,0.09,-0.06,9943.42,0.57,2026-08-09
430,2026-08-09 23:00:00+00:00,ETHUSDT,SHORT,EXECUTED,LOW_RISK__HIGH_QUAL__HIGH_PROFIT,None,TIME_CLOSE_EXIT,149.15,1.0,149.15,0.81,0.4,0.6,-0.55,-0.39,-0.58,0.12,0.15,0.27,-0.85,9942.57,0.57,2026-08-09
431,2026-08-10 02:00:00+00:00,ETHUSDT,LONG,EXECUTED,MED_RISK__HIGH_QUAL__LOW_PROFIT,None,TIME_CLOSE_EXIT,149.14,1.0,149.14,1.0,0.37,0.23,-0.04,0.0,0.0,0.12,0.15,0.27,-0.27,9942.3,0.58,2026-08-10
432,2026-08-10 02:15:00+00:00,ETHUSDT,SHORT,EXECUTED,LOW_RISK__HIGH_QUAL__HIGH_PROFIT,None,TIME_CLOSE_EXIT,149.13,1.0,149.13,0.39,0.41,0.14,-0.33,0.0,0.0,0.12,0.15,0.27,-0.27,9942.04,0.58,2026-08-10
433,2026-08-10 02:30:00+00:00,ETHUSDT,LONG,EXECUTED,MED_RISK__HIGH_QUAL__LOW_PROFIT,None,TIME_CLOSE_EXIT,149.13,1.0,149.13,1.03,0.58,0.04,-0.54,-0.48,-0.72,0.12,0.15,0.27,-0.98,9941.05,0.59,2026-08-10
434,2026-08-10 02:30:00+00:00,BTCUSDT,LONG,EXECUTED,MED_RISK__LOW_QUAL__HIGH_PROFIT,None,TIME_CLOSE_EXIT,49.71,1.0,49.71,0.95,0.31,0.03,-0.38,-0.15,-0.07,0.04,0.05,0.09,-0.16,9940.89,0.59,2026-08-10
435,2026-08-10 03:00:00+00:00,BTCUSDT,SHORT,EXECUTED,LOW_RISK__HIGH_QUAL__HIGH_PROFIT,None,TIME_CLOSE_EXIT,149.11,1.0,149.11,0.13,0.38,0.09,-0.32,-0.19,-0.28,0.12,0.15,0.27,-0.55,9940.34,0.6,2026-08-10
436,2026-08-10 04:45:00+00:00,ETHUSDT,SHORT,EXECUTED,LOW_RISK__HIGH_QUAL__HIGH_PROFIT,None,TIME_CLOSE_EXIT,149.11,1.0,149.11,0.33,0.5,0.07,-0.14,-0.23,-0.34,0.12,0.15,0.27,-0.61,9939.72,0.6,2026-08-10
437,2026-08-10 05:30:00+00:00,ETHUSDT,LONG,EXECUTED,MED_RISK__HIGH_QUAL__LOW_PROFIT,None,TIME_CLOSE_EXIT,149.1,1.0,149.1,1.19,0.32,0.49,-0.1,0.08,0.12,0.12,0.15,0.27,-0.15,9939.57,0.6,2026-08-10
438,2026-08-10 05:30:00+00:00,SOLUSDT,LONG,EXECUTED,LOW_RISK__LOW_QUAL__HIGH_PROFIT,None,TIME_CLOSE_EXIT,49.7,1.0,49.7,1.23,0.41,0.44,-0.12,-0.1,-0.05,0.04,0.05,0.09,-0.14,9939.44,0.61,2026-08-10
439,2026-08-10 05:30:00+00:00,DOGEUSDT,LONG,EXECUTED,MED_RISK__HIGH_QUAL__HIGH_PROFIT,None,TIME_CLOSE_EXIT,149.09,1.0,149.09,0.66,0.46,0.33,-0.27,0.01,0.01,0.12,0.15,0.27,-0.25,9939.18,0.61,2026-08-10
440,2026-08-10 05:45:00+00:00,BTCUSDT,LONG,EXECUTED,MED_RISK__LOW_QUAL__HIGH_PROFIT,None,TIME_CLOSE_EXIT,49.7,1.0,49.7,1.17,0.24,0.38,-0.12,0.05,0.02,0.04,0.05,0.09,-0.06,9939.12,0.61,2026-08-10
441,2026-08-10 05:45:00+00:00,XRPUSDT,LONG,EXECUTED,MED_RISK__LOW_QUAL__HIGH_PROFIT,None,TIME_CLOSE_EXIT,49.7,1.0,49.7,0.6,0.49,0.48,-0.12,-0.13,-0.06,0.04,0.05,0.09,-0.15,9938.96,0.61,2026-08-10
442,2026-08-10 09:00:00+00:00,XRPUSDT,SHORT,EXECUTED,LOW_RISK__HIGH_QUAL__HIGH_PROFIT,None,TAKE_PROFIT_HIT,149.08,1.0,149.08,0.98,0.29,2.81,-0.15,0.98,1.46,0.12,0.15,0.27,1.19,9940.16,0.6,2026-08-10
443,2026-08-10 09:30:00+00:00,BTCUSDT,SHORT,EXECUTED,LOW_RISK__HIGH_QUAL__HIGH_PROFIT,None,TAKE_PROFIT_HIT,149.1,1.0,149.1,0.2,0.47,1.92,-0.28,0.2,0.3,0.12,0.15,0.27,0.03,9940.19,0.6,2026-08-10
444,2026-08-10 09:30:00+00:00,ETHUSDT,SHORT,EXECUTED,LOW_RISK__HIGH_QUAL__HIGH_PROFIT,None,TAKE_PROFIT_HIT,149.1,1.0,149.1,0.49,0.63,2.62,-0.26,0.49,0.73,0.12,0.15,0.27,0.46,9940.65,0.59,2026-08-10
445,2026-08-10 09:45:00+00:00,SOLUSDT,SHORT,EXECUTED,MED_RISK__LOW_QUAL__HIGH_PROFIT,None,TIME_CLOSE_EXIT,49.7,1.0,49.7,0.67,0.88,0.05,-0.22,-0.35,-0.17,0.04,0.05,0.09,-0.26,9940.38,0.6,2026-08-10
446,2026-08-10 11:00:00+00:00,DOGEUSDT,SHORT,EXECUTED,MED_RISK__HIGH_QUAL__HIGH_PROFIT,None,TIME_CLOSE_EXIT,149.11,1.0,149.11,0.42,0.36,0.04,-0.07,0.0,0.0,0.12,0.15,0.27,-0.27,9940.12,0.6,2026-08-10
447,2026-08-10 11:15:00+00:00,DOGEUSDT,LONG,EXECUTED,MED_RISK__HIGH_QUAL__HIGH_PROFIT,None,TIME_CLOSE_EXIT,149.1,1.0,149.1,0.52,0.42,0.13,-0.19,-0.1,-0.15,0.12,0.15,0.27,-0.42,9939.7,0.6,2026-08-10
448,2026-08-10 11:45:00+00:00,SOLUSDT,LONG,EXECUTED,LOW_RISK__LOW_QUAL__HIGH_PROFIT,None,TIME_CLOSE_EXIT,49.7,1.0,49.7,1.34,0.65,0.1,-0.27,-0.25,-0.12,0.04,0.05,0.09,-0.21,9939.49,0.61,2026-08-10
449,2026-08-10 12:45:00+00:00,SOLUSDT,SHORT,EXECUTED,LOW_RISK__LOW_QUAL__HIGH_PROFIT,None,TAKE_PROFIT_HIT,49.7,1.0,49.7,0.89,0.5,1.38,-0.3,0.89,0.44,0.04,0.05,0.09,0.35,9939.84,0.6,2026-08-10
450,2026-08-10 12:45:00+00:00,DOGEUSDT,SHORT,EXECUTED,MED_RISK__HIGH_QUAL__HIGH_PROFIT,None,TIME_CLOSE_EXIT,149.1,1.0,149.1,0.69,0.43,0.64,-0.3,0.07,0.1,0.12,0.15,0.27,-0.16,9939.67,0.6,2026-08-10
451,2026-08-10 19:15:00+00:00,DOGEUSDT,LONG,EXECUTED,MED_RISK__HIGH_QUAL__HIGH_PROFIT,None,TIME_CLOSE_EXIT,149.1,1.0,149.1,0.43,0.44,0.16,-0.14,-0.27,-0.4,0.12,0.15,0.27,-0.67,9939.0,0.61,2026-08-10
452,2026-08-10 20:00:00+00:00,SOLUSDT,LONG,EXECUTED,LOW_RISK__LOW_QUAL__HIGH_PROFIT,None,TIME_CLOSE_EXIT,49.7,1.0,49.7,0.6,0.54,0.29,-0.13,-0.12,-0.06,0.04,0.05,0.09,-0.15,9938.85,0.61,2026-08-10
453,2026-08-10 22:00:00+00:00,DOGEUSDT,SHORT,EXECUTED,MED_RISK__HIGH_QUAL__HIGH_PROFIT,None,TIME_CLOSE_EXIT,149.08,1.0,149.08,0.4,0.29,0.34,-0.03,-0.07,-0.1,0.12,0.15,0.27,-0.37,9938.48,0.62,2026-08-10
454,2026-08-10 23:00:00+00:00,DOGEUSDT,LONG,EXECUTED,MED_RISK__HIGH_QUAL__HIGH_PROFIT,None,TIME_CLOSE_EXIT,149.08,1.0,149.08,0.27,0.37,0.07,-0.17,-0.11,-0.16,0.12,0.15,0.27,-0.43,9938.05,0.62,2026-08-10
455,2026-08-10 23:15:00+00:00,SOLUSDT,SHORT,EXECUTED,LOW_RISK__LOW_QUAL__HIGH_PROFIT,None,TAKE_PROFIT_HIT,49.69,1.0,49.69,0.46,0.32,0.55,-0.09,0.46,0.23,0.04,0.05,0.09,0.14,9938.19,0.62,2026-08-10
456,2026-08-10 23:45:00+00:00,DOGEUSDT,SHORT,EXECUTED,MED_RISK__HIGH_QUAL__HIGH_PROFIT,None,TIME_CLOSE_EXIT,149.07,1.0,149.07,0.45,0.39,0.13,-0.14,-0.14,-0.21,0.12,0.15,0.27,-0.48,9937.71,0.62,2026-08-10
457,2026-08-11 00:45:00+00:00,DOGEUSDT,LONG,EXECUTED,MED_RISK__HIGH_QUAL__HIGH_PROFIT,None,TAKE_PROFIT_HIT,149.07,1.0,149.07,0.47,0.24,0.7,-0.14,0.47,0.69,0.12,0.15,0.27,0.43,9938.14,0.62,2026-08-11
458,2026-08-11 01:15:00+00:00,ETHUSDT,LONG,EXECUTED,MED_RISK__HIGH_QUAL__LOW_PROFIT,None,TIME_CLOSE_EXIT,149.07,1.0,149.07,0.24,0.24,0.22,-0.22,-0.07,-0.1,0.12,0.15,0.27,-0.37,9937.76,0.62,2026-08-11
459,2026-08-11 01:15:00+00:00,BTCUSDT,LONG,EXECUTED,MED_RISK__LOW_QUAL__HIGH_PROFIT,None,TIME_CLOSE_EXIT,49.69,1.0,49.69,0.17,0.18,0.01,-0.15,0.0,0.0,0.04,0.05,0.09,-0.09,9937.67,0.62,2026-08-11
460,2026-08-11 01:30:00+00:00,BTCUSDT,SHORT,EXECUTED,LOW_RISK__HIGH_QUAL__HIGH_PROFIT,None,TIME_CLOSE_EXIT,149.07,1.0,149.07,0.53,0.06,0.05,-0.13,0.0,0.0,0.12,0.15,0.27,-0.27,9937.41,0.63,2026-08-11
461,2026-08-11 01:45:00+00:00,BTCUSDT,LONG,EXECUTED,MED_RISK__LOW_QUAL__HIGH_PROFIT,None,TAKE_PROFIT_HIT,49.69,1.0,49.69,0.08,0.15,0.18,-0.12,0.08,0.04,0.04,0.05,0.09,-0.05,9937.35,0.63,2026-08-11
462,2026-08-11 03:15:00+00:00,SOLUSDT,LONG,EXECUTED,LOW_RISK__LOW_QUAL__HIGH_PROFIT,None,TIME_CLOSE_EXIT,49.69,1.0,49.69,0.64,0.31,0.08,-0.11,-0.17,-0.08,0.04,0.05,0.09,-0.17,9937.18,0.63,2026-08-11
463,2026-08-11 04:00:00+00:00,XRPUSDT,LONG,EXECUTED,MED_RISK__LOW_QUAL__HIGH_PROFIT,None,TIME_CLOSE_EXIT,49.69,1.0,49.69,0.19,0.22,0.08,-0.02,-0.05,-0.02,0.04,0.05,0.09,-0.11,9937.07,0.63,2026-08-11
464,2026-08-11 04:30:00+00:00,XRPUSDT,SHORT,EXECUTED,MED_RISK__HIGH_QUAL__HIGH_PROFIT,None,TAKE_PROFIT_HIT,149.06,1.0,149.06,0.7,0.15,1.18,-0.06,0.7,1.05,0.12,0.15,0.27,0.78,9937.85,0.62,2026-08-11
465,2026-08-11 05:15:00+00:00,ETHUSDT,SHORT,EXECUTED,LOW_RISK__HIGH_QUAL__HIGH_PROFIT,None,TIME_CLOSE_EXIT,149.07,1.0,149.07,0.89,0.26,0.19,-0.16,-0.17,-0.25,0.12,0.15,0.27,-0.52,9937.33,0.63,2026-08-11
466,2026-08-11 05:15:00+00:00,SOLUSDT,SHORT,EXECUTED,LOW_RISK__LOW_QUAL__HIGH_PROFIT,None,TIME_CLOSE_EXIT,49.69,1.0,49.69,0.66,0.53,0.5,-0.38,-0.03,-0.01,0.04,0.05,0.09,-0.1,9937.22,0.63,2026-08-11
467,2026-08-11 05:15:00+00:00,BTCUSDT,SHORT,EXECUTED,LOW_RISK__HIGH_QUAL__HIGH_PROFIT,None,TIME_CLOSE_EXIT,149.06,1.0,149.06,0.73,0.12,0.19,-0.12,-0.12,-0.18,0.12,0.15,0.27,-0.45,9936.77,0.63,2026-08-11
468,2026-08-11 05:15:00+00:00,DOGEUSDT,SHORT,EXECUTED,MED_RISK__HIGH_QUAL__HIGH_PROFIT,None,TIME_CLOSE_EXIT,149.05,1.0,149.05,0.26,0.39,0.04,-0.24,0.0,0.0,0.12,0.15,0.27,-0.27,9936.51,0.63,2026-08-11
469,2026-08-11 05:30:00+00:00,DOGEUSDT,LONG,EXECUTED,MED_RISK__HIGH_QUAL__HIGH_PROFIT,None,TAKE_PROFIT_HIT,149.05,1.0,149.05,0.58,0.31,1.71,-0.34,0.58,0.87,0.12,0.15,0.27,0.6,9937.1,0.63,2026-08-11
470,2026-08-11 08:15:00+00:00,BTCUSDT,LONG,EXECUTED,MED_RISK__LOW_QUAL__HIGH_PROFIT,None,TAKE_PROFIT_HIT,49.69,1.0,49.69,0.32,0.13,0.71,-0.02,0.32,0.16,0.04,0.05,0.09,0.07,9937.17,0.63,2026-08-11
471,2026-08-11 08:30:00+00:00,ETHUSDT,LONG,EXECUTED,MED_RISK__HIGH_QUAL__LOW_PROFIT,None,TAKE_PROFIT_HIT,149.06,1.0,149.06,0.54,0.27,1.03,-0.1,0.54,0.8,0.12,0.15,0.27,0.53,9937.7,0.62,2026-08-11
472,2026-08-11 10:15:00+00:00,SOLUSDT,LONG,EXECUTED,LOW_RISK__LOW_QUAL__HIGH_PROFIT,None,TIME_CLOSE_EXIT,49.69,1.0,49.69,1.02,0.45,0.51,-0.28,0.07,0.03,0.04,0.05,0.09,-0.05,9937.65,0.62,2026-08-11
473,2026-08-11 11:30:00+00:00,XRPUSDT,LONG,EXECUTED,MED_RISK__LOW_QUAL__HIGH_PROFIT,None,TIME_CLOSE_EXIT,49.69,1.0,49.69,0.34,0.44,0.15,-0.03,-0.15,-0.07,0.04,0.05,0.09,-0.16,9937.49,0.63,2026-08-11
474,2026-08-11 12:45:00+00:00,XRPUSDT,SHORT,EXECUTED,MED_RISK__HIGH_QUAL__HIGH_PROFIT,None,TIME_CLOSE_EXIT,149.06,1.0,149.06,1.21,0.53,0.12,-0.39,-0.29,-0.43,0.12,0.15,0.27,-0.7,9936.79,0.63,2026-08-11
475,2026-08-11 13:45:00+00:00,XRPUSDT,LONG,EXECUTED,MED_RISK__LOW_QUAL__HIGH_PROFIT,None,TIME_CLOSE_EXIT,49.68,1.0,49.68,0.42,0.67,0.24,-0.28,-0.23,-0.11,0.04,0.05,0.09,-0.2,9936.58,0.63,2026-08-11
476,2026-08-11 13:45:00+00:00,BTCUSDT,SHORT,EXECUTED,LOW_RISK__HIGH_QUAL__HIGH_PROFIT,None,TAKE_PROFIT_HIT,149.05,1.0,149.05,1.09,0.22,1.5,-0.1,1.09,1.62,0.12,0.15,0.27,1.35,9937.93,0.62,2026-08-11
477,2026-08-11 14:15:00+00:00,SOLUSDT,SHORT,EXECUTED,LOW_RISK__LOW_QUAL__HIGH_PROFIT,None,TIME_CLOSE_EXIT,49.69,1.0,49.69,1.4,0.58,1.34,-0.69,0.46,0.23,0.04,0.05,0.09,0.14,9938.07,0.62,2026-08-11
478,2026-08-11 14:30:00+00:00,ETHUSDT,SHORT,EXECUTED,LOW_RISK__HIGH_QUAL__HIGH_PROFIT,None,TIME_CLOSE_EXIT,149.07,1.0,149.07,1.53,0.56,1.26,-0.21,0.3,0.45,0.12,0.15,0.27,0.18,9938.25,0.62,2026-08-11
479,2026-08-11 14:30:00+00:00,XRPUSDT,SHORT,EXECUTED,LOW_RISK__HIGH_QUAL__HIGH_PROFIT,None,TIME_CLOSE_EXIT,149.07,1.0,149.07,1.34,0.51,1.32,-0.19,-0.25,-0.37,0.12,0.15,0.27,-0.64,9937.61,0.62,2026-08-11
480,2026-08-11 15:00:00+00:00,DOGEUSDT,SHORT,EXECUTED,HIGH_RISK__HIGH_QUAL__HIGH_PROFIT,None,TIME_CLOSE_EXIT,149.06,3.0,447.19,0.42,1.11,0.24,-0.7,-1.0,-4.47,0.36,0.45,0.8,-5.28,9932.33,0.68,2026-08-11
481,2026-08-11 16:15:00+00:00,DOGEUSDT,LONG,EXECUTED,MED_RISK__HIGH_QUAL__HIGH_PROFIT,None,TIME_CLOSE_EXIT,148.99,1.0,148.99,1.36,0.52,0.34,-0.03,0.0,0.0,0.12,0.15,0.27,-0.27,9932.07,0.68,2026-08-11
482,2026-08-11 16:30:00+00:00,XRPUSDT,LONG,EXECUTED,MED_RISK__LOW_QUAL__HIGH_PROFIT,None,TAKE_PROFIT_HIT,49.66,1.0,49.66,0.75,0.7,1.87,-0.12,0.75,0.37,0.04,0.05,0.09,0.28,9932.35,0.68,2026-08-11
483,2026-08-11 16:30:00+00:00,DOGEUSDT,SHORT,EXECUTED,HIGH_RISK__HIGH_QUAL__HIGH_PROFIT,None,TIME_CLOSE_EXIT,148.99,3.0,446.96,0.25,0.8,0.09,-0.47,-0.07,-0.31,0.36,0.45,0.8,-1.12,9931.23,0.69,2026-08-11
484,2026-08-11 17:15:00+00:00,DOGEUSDT,LONG,EXECUTED,MED_RISK__HIGH_QUAL__HIGH_PROFIT,None,TAKE_PROFIT_HIT,148.97,1.0,148.97,1.52,0.69,3.2,-0.58,1.52,2.27,0.12,0.15,0.27,2.0,9933.23,0.67,2026-08-11
485,2026-08-11 19:30:00+00:00,SOLUSDT,LONG,EXECUTED,LOW_RISK__LOW_QUAL__HIGH_PROFIT,None,TAKE_PROFIT_HIT,49.67,1.0,49.67,0.71,0.55,1.52,-0.3,0.71,0.35,0.04,0.05,0.09,0.26,9933.49,0.67,2026-08-11
486,2026-08-11 19:45:00+00:00,ETHUSDT,LONG,EXECUTED,HIGH_RISK__HIGH_QUAL__LOW_PROFIT,None,TAKE_PROFIT_HIT,149.0,1.0,149.0,0.67,0.92,2.29,-0.58,0.67,1.0,0.12,0.15,0.27,0.73,9934.22,0.66,2026-08-11
487,2026-08-11 20:45:00+00:00,BTCUSDT,LONG,EXECUTED,MED_RISK__LOW_QUAL__HIGH_PROFIT,None,TIME_CLOSE_EXIT,49.67,1.0,49.67,0.16,0.39,0.04,-0.14,-0.16,-0.08,0.04,0.05,0.09,-0.17,9934.06,0.66,2026-08-11
488,2026-08-11 23:45:00+00:00,BTCUSDT,SHORT,EXECUTED,LOW_RISK__HIGH_QUAL__HIGH_PROFIT,None,TIME_CLOSE_EXIT,149.01,1.0,149.01,0.55,0.08,0.1,-0.08,-0.01,-0.01,0.12,0.15,0.27,-0.28,9933.77,0.66,2026-08-11
489,2026-08-12 00:15:00+00:00,BTCUSDT,LONG,EXECUTED,MED_RISK__LOW_QUAL__HIGH_PROFIT,None,TAKE_PROFIT_HIT,49.67,1.0,49.67,0.19,0.14,0.38,-0.14,0.19,0.09,0.04,0.05,0.09,0.01,9933.78,0.66,2026-08-12
490,2026-08-12 03:15:00+00:00,XRPUSDT,SHORT,EXECUTED,LOW_RISK__HIGH_QUAL__HIGH_PROFIT,None,TIME_CLOSE_EXIT,149.01,1.0,149.01,0.44,0.27,0.11,-0.22,-0.17,-0.25,0.12,0.15,0.27,-0.52,9933.26,0.67,2026-08-12
491,2026-08-12 04:30:00+00:00,DOGEUSDT,SHORT,EXECUTED,MED_RISK__HIGH_QUAL__HIGH_PROFIT,None,TAKE_PROFIT_HIT,149.0,1.0,149.0,0.28,0.46,0.93,-0.25,0.28,0.42,0.12,0.15,0.27,0.15,9933.41,0.67,2026-08-12
492,2026-08-12 04:45:00+00:00,SOLUSDT,SHORT,EXECUTED,LOW_RISK__LOW_QUAL__HIGH_PROFIT,None,TIME_CLOSE_EXIT,49.67,1.0,49.67,0.52,0.25,0.47,-0.12,0.14,0.07,0.04,0.05,0.09,-0.02,9933.39,0.67,2026-08-12
493,2026-08-12 05:30:00+00:00,XRPUSDT,LONG,EXECUTED,MED_RISK__LOW_QUAL__HIGH_PROFIT,None,TIME_CLOSE_EXIT,49.67,1.0,49.67,0.35,0.35,0.03,-0.07,-0.08,-0.04,0.04,0.05,0.09,-0.13,9933.26,0.67,2026-08-12
494,2026-08-12 06:00:00+00:00,XRPUSDT,SHORT,EXECUTED,LOW_RISK__HIGH_QUAL__HIGH_PROFIT,None,TIME_CLOSE_EXIT,149.0,1.0,149.0,0.37,0.36,0.25,-0.27,-0.01,-0.01,0.12,0.15,0.27,-0.28,9932.98,0.67,2026-08-12
495,2026-08-12 06:15:00+00:00,BTCUSDT,SHORT,EXECUTED,LOW_RISK__HIGH_QUAL__HIGH_PROFIT,None,TIME_CLOSE_EXIT,148.99,1.0,148.99,0.64,0.32,0.05,-0.18,-0.32,-0.48,0.12,0.15,0.27,-0.74,9932.23,0.68,2026-08-12
496,2026-08-12 08:00:00+00:00,BTCUSDT,LONG,EXECUTED,MED_RISK__LOW_QUAL__HIGH_PROFIT,None,TAKE_PROFIT_HIT,49.66,1.0,49.66,0.45,0.13,1.11,-0.04,0.45,0.22,0.04,0.05,0.09,0.13,9932.37,0.68,2026-08-12
497,2026-08-12 09:00:00+00:00,SOLUSDT,LONG,EXECUTED,LOW_RISK__LOW_QUAL__HIGH_PROFIT,None,TAKE_PROFIT_HIT,49.66,1.0,49.66,1.22,0.32,1.31,-0.25,1.22,0.61,0.04,0.05,0.09,0.52,9932.88,0.67,2026-08-12
498,2026-08-12 09:15:00+00:00,XRPUSDT,LONG,EXECUTED,MED_RISK__LOW_QUAL__HIGH_PROFIT,None,TIME_CLOSE_EXIT,49.66,1.0,49.66,0.75,0.71,0.14,-0.51,-0.62,-0.31,0.04,0.05,0.09,-0.4,9932.49,0.68,2026-08-12
499,2026-08-12 09:45:00+00:00,DOGEUSDT,LONG,EXECUTED,MED_RISK__HIGH_QUAL__HIGH_PROFIT,None,TIME_CLOSE_EXIT,148.99,1.0,148.99,1.38,0.57,0.28,-0.31,-0.72,-1.07,0.12,0.15,0.27,-1.34,9931.15,0.69,2026-08-12
500,2026-08-12 12:45:00+00:00,DOGEUSDT,SHORT,EXECUTED,MED_RISK__HIGH_QUAL__HIGH_PROFIT,None,TAKE_PROFIT_HIT,148.97,1.0,148.97,0.87,0.66,3.88,-0.06,0.87,1.29,0.12,0.15,0.27,1.03,9932.17,0.68,2026-08-12
501,2026-08-12 12:45:00+00:00,XRPUSDT,SHORT,EXECUTED,LOW_RISK__HIGH_QUAL__HIGH_PROFIT,None,TAKE_PROFIT_HIT,148.98,1.0,148.98,1.21,0.66,1.62,-0.19,1.21,1.8,0.12,0.15,0.27,1.54,9933.71,0.66,2026-08-12
502,2026-08-12 13:15:00+00:00,SOLUSDT,SHORT,EXECUTED,LOW_RISK__LOW_QUAL__HIGH_PROFIT,None,TAKE_PROFIT_HIT,49.67,1.0,49.67,1.03,0.42,1.45,-0.13,1.03,0.51,0.04,0.05,0.09,0.42,9934.13,0.66,2026-08-12
503,2026-08-12 13:45:00+00:00,BTCUSDT,SHORT,EXECUTED,LOW_RISK__HIGH_QUAL__HIGH_PROFIT,None,TIME_CLOSE_EXIT,149.01,1.0,149.01,1.21,0.49,0.83,-0.36,0.38,0.57,0.12,0.15,0.27,0.3,9934.43,0.66,2026-08-12
504,2026-08-12 14:00:00+00:00,ETHUSDT,SHORT,EXECUTED,LOW_RISK__HIGH_QUAL__HIGH_PROFIT,None,TAKE_PROFIT_HIT,149.02,1.0,149.02,0.95,0.57,1.4,-0.2,0.95,1.41,0.12,0.15,0.27,1.14,9935.57,0.64,2026-08-12
505,2026-08-12 21:00:00+00:00,BTCUSDT,LONG,EXECUTED,MED_RISK__LOW_QUAL__HIGH_PROFIT,None,TIME_CLOSE_EXIT,49.68,1.0,49.68,0.18,0.32,0.12,-0.04,-0.15,-0.07,0.04,0.05,0.09,-0.16,9935.41,0.65,2026-08-12
506,2026-08-12 22:30:00+00:00,BTCUSDT,SHORT,EXECUTED,LOW_RISK__HIGH_QUAL__HIGH_PROFIT,None,TIME_CLOSE_EXIT,149.03,1.0,149.03,0.54,0.3,0.06,-0.14,-0.12,-0.18,0.12,0.15,0.27,-0.45,9934.96,0.65,2026-08-12
507,2026-08-13 00:00:00+00:00,BTCUSDT,LONG,EXECUTED,MED_RISK__LOW_QUAL__HIGH_PROFIT,None,TAKE_PROFIT_HIT,49.67,1.0,49.67,0.17,0.29,0.18,-0.22,0.17,0.09,0.04,0.05,0.09,-0.0,9934.95,0.65,2026-08-13
508,2026-08-13 01:30:00+00:00,BTCUSDT,SHORT,EXECUTED,LOW_RISK__HIGH_QUAL__HIGH_PROFIT,None,TIME_CLOSE_EXIT,149.02,1.0,149.02,0.32,0.25,0.05,-0.2,-0.14,-0.21,0.12,0.15,0.27,-0.48,9934.48,0.66,2026-08-13
509,2026-08-13 02:15:00+00:00,DOGEUSDT,LONG,EXECUTED,MED_RISK__HIGH_QUAL__HIGH_PROFIT,None,TAKE_PROFIT_HIT,149.02,1.0,149.02,0.46,0.3,1.26,-0.17,0.46,0.69,0.12,0.15,0.27,0.42,9934.9,0.65,2026-08-13
510,2026-08-13 02:30:00+00:00,SOLUSDT,LONG,EXECUTED,LOW_RISK__LOW_QUAL__HIGH_PROFIT,None,TAKE_PROFIT_HIT,49.67,1.0,49.67,0.75,0.19,1.18,-0.26,0.75,0.37,0.04,0.05,0.09,0.28,9935.18,0.65,2026-08-13
511,2026-08-13 02:45:00+00:00,BTCUSDT,LONG,EXECUTED,MED_RISK__LOW_QUAL__HIGH_PROFIT,None,TAKE_PROFIT_HIT,49.68,1.0,49.68,0.2,0.14,0.72,-0.11,0.2,0.1,0.04,0.05,0.09,0.01,9935.19,0.65,2026-08-13
512,2026-08-13 03:00:00+00:00,XRPUSDT,LONG,EXECUTED,MED_RISK__LOW_QUAL__HIGH_PROFIT,None,TAKE_PROFIT_HIT,49.68,1.0,49.68,0.52,0.53,0.6,-0.23,0.52,0.26,0.04,0.05,0.09,0.17,9935.36,0.65,2026-08-13
513,2026-08-13 03:00:00+00:00,ETHUSDT,LONG,EXECUTED,MED_RISK__HIGH_QUAL__LOW_PROFIT,None,TAKE_PROFIT_HIT,149.03,1.0,149.03,0.54,0.32,0.88,-0.09,0.54,0.8,0.12,0.15,0.27,0.53,9935.89,0.64,2026-08-13
514,2026-08-13 09:00:00+00:00,BTCUSDT,SHORT,EXECUTED,LOW_RISK__HIGH_QUAL__HIGH_PROFIT,None,TIME_CLOSE_EXIT,149.04,1.0,149.04,0.89,0.34,0.42,-0.31,0.02,0.03,0.12,0.15,0.27,-0.24,9935.65,0.64,2026-08-13
515,2026-08-13 09:00:00+00:00,SOLUSDT,SHORT,EXECUTED,LOW_RISK__LOW_QUAL__HIGH_PROFIT,None,TIME_CLOSE_EXIT,49.68,1.0,49.68,0.8,0.53,0.53,-0.34,-0.24,-0.12,0.04,0.05,0.09,-0.21,9935.44,0.65,2026-08-13
516,2026-08-13 09:00:00+00:00,ETHUSDT,SHORT,EXECUTED,LOW_RISK__HIGH_QUAL__HIGH_PROFIT,None,TIME_CLOSE_EXIT,149.03,1.0,149.03,0.82,0.52,0.4,-0.4,-0.32,-0.48,0.12,0.15,0.27,-0.75,9934.7,0.65,2026-08-13
517,2026-08-13 09:15:00+00:00,XRPUSDT,SHORT,EXECUTED,LOW_RISK__HIGH_QUAL__HIGH_PROFIT,None,TIME_CLOSE_EXIT,149.02,1.0,149.02,0.84,0.26,0.81,-0.17,0.26,0.39,0.12,0.15,0.27,0.12,9934.82,0.65,2026-08-13
518,2026-08-13 10:00:00+00:00,DOGEUSDT,SHORT,EXECUTED,MED_RISK__HIGH_QUAL__HIGH_PROFIT,None,TAKE_PROFIT_HIT,149.02,1.0,149.02,0.77,0.65,0.97,-0.53,0.77,1.15,0.12,0.15,0.27,0.89,9935.7,0.64,2026-08-13
519,2026-08-13 13:00:00+00:00,SOLUSDT,LONG,EXECUTED,LOW_RISK__LOW_QUAL__HIGH_PROFIT,None,TIME_CLOSE_EXIT,49.68,1.0,49.68,0.59,0.57,0.55,-0.14,-0.09,-0.04,0.04,0.05,0.09,-0.13,9935.57,0.64,2026-08-13
520,2026-08-13 13:00:00+00:00,ETHUSDT,LONG,EXECUTED,MED_RISK__HIGH_QUAL__LOW_PROFIT,None,TIME_CLOSE_EXIT,149.03,1.0,149.03,0.42,0.7,0.27,-0.27,-0.07,-0.1,0.12,0.15,0.27,-0.37,9935.19,0.65,2026-08-13
521,2026-08-13 13:30:00+00:00,BTCUSDT,LONG,EXECUTED,MED_RISK__LOW_QUAL__HIGH_PROFIT,None,TAKE_PROFIT_HIT,49.68,1.0,49.68,0.29,0.59,0.3,-0.38,0.29,0.14,0.04,0.05,0.09,0.05,9935.25,0.65,2026-08-13
522,2026-08-13 14:45:00+00:00,XRPUSDT,LONG,EXECUTED,MED_RISK__LOW_QUAL__HIGH_PROFIT,None,TIME_CLOSE_EXIT,49.68,1.0,49.68,0.37,0.6,0.17,-0.19,-0.27,-0.13,0.04,0.05,0.09,-0.22,9935.02,0.65,2026-08-13
523,2026-08-13 15:45:00+00:00,ETHUSDT,SHORT,EXECUTED,LOW_RISK__HIGH_QUAL__HIGH_PROFIT,None,TIME_CLOSE_EXIT,149.03,1.0,149.03,1.08,0.57,0.87,-0.58,-0.44,-0.66,0.12,0.15,0.27,-0.92,9934.1,0.66,2026-08-13
524,2026-08-13 15:45:00+00:00,BTCUSDT,SHORT,EXECUTED,LOW_RISK__HIGH_QUAL__HIGH_PROFIT,None,TIME_CLOSE_EXIT,149.01,1.0,149.01,1.22,0.58,0.97,-0.48,0.01,0.01,0.12,0.15,0.27,-0.25,9933.85,0.66,2026-08-13
525,2026-08-13 15:45:00+00:00,SOLUSDT,SHORT,EXECUTED,MED_RISK__LOW_QUAL__HIGH_PROFIT,None,TIME_CLOSE_EXIT,49.67,1.0,49.67,0.95,0.75,0.71,-0.61,-0.49,-0.24,0.04,0.05,0.09,-0.33,9933.51,0.66,2026-08-13
526,2026-08-13 15:45:00+00:00,XRPUSDT,SHORT,EXECUTED,LOW_RISK__HIGH_QUAL__HIGH_PROFIT,None,TIME_CLOSE_EXIT,149.0,1.0,149.0,1.14,0.64,0.49,-0.42,-0.36,-0.54,0.12,0.15,0.27,-0.8,9932.71,0.67,2026-08-13
527,2026-08-13 18:00:00+00:00,XRPUSDT,LONG,EXECUTED,MED_RISK__LOW_QUAL__HIGH_PROFIT,None,TIME_CLOSE_EXIT,49.66,1.0,49.66,0.44,0.26,0.21,-0.01,0.0,0.0,0.04,0.05,0.09,-0.09,9932.62,0.67,2026-08-13
528,2026-08-13 18:15:00+00:00,XRPUSDT,SHORT,EXECUTED,MED_RISK__HIGH_QUAL__HIGH_PROFIT,None,TIME_CLOSE_EXIT,148.99,1.0,148.99,0.33,0.3,0.0,-0.24,0.0,0.0,0.12,0.15,0.27,-0.27,9932.35,0.68,2026-08-13
529,2026-08-13 18:30:00+00:00,XRPUSDT,LONG,EXECUTED,MED_RISK__LOW_QUAL__HIGH_PROFIT,None,TAKE_PROFIT_HIT,49.66,1.0,49.66,0.43,0.35,0.67,-0.28,0.43,0.22,0.04,0.05,0.09,0.13,9932.48,0.68,2026-08-13
530,2026-08-13 19:00:00+00:00,DOGEUSDT,LONG,EXECUTED,MED_RISK__HIGH_QUAL__HIGH_PROFIT,None,TIME_CLOSE_EXIT,148.99,1.0,148.99,0.53,0.5,0.33,-0.16,-0.16,-0.24,0.12,0.15,0.27,-0.51,9931.97,0.68,2026-08-13
531,2026-08-13 19:00:00+00:00,SOLUSDT,LONG,EXECUTED,LOW_RISK__LOW_QUAL__HIGH_PROFIT,None,TIME_CLOSE_EXIT,49.66,1.0,49.66,0.94,0.45,0.43,-0.18,0.05,0.02,0.04,0.05,0.09,-0.06,9931.91,0.68,2026-08-13
532,2026-08-13 19:15:00+00:00,ETHUSDT,LONG,EXECUTED,MED_RISK__HIGH_QUAL__LOW_PROFIT,None,TIME_CLOSE_EXIT,148.98,1.0,148.98,0.52,0.51,0.27,-0.14,-0.09,-0.13,0.12,0.15,0.27,-0.4,9931.51,0.68,2026-08-13
533,2026-08-13 20:15:00+00:00,BTCUSDT,LONG,EXECUTED,MED_RISK__LOW_QUAL__HIGH_PROFIT,None,TAKE_PROFIT_HIT,49.66,1.0,49.66,0.2,0.29,0.29,-0.11,0.2,0.1,0.04,0.05,0.09,0.01,9931.52,0.68,2026-08-13
534,2026-08-14 00:15:00+00:00,ETHUSDT,SHORT,EXECUTED,LOW_RISK__HIGH_QUAL__HIGH_PROFIT,None,TIME_CLOSE_EXIT,148.97,1.0,148.97,0.47,0.13,0.06,-0.14,0.0,0.0,0.12,0.15,0.27,-0.27,9931.25,0.69,2026-08-14
535,2026-08-14 00:30:00+00:00,DOGEUSDT,LONG,EXECUTED,MED_RISK__HIGH_QUAL__HIGH_PROFIT,None,TAKE_PROFIT_HIT,148.97,1.0,148.97,0.12,0.24,0.23,-0.14,0.12,0.18,0.12,0.15,0.27,-0.08,9931.16,0.69,2026-08-14
536,2026-08-14 00:30:00+00:00,ETHUSDT,LONG,EXECUTED,MED_RISK__HIGH_QUAL__LOW_PROFIT,None,TIME_CLOSE_EXIT,148.97,1.0,148.97,0.15,0.27,0.02,-0.29,-0.15,-0.22,0.12,0.15,0.27,-0.49,9930.67,0.69,2026-08-14
537,2026-08-14 00:45:00+00:00,SOLUSDT,SHORT,EXECUTED,LOW_RISK__LOW_QUAL__HIGH_PROFIT,None,TAKE_PROFIT_HIT,49.65,1.0,49.65,0.6,0.26,1.34,-0.16,0.6,0.3,0.04,0.05,0.09,0.21,9930.88,0.69,2026-08-14
538,2026-08-14 01:15:00+00:00,ETHUSDT,SHORT,EXECUTED,LOW_RISK__HIGH_QUAL__HIGH_PROFIT,None,TIME_CLOSE_EXIT,148.96,1.0,148.96,0.51,0.09,0.08,-0.16,0.0,0.0,0.12,0.15,0.27,-0.27,9930.62,0.69,2026-08-14
539,2026-08-14 01:30:00+00:00,ETHUSDT,LONG,EXECUTED,MED_RISK__HIGH_QUAL__LOW_PROFIT,None,TIME_CLOSE_EXIT,148.96,1.0,148.96,0.19,0.28,0.09,-0.2,-0.16,-0.24,0.12,0.15,0.27,-0.51,9930.11,0.7,2026-08-14
540,2026-08-14 03:00:00+00:00,ETHUSDT,SHORT,EXECUTED,LOW_RISK__HIGH_QUAL__HIGH_PROFIT,None,TAKE_PROFIT_HIT,148.95,1.0,148.95,0.56,0.15,0.87,-0.18,0.56,0.83,0.12,0.15,0.27,0.56,9930.67,0.69,2026-08-14
541,2026-08-14 03:00:00+00:00,DOGEUSDT,SHORT,EXECUTED,MED_RISK__HIGH_QUAL__HIGH_PROFIT,None,TAKE_PROFIT_HIT,148.96,1.0,148.96,0.54,0.4,1.16,-0.19,0.54,0.8,0.12,0.15,0.27,0.53,9931.21,0.69,2026-08-14
542,2026-08-14 03:15:00+00:00,BTCUSDT,SHORT,EXECUTED,LOW_RISK__HIGH_QUAL__HIGH_PROFIT,None,TAKE_PROFIT_HIT,148.97,1.0,148.97,0.71,0.07,1.46,-0.18,0.71,1.06,0.12,0.15,0.27,0.79,9932.0,0.68,2026-08-14
543,2026-08-14 04:45:00+00:00,XRPUSDT,SHORT,EXECUTED,LOW_RISK__HIGH_QUAL__HIGH_PROFIT,None,TAKE_PROFIT_HIT,148.98,1.0,148.98,0.84,0.29,0.9,-0.18,0.84,1.25,0.12,0.15,0.27,0.98,9932.97,0.67,2026-08-14
544,2026-08-14 11:30:00+00:00,ETHUSDT,LONG,EXECUTED,MED_RISK__HIGH_QUAL__LOW_PROFIT,None,TIME_CLOSE_EXIT,148.99,1.0,148.99,0.34,0.41,0.09,-0.12,-0.24,-0.36,0.12,0.15,0.27,-0.63,9932.35,0.68,2026-08-14
545,2026-08-14 12:45:00+00:00,ETHUSDT,SHORT,EXECUTED,LOW_RISK__HIGH_QUAL__HIGH_PROFIT,None,TAKE_PROFIT_HIT,148.99,1.0,148.99,0.46,0.37,0.49,-0.18,0.46,0.68,0.12,0.15,0.27,0.41,9932.76,0.67,2026-08-14
546,2026-08-14 15:00:00+00:00,DOGEUSDT,LONG,EXECUTED,MED_RISK__HIGH_QUAL__HIGH_PROFIT,None,TAKE_PROFIT_HIT,148.99,1.0,148.99,0.54,0.41,0.75,-0.22,0.54,0.8,0.12,0.15,0.27,0.53,9933.29,0.67,2026-08-14
547,2026-08-14 15:15:00+00:00,XRPUSDT,LONG,EXECUTED,MED_RISK__LOW_QUAL__HIGH_PROFIT,None,TIME_CLOSE_EXIT,49.67,1.0,49.67,0.52,0.63,0.3,-0.48,-0.25,-0.12,0.04,0.05,0.09,-0.21,9933.08,0.67,2026-08-14
548,2026-08-14 15:30:00+00:00,BTCUSDT,LONG,EXECUTED,MED_RISK__LOW_QUAL__HIGH_PROFIT,None,TAKE_PROFIT_HIT,49.67,1.0,49.67,0.36,0.61,0.38,-0.34,0.36,0.18,0.04,0.05,0.09,0.09,9933.17,0.67,2026-08-14
549,2026-08-14 15:30:00+00:00,SOLUSDT,LONG,EXECUTED,LOW_RISK__LOW_QUAL__HIGH_PROFIT,None,TIME_CLOSE_EXIT,49.67,1.0,49.67,0.55,0.62,0.05,-0.4,-0.38,-0.19,0.04,0.05,0.09,-0.28,9932.89,0.67,2026-08-14
550,2026-08-14 15:30:00+00:00,ETHUSDT,LONG,EXECUTED,HIGH_RISK__HIGH_QUAL__LOW_PROFIT,None,TIME_CLOSE_EXIT,148.99,1.0,148.99,0.56,0.9,0.23,-0.42,-0.35,-0.52,0.12,0.15,0.27,-0.79,9932.1,0.68,2026-08-14
551,2026-08-14 17:30:00+00:00,XRPUSDT,SHORT,EXECUTED,LOW_RISK__HIGH_QUAL__HIGH_PROFIT,None,TAKE_PROFIT_HIT,148.98,1.0,148.98,0.78,0.24,1.68,-0.16,0.78,1.17,0.12,0.15,0.27,0.9,9933.0,0.67,2026-08-14
552,2026-08-14 17:45:00+00:00,SOLUSDT,SHORT,EXECUTED,LOW_RISK__LOW_QUAL__HIGH_PROFIT,None,TIME_CLOSE_EXIT,49.66,1.0,49.66,1.03,0.43,0.81,-0.27,0.08,0.04,0.04,0.05,0.09,-0.05,9932.95,0.67,2026-08-14
553,2026-08-14 18:45:00+00:00,ETHUSDT,SHORT,EXECUTED,LOW_RISK__HIGH_QUAL__HIGH_PROFIT,None,TIME_CLOSE_EXIT,148.99,1.0,148.99,0.54,0.22,0.11,-0.11,-0.22,-0.33,0.12,0.15,0.27,-0.6,9932.35,0.68,2026-08-14
554,2026-08-14 19:15:00+00:00,DOGEUSDT,SHORT,EXECUTED,MED_RISK__HIGH_QUAL__HIGH_PROFIT,None,TIME_CLOSE_EXIT,148.99,1.0,148.99,0.34,0.29,0.16,-0.06,-0.11,-0.16,0.12,0.15,0.27,-0.43,9931.92,0.68,2026-08-14
555,2026-08-14 19:15:00+00:00,BTCUSDT,SHORT,EXECUTED,LOW_RISK__HIGH_QUAL__HIGH_PROFIT,None,TIME_CLOSE_EXIT,148.98,1.0,148.98,0.7,0.09,0.21,-0.15,-0.03,-0.04,0.12,0.15,0.27,-0.31,9931.61,0.68,2026-08-14
556,2026-08-14 19:45:00+00:00,ETHUSDT,LONG,EXECUTED,MED_RISK__HIGH_QUAL__LOW_PROFIT,None,TIME_CLOSE_EXIT,148.97,1.0,148.97,0.18,0.32,0.06,-0.08,-0.08,-0.12,0.12,0.15,0.27,-0.39,9931.22,0.69,2026-08-14
557,2026-08-14 19:45:00+00:00,DOGEUSDT,LONG,EXECUTED,MED_RISK__HIGH_QUAL__HIGH_PROFIT,None,TIME_CLOSE_EXIT,148.97,1.0,148.97,0.25,0.25,0.09,-0.1,-0.07,-0.1,0.12,0.15,0.27,-0.37,9930.85,0.69,2026-08-14
558,2026-08-14 21:30:00+00:00,DOGEUSDT,SHORT,EXECUTED,MED_RISK__HIGH_QUAL__HIGH_PROFIT,None,TIME_CLOSE_EXIT,148.96,1.0,148.96,0.19,0.35,0.03,-0.13,-0.14,-0.21,0.12,0.15,0.27,-0.48,9930.37,0.7,2026-08-14
559,2026-08-14 22:00:00+00:00,DOGEUSDT,LONG,EXECUTED,MED_RISK__HIGH_QUAL__HIGH_PROFIT,None,TIME_CLOSE_EXIT,148.96,1.0,148.96,0.37,0.21,0.11,-0.11,0.0,0.0,0.12,0.15,0.27,-0.27,9930.1,0.7,2026-08-14
560,2026-08-14 22:00:00+00:00,ETHUSDT,SHORT,EXECUTED,LOW_RISK__HIGH_QUAL__HIGH_PROFIT,None,TIME_CLOSE_EXIT,148.95,1.0,148.95,0.41,0.16,0.08,-0.19,-0.12,-0.18,0.12,0.15,0.27,-0.45,9929.66,0.7,2026-08-14
561,2026-08-14 22:15:00+00:00,DOGEUSDT,SHORT,EXECUTED,MED_RISK__HIGH_QUAL__HIGH_PROFIT,None,TIME_CLOSE_EXIT,148.94,1.0,148.94,0.24,0.46,0.0,-0.23,-0.23,-0.34,0.12,0.15,0.27,-0.61,9929.05,0.71,2026-08-14
562,2026-08-14 23:00:00+00:00,ETHUSDT,LONG,EXECUTED,MED_RISK__HIGH_QUAL__LOW_PROFIT,None,TIME_CLOSE_EXIT,148.94,1.0,148.94,0.32,0.22,0.3,-0.12,0.13,0.19,0.12,0.15,0.27,-0.07,9928.97,0.71,2026-08-14
563,2026-08-14 23:00:00+00:00,DOGEUSDT,LONG,EXECUTED,MED_RISK__HIGH_QUAL__HIGH_PROFIT,None,TAKE_PROFIT_HIT,148.93,1.0,148.93,0.45,0.38,0.83,-0.2,0.45,0.66,0.12,0.15,0.27,0.4,9929.37,0.71,2026-08-14
564,2026-08-14 23:15:00+00:00,SOLUSDT,LONG,EXECUTED,LOW_RISK__LOW_QUAL__HIGH_PROFIT,None,TAKE_PROFIT_HIT,49.65,1.0,49.65,0.4,0.36,0.5,-0.17,0.4,0.2,0.04,0.05,0.09,0.11,9929.48,0.71,2026-08-14
565,2026-08-14 23:30:00+00:00,BTCUSDT,LONG,EXECUTED,MED_RISK__LOW_QUAL__HIGH_PROFIT,None,TAKE_PROFIT_HIT,49.65,1.0,49.65,0.09,0.27,0.28,-0.16,0.09,0.05,0.04,0.05,0.09,-0.04,9929.43,0.71,2026-08-14
566,2026-08-15 00:15:00+00:00,XRPUSDT,LONG,EXECUTED,MED_RISK__LOW_QUAL__HIGH_PROFIT,None,TAKE_PROFIT_HIT,49.65,1.0,49.65,0.35,0.22,0.89,-0.08,0.35,0.17,0.04,0.05,0.09,0.09,9929.52,0.7,2026-08-15
567,2026-08-15 05:30:00+00:00,ETHUSDT,SHORT,EXECUTED,LOW_RISK__HIGH_QUAL__HIGH_PROFIT,None,TIME_CLOSE_EXIT,148.94,1.0,148.94,0.42,0.15,0.29,-0.12,0.14,0.21,0.12,0.15,0.27,-0.06,9929.46,0.71,2026-08-15
568,2026-08-15 05:45:00+00:00,SOLUSDT,SHORT,EXECUTED,LOW_RISK__LOW_QUAL__HIGH_PROFIT,None,TIME_CLOSE_EXIT,49.65,1.0,49.65,0.52,0.23,0.41,-0.19,0.11,0.05,0.04,0.05,0.09,-0.03,9929.43,0.71,2026-08-15
569,2026-08-15 06:00:00+00:00,DOGEUSDT,SHORT,EXECUTED,MED_RISK__HIGH_QUAL__HIGH_PROFIT,None,TIME_CLOSE_EXIT,148.94,1.0,148.94,0.26,0.39,0.21,-0.23,-0.06,-0.09,0.12,0.15,0.27,-0.36,9929.07,0.71,2026-08-15
570,2026-08-15 06:15:00+00:00,BTCUSDT,SHORT,EXECUTED,LOW_RISK__HIGH_QUAL__HIGH_PROFIT,None,TIME_CLOSE_EXIT,148.94,1.0,148.94,0.61,0.1,0.01,-0.05,-0.05,-0.07,0.12,0.15,0.27,-0.34,9928.73,0.71,2026-08-15
571,2026-08-15 06:45:00+00:00,BTCUSDT,LONG,EXECUTED,MED_RISK__LOW_QUAL__HIGH_PROFIT,None,TAKE_PROFIT_HIT,49.64,1.0,49.64,-0.03,0.15,0.03,-0.07,-0.03,-0.02,0.04,0.05,0.09,-0.11,9928.62,0.71,2026-08-15
572,2026-08-15 07:45:00+00:00,XRPUSDT,SHORT,EXECUTED,MED_RISK__HIGH_QUAL__HIGH_PROFIT,None,TIME_CLOSE_EXIT,148.93,1.0,148.93,0.6,0.27,0.2,-0.1,-0.02,-0.03,0.12,0.15,0.27,-0.3,9928.32,0.72,2026-08-15
573,2026-08-15 08:00:00+00:00,BTCUSDT,SHORT,EXECUTED,LOW_RISK__HIGH_QUAL__HIGH_PROFIT,None,TIME_CLOSE_EXIT,148.92,1.0,148.92,0.73,0.09,0.22,-0.04,-0.02,-0.03,0.12,0.15,0.27,-0.3,9928.02,0.72,2026-08-15
574,2026-08-15 11:30:00+00:00,XRPUSDT,LONG,EXECUTED,MED_RISK__LOW_QUAL__HIGH_PROFIT,None,TIME_CLOSE_EXIT,49.64,1.0,49.64,0.22,0.16,0.0,-0.09,0.0,0.0,0.04,0.05,0.09,-0.09,9927.93,0.72,2026-08-15
575,2026-08-15 11:45:00+00:00,XRPUSDT,SHORT,EXECUTED,MED_RISK__HIGH_QUAL__HIGH_PROFIT,None,TIME_CLOSE_EXIT,148.92,1.0,148.92,0.44,0.23,0.25,-0.12,0.05,0.07,0.12,0.15,0.27,-0.19,9927.74,0.72,2026-08-15
576,2026-08-15 12:45:00+00:00,ETHUSDT,LONG,EXECUTED,MED_RISK__HIGH_QUAL__LOW_PROFIT,None,TIME_CLOSE_EXIT,148.92,1.0,148.92,0.44,0.31,0.14,-0.3,-0.05,-0.07,0.12,0.15,0.27,-0.34,9927.4,0.73,2026-08-15
577,2026-08-15 12:45:00+00:00,SOLUSDT,LONG,EXECUTED,LOW_RISK__LOW_QUAL__HIGH_PROFIT,None,TIME_CLOSE_EXIT,49.64,1.0,49.64,0.47,0.32,0.34,-0.24,0.05,0.02,0.04,0.05,0.09,-0.06,9927.33,0.73,2026-08-15
578,2026-08-15 13:15:00+00:00,BTCUSDT,LONG,EXECUTED,MED_RISK__LOW_QUAL__HIGH_PROFIT,None,TIME_CLOSE_EXIT,49.64,1.0,49.64,0.2,0.13,0.14,-0.06,0.02,0.01,0.04,0.05,0.09,-0.08,9927.25,0.73,2026-08-15
579,2026-08-15 13:15:00+00:00,DOGEUSDT,LONG,EXECUTED,MED_RISK__HIGH_QUAL__HIGH_PROFIT,None,TIME_CLOSE_EXIT,148.91,1.0,148.91,0.29,0.15,0.11,-0.01,-0.01,-0.01,0.12,0.15,0.27,-0.28,9926.97,0.73,2026-08-15
580,2026-08-15 14:15:00+00:00,DOGEUSDT,SHORT,EXECUTED,MED_RISK__HIGH_QUAL__HIGH_PROFIT,None,TIME_CLOSE_EXIT,148.9,1.0,148.9,0.18,0.38,0.04,-0.16,-0.13,-0.19,0.12,0.15,0.27,-0.46,9926.51,0.73,2026-08-15
581,2026-08-15 15:30:00+00:00,DOGEUSDT,LONG,EXECUTED,MED_RISK__HIGH_QUAL__HIGH_PROFIT,None,TIME_CLOSE_EXIT,148.9,1.0,148.9,0.27,0.19,0.0,-0.1,-0.07,-0.1,0.12,0.15,0.27,-0.37,9926.14,0.74,2026-08-15
582,2026-08-15 16:30:00+00:00,DOGEUSDT,SHORT,EXECUTED,MED_RISK__HIGH_QUAL__HIGH_PROFIT,None,TAKE_PROFIT_HIT,148.89,1.0,148.89,0.23,0.22,0.37,-0.11,0.23,0.34,0.12,0.15,0.27,0.07,9926.21,0.74,2026-08-15
583,2026-08-15 16:45:00+00:00,XRPUSDT,LONG,EXECUTED,MED_RISK__LOW_QUAL__HIGH_PROFIT,None,TIME_CLOSE_EXIT,49.63,1.0,49.63,0.24,0.14,0.11,-0.06,-0.03,-0.01,0.04,0.05,0.09,-0.1,9926.1,0.74,2026-08-15
584,2026-08-15 18:15:00+00:00,XRPUSDT,SHORT,EXECUTED,MED_RISK__HIGH_QUAL__HIGH_PROFIT,None,TIME_CLOSE_EXIT,148.89,1.0,148.89,0.4,0.28,0.07,-0.12,-0.12,-0.18,0.12,0.15,0.27,-0.45,9925.66,0.74,2026-08-15
585,2026-08-15 18:45:00+00:00,ETHUSDT,SHORT,EXECUTED,LOW_RISK__HIGH_QUAL__HIGH_PROFIT,None,TIME_CLOSE_EXIT,148.88,1.0,148.88,0.19,0.08,0.0,-0.01,-0.06,-0.09,0.12,0.15,0.27,-0.36,9925.3,0.75,2026-08-15
586,2026-08-15 18:45:00+00:00,BTCUSDT,SHORT,EXECUTED,LOW_RISK__HIGH_QUAL__HIGH_PROFIT,None,TIME_CLOSE_EXIT,148.88,1.0,148.88,0.52,0.15,0.02,0.0,0.0,0.0,0.12,0.15,0.27,-0.27,9925.03,0.75,2026-08-15
587,2026-08-15 19:00:00+00:00,XRPUSDT,LONG,EXECUTED,MED_RISK__LOW_QUAL__HIGH_PROFIT,None,TAKE_PROFIT_HIT,49.63,1.0,49.63,0.18,0.15,0.4,-0.05,0.18,0.09,0.04,0.05,0.09,-0.0,9925.03,0.75,2026-08-15
588,2026-08-15 19:00:00+00:00,BTCUSDT,LONG,EXECUTED,MED_RISK__LOW_QUAL__HIGH_PROFIT,None,TAKE_PROFIT_HIT,49.63,1.0,49.63,0.05,0.26,0.14,-0.05,0.05,0.03,0.04,0.05,0.09,-0.06,9924.97,0.75,2026-08-15
589,2026-08-15 19:30:00+00:00,ETHUSDT,LONG,EXECUTED,MED_RISK__HIGH_QUAL__LOW_PROFIT,None,TIME_CLOSE_EXIT,148.87,1.0,148.87,0.21,0.09,0.04,-0.01,-0.02,-0.03,0.12,0.15,0.27,-0.3,9924.67,0.75,2026-08-15
590,2026-08-15 20:15:00+00:00,ETHUSDT,SHORT,EXECUTED,LOW_RISK__HIGH_QUAL__HIGH_PROFIT,None,TIME_CLOSE_EXIT,148.87,1.0,148.87,0.22,0.07,0.02,-0.04,-0.05,-0.07,0.12,0.15,0.27,-0.34,9924.33,0.76,2026-08-15
591,2026-08-15 20:30:00+00:00,SOLUSDT,SHORT,EXECUTED,LOW_RISK__LOW_QUAL__HIGH_PROFIT,None,TIME_CLOSE_EXIT,49.62,1.0,49.62,0.46,0.06,0.07,-0.01,-0.04,-0.02,0.04,0.05,0.09,-0.11,9924.22,0.76,2026-08-15
592,2026-08-15 21:00:00+00:00,SOLUSDT,LONG,EXECUTED,LOW_RISK__LOW_QUAL__HIGH_PROFIT,None,TAKE_PROFIT_HIT,49.62,1.0,49.62,0.11,0.22,0.2,-0.08,0.11,0.05,0.04,0.05,0.09,-0.04,9924.18,0.76,2026-08-15
593,2026-08-15 21:15:00+00:00,ETHUSDT,LONG,EXECUTED,MED_RISK__HIGH_QUAL__LOW_PROFIT,None,TIME_CLOSE_EXIT,148.86,1.0,148.86,0.18,0.13,0.06,-0.03,-0.08,-0.12,0.12,0.15,0.27,-0.39,9923.79,0.76,2026-08-15
594,2026-08-15 21:15:00+00:00,DOGEUSDT,LONG,EXECUTED,MED_RISK__HIGH_QUAL__HIGH_PROFIT,None,TIME_CLOSE_EXIT,148.86,1.0,148.86,0.02,0.41,0.01,-0.11,-0.24,-0.36,0.12,0.15,0.27,-0.63,9923.17,0.77,2026-08-15
595,2026-08-15 22:45:00+00:00,DOGEUSDT,SHORT,EXECUTED,MED_RISK__HIGH_QUAL__HIGH_PROFIT,None,TIME_CLOSE_EXIT,148.85,1.0,148.85,0.55,0.27,0.52,-0.19,-0.06,-0.09,0.12,0.15,0.27,-0.36,9922.81,0.77,2026-08-15
596,2026-08-15 23:00:00+00:00,SOLUSDT,SHORT,EXECUTED,LOW_RISK__LOW_QUAL__HIGH_PROFIT,None,TIME_CLOSE_EXIT,49.61,1.0,49.61,0.63,0.29,0.21,-0.21,-0.24,-0.12,0.04,0.05,0.09,-0.21,9922.6,0.77,2026-08-15
597,2026-08-15 23:15:00+00:00,XRPUSDT,SHORT,EXECUTED,LOW_RISK__HIGH_QUAL__HIGH_PROFIT,None,TIME_CLOSE_EXIT,148.84,1.0,148.84,0.48,0.26,0.25,-0.15,-0.03,-0.04,0.12,0.15,0.27,-0.31,9922.29,0.78,2026-08-15
598,2026-08-15 23:30:00+00:00,ETHUSDT,SHORT,EXECUTED,LOW_RISK__HIGH_QUAL__HIGH_PROFIT,None,TAKE_PROFIT_HIT,148.83,1.0,148.83,0.27,0.1,0.33,-0.03,0.27,0.4,0.12,0.15,0.27,0.13,9922.42,0.78,2026-08-15
599,2026-08-16 00:00:00+00:00,BTCUSDT,SHORT,EXECUTED,LOW_RISK__HIGH_QUAL__HIGH_PROFIT,None,TIME_CLOSE_EXIT,148.84,1.0,148.84,0.38,0.03,0.09,-0.02,-0.07,-0.1,0.12,0.15,0.27,-0.37,9922.05,0.78,2026-08-16
600,2026-08-16 02:30:00+00:00,SOLUSDT,LONG,EXECUTED,LOW_RISK__LOW_QUAL__HIGH_PROFIT,None,TIME_CLOSE_EXIT,49.61,1.0,49.61,0.49,0.22,0.01,-0.08,-0.19,-0.09,0.04,0.05,0.09,-0.18,9921.87,0.78,2026-08-16
601,2026-08-16 02:30:00+00:00,BTCUSDT,LONG,EXECUTED,MED_RISK__LOW_QUAL__HIGH_PROFIT,None,TIME_CLOSE_EXIT,49.61,1.0,49.61,0.12,0.19,0.01,-0.06,-0.09,-0.04,0.04,0.05,0.09,-0.13,9921.74,0.78,2026-08-16
602,2026-08-16 02:45:00+00:00,DOGEUSDT,LONG,EXECUTED,MED_RISK__HIGH_QUAL__HIGH_PROFIT,None,TIME_CLOSE_EXIT,148.83,1.0,148.83,0.31,0.13,0.17,-0.06,-0.14,-0.21,0.12,0.15,0.27,-0.48,9921.26,0.79,2026-08-16
603,2026-08-16 03:00:00+00:00,ETHUSDT,LONG,EXECUTED,MED_RISK__HIGH_QUAL__LOW_PROFIT,None,TIME_CLOSE_EXIT,148.82,1.0,148.82,0.34,0.03,0.03,-0.07,-0.07,-0.1,0.12,0.15,0.27,-0.37,9920.89,0.79,2026-08-16
604,2026-08-16 04:45:00+00:00,ETHUSDT,SHORT,EXECUTED,LOW_RISK__HIGH_QUAL__HIGH_PROFIT,None,TIME_CLOSE_EXIT,148.81,1.0,148.81,0.16,0.07,0.14,-0.05,-0.02,-0.03,0.12,0.15,0.27,-0.3,9920.59,0.79,2026-08-16
605,2026-08-16 05:15:00+00:00,BTCUSDT,SHORT,EXECUTED,LOW_RISK__HIGH_QUAL__HIGH_PROFIT,None,TIME_CLOSE_EXIT,148.81,1.0,148.81,0.56,-0.01,0.16,-0.04,0.01,0.01,0.12,0.15,0.27,-0.25,9920.34,0.8,2026-08-16
606,2026-08-16 05:15:00+00:00,SOLUSDT,SHORT,EXECUTED,LOW_RISK__LOW_QUAL__HIGH_PROFIT,None,TIME_CLOSE_EXIT,49.6,1.0,49.6,0.45,0.24,0.27,-0.21,-0.05,-0.02,0.04,0.05,0.09,-0.11,9920.22,0.8,2026-08-16
607,2026-08-16 05:30:00+00:00,DOGEUSDT,SHORT,EXECUTED,MED_RISK__HIGH_QUAL__HIGH_PROFIT,None,TIME_CLOSE_EXIT,148.8,1.0,148.8,0.27,0.21,0.22,-0.04,-0.16,-0.24,0.12,0.15,0.27,-0.51,9919.72,0.8,2026-08-16
608,2026-08-16 07:30:00+00:00,XRPUSDT,LONG,EXECUTED,MED_RISK__LOW_QUAL__HIGH_PROFIT,None,TIME_CLOSE_EXIT,49.6,1.0,49.6,0.19,0.15,0.07,-0.01,-0.1,-0.05,0.04,0.05,0.09,-0.14,9919.58,0.8,2026-08-16
609,2026-08-16 07:30:00+00:00,DOGEUSDT,LONG,EXECUTED,MED_RISK__HIGH_QUAL__HIGH_PROFIT,None,TIME_CLOSE_EXIT,148.79,1.0,148.79,0.25,0.19,0.17,-0.04,-0.04,-0.06,0.12,0.15,0.27,-0.33,9919.25,0.81,2026-08-16
610,2026-08-16 09:15:00+00:00,ETHUSDT,LONG,EXECUTED,MED_RISK__HIGH_QUAL__LOW_PROFIT,None,TIME_CLOSE_EXIT,148.79,1.0,148.79,0.35,0.14,0.04,0.0,0.0,0.0,0.12,0.15,0.27,-0.27,9918.98,0.81,2026-08-16
611,2026-08-16 09:30:00+00:00,ETHUSDT,SHORT,EXECUTED,LOW_RISK__HIGH_QUAL__HIGH_PROFIT,None,TIME_CLOSE_EXIT,148.78,1.0,148.78,0.32,0.19,0.04,-0.1,-0.04,-0.06,0.12,0.15,0.27,-0.33,9918.65,0.81,2026-08-16
612,2026-08-16 09:45:00+00:00,XRPUSDT,SHORT,EXECUTED,LOW_RISK__HIGH_QUAL__HIGH_PROFIT,None,TIME_CLOSE_EXIT,148.78,1.0,148.78,0.72,0.21,0.32,-0.07,-0.01,-0.01,0.12,0.15,0.27,-0.28,9918.37,0.82,2026-08-16
613,2026-08-16 10:00:00+00:00,DOGEUSDT,SHORT,EXECUTED,MED_RISK__HIGH_QUAL__HIGH_PROFIT,None,TIME_CLOSE_EXIT,148.78,1.0,148.78,0.31,0.25,0.03,-0.1,-0.13,-0.19,0.12,0.15,0.27,-0.46,9917.91,0.82,2026-08-16
614,2026-08-16 11:45:00+00:00,DOGEUSDT,LONG,EXECUTED,MED_RISK__HIGH_QUAL__HIGH_PROFIT,None,TIME_CLOSE_EXIT,148.77,1.0,148.77,0.11,0.19,0.03,-0.06,0.0,0.0,0.12,0.15,0.27,-0.27,9917.64,0.82,2026-08-16
615,2026-08-16 12:00:00+00:00,DOGEUSDT,SHORT,EXECUTED,MED_RISK__HIGH_QUAL__HIGH_PROFIT,None,TIME_CLOSE_EXIT,148.76,1.0,148.76,0.18,0.24,0.03,-0.11,0.0,0.0,0.12,0.15,0.27,-0.27,9917.38,0.83,2026-08-16
616,2026-08-16 12:15:00+00:00,DOGEUSDT,LONG,EXECUTED,MED_RISK__HIGH_QUAL__HIGH_PROFIT,None,TAKE_PROFIT_HIT,148.76,1.0,148.76,0.26,0.17,0.46,-0.14,0.26,0.38,0.12,0.15,0.27,0.11,9917.49,0.83,2026-08-16
617,2026-08-16 13:15:00+00:00,BTCUSDT,LONG,EXECUTED,MED_RISK__LOW_QUAL__HIGH_PROFIT,None,TAKE_PROFIT_HIT,49.59,1.0,49.59,0.11,0.13,0.52,-0.01,0.11,0.05,0.04,0.05,0.09,-0.04,9917.45,0.83,2026-08-16
618,2026-08-16 13:30:00+00:00,ETHUSDT,LONG,EXECUTED,MED_RISK__HIGH_QUAL__LOW_PROFIT,None,TAKE_PROFIT_HIT,148.76,1.0,148.76,0.39,0.11,0.57,-0.04,0.39,0.58,0.12,0.15,0.27,0.31,9917.77,0.82,2026-08-16
619,2026-08-16 13:30:00+00:00,SOLUSDT,LONG,EXECUTED,LOW_RISK__LOW_QUAL__HIGH_PROFIT,None,TIME_CLOSE_EXIT,49.59,1.0,49.59,0.46,0.17,0.04,-0.07,-0.11,-0.05,0.04,0.05,0.09,-0.14,9917.62,0.82,2026-08-16
620,2026-08-16 14:00:00+00:00,SOLUSDT,SHORT,EXECUTED,LOW_RISK__LOW_QUAL__HIGH_PROFIT,None,TIME_CLOSE_EXIT,49.59,1.0,49.59,0.18,0.23,0.03,-0.08,-0.04,-0.02,0.04,0.05,0.09,-0.11,9917.51,0.82,2026-08-16
621,2026-08-16 14:30:00+00:00,XRPUSDT,LONG,EXECUTED,MED_RISK__LOW_QUAL__HIGH_PROFIT,None,TAKE_PROFIT_HIT,49.59,1.0,49.59,0.18,0.2,0.28,-0.05,0.18,0.09,0.04,0.05,0.09,-0.0,9917.51,0.82,2026-08-16
622,2026-08-16 14:30:00+00:00,SOLUSDT,LONG,EXECUTED,LOW_RISK__LOW_QUAL__HIGH_PROFIT,None,TIME_CLOSE_EXIT,49.59,1.0,49.59,0.47,0.17,0.45,-0.09,-0.07,-0.03,0.04,0.05,0.09,-0.12,9917.39,0.83,2026-08-16
623,2026-08-16 17:45:00+00:00,SOLUSDT,SHORT,EXECUTED,LOW_RISK__LOW_QUAL__HIGH_PROFIT,None,TAKE_PROFIT_HIT,49.59,1.0,49.59,0.69,0.22,1.57,-0.12,0.69,0.34,0.04,0.05,0.09,0.25,9917.64,0.82,2026-08-16
624,2026-08-16 18:00:00+00:00,XRPUSDT,SHORT,EXECUTED,LOW_RISK__HIGH_QUAL__HIGH_PROFIT,None,TIME_CLOSE_EXIT,148.76,1.0,148.76,0.68,0.4,0.09,-0.22,-0.22,-0.33,0.12,0.15,0.27,-0.6,9917.04,0.83,2026-08-16
625,2026-08-16 19:45:00+00:00,DOGEUSDT,SHORT,EXECUTED,MED_RISK__HIGH_QUAL__HIGH_PROFIT,None,TAKE_PROFIT_HIT,148.76,1.0,148.76,0.42,0.34,1.27,-0.16,0.42,0.62,0.12,0.15,0.27,0.35,9917.4,0.83,2026-08-16
626,2026-08-16 20:00:00+00:00,BTCUSDT,SHORT,EXECUTED,LOW_RISK__HIGH_QUAL__HIGH_PROFIT,None,TIME_CLOSE_EXIT,148.76,1.0,148.76,1.05,-0.0,0.67,-0.01,0.13,0.19,0.12,0.15,0.27,-0.07,9917.32,0.83,2026-08-16
627,2026-08-16 20:00:00+00:00,XRPUSDT,LONG,EXECUTED,MED_RISK__LOW_QUAL__HIGH_PROFIT,None,TAKE_PROFIT_HIT,49.59,1.0,49.59,0.02,0.28,0.05,-0.05,0.02,0.01,0.04,0.05,0.09,-0.08,9917.24,0.83,2026-08-16
628,2026-08-16 20:30:00+00:00,XRPUSDT,SHORT,EXECUTED,LOW_RISK__HIGH_QUAL__HIGH_PROFIT,None,TIME_CLOSE_EXIT,148.76,1.0,148.76,1.37,0.2,1.17,-0.19,0.06,0.09,0.12,0.15,0.27,-0.18,9917.06,0.83,2026-08-16
629,2026-08-16 20:45:00+00:00,ETHUSDT,SHORT,EXECUTED,LOW_RISK__HIGH_QUAL__HIGH_PROFIT,None,TIME_CLOSE_EXIT,148.76,1.0,148.76,0.89,0.19,0.68,-0.12,0.16,0.24,0.12,0.15,0.27,-0.03,9917.03,0.83,2026-08-16
630,2026-08-17 01:00:00+00:00,ETHUSDT,LONG,EXECUTED,MED_RISK__HIGH_QUAL__LOW_PROFIT,None,TIME_CLOSE_EXIT,148.76,1.0,148.76,1.67,0.73,1.22,-0.6,0.33,0.49,0.12,0.15,0.27,0.22,9917.26,0.83,2026-08-17
631,2026-08-17 01:00:00+00:00,DOGEUSDT,LONG,EXECUTED,MED_RISK__HIGH_QUAL__HIGH_PROFIT,None,TIME_CLOSE_EXIT,148.76,1.0,148.76,0.78,0.51,0.77,-0.33,0.24,0.36,0.12,0.15,0.27,0.09,9917.34,0.83,2026-08-17
632,2026-08-17 01:15:00+00:00,SOLUSDT,LONG,EXECUTED,LOW_RISK__LOW_QUAL__HIGH_PROFIT,None,TAKE_PROFIT_HIT,49.59,1.0,49.59,0.91,0.73,1.01,-0.45,0.91,0.45,0.04,0.05,0.09,0.36,9917.71,0.82,2026-08-17
633,2026-08-17 01:15:00+00:00,BTCUSDT,LONG,EXECUTED,MED_RISK__LOW_QUAL__HIGH_PROFIT,None,TAKE_PROFIT_HIT,49.59,1.0,49.59,0.67,0.23,0.94,-0.15,0.67,0.33,0.04,0.05,0.09,0.24,9917.95,0.82,2026-08-17
634,2026-08-17 01:30:00+00:00,XRPUSDT,LONG,EXECUTED,MED_RISK__LOW_QUAL__HIGH_PROFIT,None,TAKE_PROFIT_HIT,49.59,1.0,49.59,0.59,0.62,0.7,-0.26,0.59,0.29,0.04,0.05,0.09,0.21,9918.15,0.82,2026-08-17
635,2026-08-17 08:15:00+00:00,ETHUSDT,SHORT,EXECUTED,LOW_RISK__HIGH_QUAL__HIGH_PROFIT,None,TIME_CLOSE_EXIT,148.77,1.0,148.77,0.31,0.65,0.2,-0.07,-0.18,-0.27,0.12,0.15,0.27,-0.54,9917.62,0.82,2026-08-17
636,2026-08-17 08:30:00+00:00,XRPUSDT,SHORT,EXECUTED,LOW_RISK__HIGH_QUAL__HIGH_PROFIT,None,TIME_CLOSE_EXIT,148.76,1.0,148.76,0.85,0.38,0.35,-0.14,-0.04,-0.06,0.12,0.15,0.27,-0.33,9917.29,0.83,2026-08-17
637,2026-08-17 08:30:00+00:00,BTCUSDT,SHORT,EXECUTED,LOW_RISK__HIGH_QUAL__HIGH_PROFIT,None,TIME_CLOSE_EXIT,148.76,1.0,148.76,0.14,0.35,0.13,-0.09,-0.11,-0.16,0.12,0.15,0.27,-0.43,9916.86,0.83,2026-08-17
638,2026-08-17 08:45:00+00:00,DOGEUSDT,SHORT,EXECUTED,MED_RISK__HIGH_QUAL__HIGH_PROFIT,None,TIME_CLOSE_EXIT,148.75,1.0,148.75,0.47,0.47,0.07,-0.11,-0.27,-0.4,0.12,0.15,0.27,-0.67,9916.19,0.84,2026-08-17
639,2026-08-17 08:45:00+00:00,SOLUSDT,SHORT,EXECUTED,LOW_RISK__LOW_QUAL__HIGH_PROFIT,None,TIME_CLOSE_EXIT,49.58,1.0,49.58,0.53,0.67,0.09,-0.11,-0.37,-0.18,0.04,0.05,0.09,-0.27,9915.92,0.84,2026-08-17
640,2026-08-17 09:30:00+00:00,DOGEUSDT,LONG,EXECUTED,MED_RISK__HIGH_QUAL__HIGH_PROFIT,None,TIME_CLOSE_EXIT,148.74,1.0,148.74,0.39,0.31,0.31,-0.09,-0.09,-0.13,0.12,0.15,0.27,-0.4,9915.52,0.84,2026-08-17
641,2026-08-17 10:30:00+00:00,BTCUSDT,LONG,EXECUTED,MED_RISK__LOW_QUAL__HIGH_PROFIT,None,TAKE_PROFIT_HIT,49.58,1.0,49.58,1.0,0.51,1.52,-0.31,1.0,0.49,0.04,0.05,0.09,0.4,9915.92,0.84,2026-08-17
642,2026-08-17 10:30:00+00:00,ETHUSDT,LONG,EXECUTED,MED_RISK__HIGH_QUAL__LOW_PROFIT,None,TIME_CLOSE_EXIT,148.74,1.0,148.74,1.65,0.68,0.12,-0.47,-0.42,-0.62,0.12,0.15,0.27,-0.89,9915.03,0.85,2026-08-17
643,2026-08-17 10:30:00+00:00,SOLUSDT,LONG,EXECUTED,LOW_RISK__LOW_QUAL__HIGH_PROFIT,None,TIME_CLOSE_EXIT,49.58,1.0,49.58,0.9,0.64,0.25,-0.34,-0.48,-0.24,0.04,0.05,0.09,-0.33,9914.7,0.85,2026-08-17
644,2026-08-17 12:00:00+00:00,DOGEUSDT,SHORT,EXECUTED,MED_RISK__HIGH_QUAL__HIGH_PROFIT,None,TAKE_PROFIT_HIT,148.72,1.0,148.72,0.13,0.5,0.23,-0.1,0.13,0.19,0.12,0.15,0.27,-0.07,9914.63,0.85,2026-08-17
645,2026-08-17 12:00:00+00:00,XRPUSDT,LONG,EXECUTED,MED_RISK__LOW_QUAL__HIGH_PROFIT,None,TIME_CLOSE_EXIT,49.57,1.0,49.57,0.86,0.2,0.04,-0.15,0.0,0.0,0.04,0.05,0.09,-0.09,9914.54,0.85,2026-08-17
646,2026-08-17 12:15:00+00:00,XRPUSDT,SHORT,EXECUTED,LOW_RISK__HIGH_QUAL__HIGH_PROFIT,None,TAKE_PROFIT_HIT,148.72,1.0,148.72,0.21,0.48,0.28,-0.16,0.21,0.31,0.12,0.15,0.27,0.05,9914.58,0.85,2026-08-17
647,2026-08-17 12:30:00+00:00,SOLUSDT,SHORT,EXECUTED,LOW_RISK__LOW_QUAL__HIGH_PROFIT,None,TIME_CLOSE_EXIT,49.57,1.0,49.57,0.42,0.59,0.15,-0.52,-0.32,-0.16,0.04,0.05,0.09,-0.25,9914.34,0.86,2026-08-17
648,2026-08-17 13:00:00+00:00,ETHUSDT,SHORT,EXECUTED,LOW_RISK__HIGH_QUAL__HIGH_PROFIT,None,TIME_CLOSE_EXIT,148.72,1.0,148.72,0.16,0.41,0.16,-0.08,0.03,0.04,0.12,0.15,0.27,-0.22,9914.11,0.86,2026-08-17
649,2026-08-17 13:30:00+00:00,ETHUSDT,LONG,EXECUTED,MED_RISK__HIGH_QUAL__LOW_PROFIT,None,TIME_CLOSE_EXIT,148.71,1.0,148.71,1.79,0.52,0.58,-0.37,0.19,0.28,0.12,0.15,0.27,0.01,9914.13,0.86,2026-08-17
650,2026-08-17 14:00:00+00:00,SOLUSDT,LONG,EXECUTED,LOW_RISK__LOW_QUAL__HIGH_PROFIT,None,TIME_CLOSE_EXIT,49.57,1.0,49.57,1.19,0.4,0.74,-0.2,0.34,0.17,0.04,0.05,0.09,0.08,9914.21,0.86,2026-08-17
651,2026-08-17 14:30:00+00:00,XRPUSDT,LONG,EXECUTED,MED_RISK__LOW_QUAL__HIGH_PROFIT,None,TIME_CLOSE_EXIT,49.57,1.0,49.57,1.0,0.36,0.7,-0.17,-0.05,-0.02,0.04,0.05,0.09,-0.11,9914.09,0.86,2026-08-17
652,2026-08-17 14:45:00+00:00,DOGEUSDT,LONG,EXECUTED,MED_RISK__HIGH_QUAL__HIGH_PROFIT,None,TIME_CLOSE_EXIT,148.71,1.0,148.71,1.11,0.48,0.31,-0.3,-0.07,-0.1,0.12,0.15,0.27,-0.37,9913.72,0.86,2026-08-17
653,2026-08-17 17:45:00+00:00,XRPUSDT,SHORT,EXECUTED,LOW_RISK__HIGH_QUAL__HIGH_PROFIT,None,TIME_CLOSE_EXIT,148.71,1.0,148.71,0.51,0.2,0.21,-0.18,0.0,0.0,0.12,0.15,0.27,-0.27,9913.45,0.87,2026-08-17
654,2026-08-17 19:45:00+00:00,DOGEUSDT,SHORT,EXECUTED,MED_RISK__HIGH_QUAL__HIGH_PROFIT,None,TAKE_PROFIT_HIT,148.7,1.0,148.7,0.11,0.21,0.27,-0.03,0.11,0.16,0.12,0.15,0.27,-0.11,9913.35,0.87,2026-08-17
655,2026-08-17 19:45:00+00:00,SOLUSDT,SHORT,EXECUTED,LOW_RISK__LOW_QUAL__HIGH_PROFIT,None,TIME_CLOSE_EXIT,49.57,1.0,49.57,0.43,0.29,0.24,-0.13,0.0,0.0,0.04,0.05,0.09,-0.09,9913.26,0.87,2026-08-17
656,2026-08-17 20:30:00+00:00,XRPUSDT,LONG,EXECUTED,MED_RISK__LOW_QUAL__HIGH_PROFIT,None,TIME_CLOSE_EXIT,49.57,1.0,49.57,0.57,0.4,0.1,-0.29,-0.22,-0.11,0.04,0.05,0.09,-0.2,9913.06,0.87,2026-08-17
657,2026-08-17 20:30:00+00:00,SOLUSDT,LONG,EXECUTED,LOW_RISK__LOW_QUAL__HIGH_PROFIT,None,TIME_CLOSE_EXIT,49.57,1.0,49.57,0.7,0.49,0.07,-0.37,-0.24,-0.12,0.04,0.05,0.09,-0.21,9912.85,0.87,2026-08-17
658,2026-08-17 21:00:00+00:00,DOGEUSDT,LONG,EXECUTED,MED_RISK__HIGH_QUAL__HIGH_PROFIT,None,TIME_CLOSE_EXIT,148.69,1.0,148.69,0.51,0.34,0.11,-0.13,-0.2,-0.3,0.12,0.15,0.27,-0.57,9912.29,0.88,2026-08-17
659,2026-08-17 21:15:00+00:00,ETHUSDT,SHORT,EXECUTED,LOW_RISK__HIGH_QUAL__HIGH_PROFIT,None,TAKE_PROFIT_HIT,148.68,1.0,148.68,0.08,0.28,0.14,-0.12,0.08,0.12,0.12,0.15,0.27,-0.15,9912.14,0.88,2026-08-17
660,2026-08-17 22:15:00+00:00,XRPUSDT,SHORT,EXECUTED,LOW_RISK__HIGH_QUAL__HIGH_PROFIT,None,TIME_CLOSE_EXIT,148.68,1.0,148.68,0.36,0.3,0.07,-0.11,-0.27,-0.4,0.12,0.15,0.27,-0.67,9911.47,0.89,2026-08-17
661,2026-08-17 22:15:00+00:00,SOLUSDT,SHORT,EXECUTED,LOW_RISK__LOW_QUAL__HIGH_PROFIT,None,TIME_CLOSE_EXIT,49.56,1.0,49.56,0.29,0.35,0.13,-0.12,-0.21,-0.1,0.04,0.05,0.09,-0.19,9911.28,0.89,2026-08-17
662,2026-08-17 22:30:00+00:00,DOGEUSDT,SHORT,EXECUTED,MED_RISK__HIGH_QUAL__HIGH_PROFIT,None,TIME_CLOSE_EXIT,148.67,1.0,148.67,0.19,0.45,0.04,-0.06,-0.23,-0.34,0.12,0.15,0.27,-0.61,9910.67,0.89,2026-08-17
663,2026-08-17 23:15:00+00:00,ETHUSDT,LONG,EXECUTED,MED_RISK__HIGH_QUAL__LOW_PROFIT,None,TIME_CLOSE_EXIT,148.66,1.0,148.66,1.62,0.55,0.18,-0.38,-0.42,-0.62,0.12,0.15,0.27,-0.89,9909.78,0.9,2026-08-17
664,2026-08-17 23:30:00+00:00,XRPUSDT,LONG,EXECUTED,MED_RISK__LOW_QUAL__HIGH_PROFIT,None,TIME_CLOSE_EXIT,49.55,1.0,49.55,0.51,0.34,0.13,-0.12,-0.08,-0.04,0.04,0.05,0.09,-0.13,9909.65,0.9,2026-08-17
665,2026-08-17 23:30:00+00:00,SOLUSDT,LONG,EXECUTED,LOW_RISK__LOW_QUAL__HIGH_PROFIT,None,TIME_CLOSE_EXIT,49.55,1.0,49.55,0.62,0.33,0.21,-0.03,-0.11,-0.05,0.04,0.05,0.09,-0.14,9909.5,0.9,2026-08-17
666,2026-08-17 23:45:00+00:00,DOGEUSDT,LONG,EXECUTED,MED_RISK__HIGH_QUAL__HIGH_PROFIT,None,TIME_CLOSE_EXIT,148.64,1.0,148.64,0.44,0.27,0.11,-0.01,-0.13,-0.19,0.12,0.15,0.27,-0.46,9909.04,0.91,2026-08-17
667,2026-08-18 00:30:00+00:00,DOGEUSDT,SHORT,EXECUTED,MED_RISK__HIGH_QUAL__HIGH_PROFIT,None,TIME_CLOSE_EXIT,148.64,1.0,148.64,0.73,0.18,0.11,-0.03,0.0,0.0,0.12,0.15,0.27,-0.27,9908.77,0.91,2026-08-18
668,2026-08-18 00:45:00+00:00,DOGEUSDT,LONG,EXECUTED,MED_RISK__HIGH_QUAL__HIGH_PROFIT,None,TIME_CLOSE_EXIT,148.63,1.0,148.63,0.03,0.27,0.03,-0.13,0.0,0.0,0.12,0.15,0.27,-0.27,9908.51,0.91,2026-08-18
669,2026-08-18 01:00:00+00:00,DOGEUSDT,SHORT,EXECUTED,MED_RISK__HIGH_QUAL__HIGH_PROFIT,None,TAKE_PROFIT_HIT,148.63,1.0,148.63,0.75,0.14,1.02,-0.07,0.75,1.11,0.12,0.15,0.27,0.84,9909.35,0.91,2026-08-18
670,2026-08-18 01:00:00+00:00,XRPUSDT,SHORT,EXECUTED,LOW_RISK__HIGH_QUAL__HIGH_PROFIT,None,TIME_CLOSE_EXIT,148.64,1.0,148.64,1.4,0.14,1.24,-0.18,0.5,0.74,0.12,0.15,0.27,0.48,9909.82,0.9,2026-08-18
671,2026-08-18 01:30:00+00:00,SOLUSDT,SHORT,EXECUTED,LOW_RISK__LOW_QUAL__HIGH_PROFIT,None,TIME_CLOSE_EXIT,49.55,1.0,49.55,0.78,0.21,0.77,-0.13,-0.04,-0.02,0.04,0.05,0.09,-0.11,9909.72,0.9,2026-08-18
672,2026-08-18 01:30:00+00:00,BTCUSDT,SHORT,EXECUTED,LOW_RISK__HIGH_QUAL__HIGH_PROFIT,None,TAKE_PROFIT_HIT,148.65,1.0,148.65,0.21,0.27,0.37,-0.1,0.21,0.31,0.12,0.15,0.27,0.04,9909.76,0.9,2026-08-18
673,2026-08-18 01:30:00+00:00,ETHUSDT,SHORT,EXECUTED,LOW_RISK__HIGH_QUAL__HIGH_PROFIT,None,TAKE_PROFIT_HIT,148.65,1.0,148.65,0.72,0.19,1.02,-0.15,0.72,1.07,0.12,0.15,0.27,0.8,9910.56,0.89,2026-08-18
674,2026-08-18 04:45:00+00:00,SOLUSDT,LONG,EXECUTED,LOW_RISK__LOW_QUAL__HIGH_PROFIT,None,TIME_CLOSE_EXIT,49.55,1.0,49.55,0.93,0.31,0.57,-0.33,0.08,0.04,0.04,0.05,0.09,-0.05,9910.51,0.89,2026-08-18
675,2026-08-18 05:45:00+00:00,BTCUSDT,LONG,EXECUTED,MED_RISK__LOW_QUAL__HIGH_PROFIT,None,TIME_CLOSE_EXIT,49.55,1.0,49.55,0.96,0.05,0.32,-0.11,-0.07,-0.03,0.04,0.05,0.09,-0.12,9910.39,0.9,2026-08-18
676,2026-08-18 06:15:00+00:00,XRPUSDT,LONG,EXECUTED,MED_RISK__LOW_QUAL__HIGH_PROFIT,None,TIME_CLOSE_EXIT,49.55,1.0,49.55,0.44,0.55,0.15,-0.31,-0.48,-0.24,0.04,0.05,0.09,-0.33,9910.06,0.9,2026-08-18
677,2026-08-18 06:30:00+00:00,ETHUSDT,LONG,EXECUTED,MED_RISK__HIGH_QUAL__LOW_PROFIT,None,TIME_CLOSE_EXIT,148.65,1.0,148.65,0.64,0.51,0.08,-0.28,-0.44,-0.65,0.12,0.15,0.27,-0.92,9909.14,0.91,2026-08-18
678,2026-08-18 08:00:00+00:00,BTCUSDT,SHORT,EXECUTED,LOW_RISK__HIGH_QUAL__HIGH_PROFIT,None,TAKE_PROFIT_HIT,148.64,1.0,148.64,0.09,0.44,0.11,-0.08,0.09,0.14,0.12,0.15,0.27,-0.13,9909.01,0.91,2026-08-18
679,2026-08-18 08:15:00+00:00,XRPUSDT,SHORT,EXECUTED,LOW_RISK__HIGH_QUAL__HIGH_PROFIT,None,TIME_CLOSE_EXIT,148.64,1.0,148.64,0.32,0.26,0.15,-0.09,0.0,0.0,0.12,0.15,0.27,-0.27,9908.74,0.91,2026-08-18
680,2026-08-18 08:15:00+00:00,ETHUSDT,SHORT,EXECUTED,LOW_RISK__HIGH_QUAL__HIGH_PROFIT,None,TIME_CLOSE_EXIT,148.63,1.0,148.63,0.18,0.32,0.03,-0.14,0.0,0.0,0.12,0.15,0.27,-0.27,9908.48,0.92,2026-08-18
681,2026-08-18 08:30:00+00:00,XRPUSDT,LONG,EXECUTED,MED_RISK__LOW_QUAL__HIGH_PROFIT,None,TIME_CLOSE_EXIT,49.54,1.0,49.54,0.43,0.38,0.08,-0.16,-0.04,-0.02,0.04,0.05,0.09,-0.11,9908.37,0.92,2026-08-18
682,2026-08-18 08:30:00+00:00,ETHUSDT,LONG,EXECUTED,MED_RISK__HIGH_QUAL__LOW_PROFIT,None,TIME_CLOSE_EXIT,148.63,1.0,148.63,0.63,0.2,0.1,-0.14,-0.05,-0.07,0.12,0.15,0.27,-0.34,9908.03,0.92,2026-08-18
683,2026-08-18 08:45:00+00:00,BTCUSDT,LONG,EXECUTED,MED_RISK__LOW_QUAL__HIGH_PROFIT,None,TIME_CLOSE_EXIT,49.54,1.0,49.54,0.84,0.14,0.0,-0.08,-0.08,-0.04,0.04,0.05,0.09,-0.13,9907.9,0.92,2026-08-18
684,2026-08-18 09:15:00+00:00,ETHUSDT,SHORT,EXECUTED,LOW_RISK__HIGH_QUAL__HIGH_PROFIT,None,TIME_CLOSE_EXIT,148.62,1.0,148.62,0.25,0.45,0.06,-0.15,-0.09,-0.13,0.12,0.15,0.27,-0.4,9907.5,0.93,2026-08-18
685,2026-08-18 09:15:00+00:00,BTCUSDT,SHORT,EXECUTED,LOW_RISK__HIGH_QUAL__HIGH_PROFIT,None,TIME_CLOSE_EXIT,148.61,1.0,148.61,0.11,0.38,0.06,-0.13,-0.25,-0.37,0.12,0.15,0.27,-0.64,9906.86,0.93,2026-08-18
686,2026-08-18 09:15:00+00:00,XRPUSDT,SHORT,EXECUTED,LOW_RISK__HIGH_QUAL__HIGH_PROFIT,None,TIME_CLOSE_EXIT,148.6,1.0,148.6,0.45,0.37,0.04,-0.2,-0.11,-0.16,0.12,0.15,0.27,-0.43,9906.43,0.94,2026-08-18
687,2026-08-18 10:15:00+00:00,SOLUSDT,SHORT,EXECUTED,LOW_RISK__LOW_QUAL__HIGH_PROFIT,None,TIME_CLOSE_EXIT,49.53,1.0,49.53,0.32,0.48,0.03,-0.16,-0.03,-0.01,0.04,0.05,0.09,-0.1,9906.32,0.94,2026-08-18
688,2026-08-18 10:30:00+00:00,DOGEUSDT,LONG,EXECUTED,MED_RISK__HIGH_QUAL__HIGH_PROFIT,None,TIME_CLOSE_EXIT,148.59,1.0,148.59,0.34,0.29,0.11,-0.09,-0.09,-0.13,0.12,0.15,0.27,-0.4,9905.92,0.94,2026-08-18
689,2026-08-18 11:00:00+00:00,ETHUSDT,LONG,EXECUTED,MED_RISK__HIGH_QUAL__LOW_PROFIT,None,TIME_CLOSE_EXIT,148.59,1.0,148.59,0.76,0.4,0.19,-0.23,-0.2,-0.3,0.12,0.15,0.27,-0.56,9905.36,0.95,2026-08-18
690,2026-08-18 11:00:00+00:00,SOLUSDT,LONG,EXECUTED,LOW_RISK__LOW_QUAL__HIGH_PROFIT,None,TAKE_PROFIT_HIT,49.53,1.0,49.53,1.02,0.49,1.76,-0.32,1.02,0.5,0.04,0.05,0.09,0.41,9905.77,0.94,2026-08-18
691,2026-08-18 11:00:00+00:00,XRPUSDT,LONG,EXECUTED,MED_RISK__LOW_QUAL__HIGH_PROFIT,None,TAKE_PROFIT_HIT,49.53,1.0,49.53,0.42,0.48,0.91,-0.17,0.42,0.21,0.04,0.05,0.09,0.12,9905.89,0.94,2026-08-18
692,2026-08-18 11:15:00+00:00,BTCUSDT,LONG,EXECUTED,MED_RISK__LOW_QUAL__HIGH_PROFIT,None,TIME_CLOSE_EXIT,49.53,1.0,49.53,1.03,0.32,0.04,-0.08,-0.28,-0.14,0.04,0.05,0.09,-0.23,9905.66,0.94,2026-08-18
693,2026-08-18 12:45:00+00:00,DOGEUSDT,SHORT,EXECUTED,MED_RISK__HIGH_QUAL__HIGH_PROFIT,None,TAKE_PROFIT_HIT,148.58,1.0,148.58,0.1,0.39,0.13,-0.11,0.1,0.14,0.12,0.15,0.27,-0.12,9905.54,0.94,2026-08-18
694,2026-08-18 13:15:00+00:00,BTCUSDT,SHORT,EXECUTED,MED_RISK__HIGH_QUAL__HIGH_PROFIT,None,TIME_CLOSE_EXIT,148.58,1.0,148.58,0.15,0.78,0.07,-0.28,-0.29,-0.43,0.12,0.15,0.27,-0.7,9904.84,0.95,2026-08-18
695,2026-08-18 13:15:00+00:00,ETHUSDT,SHORT,EXECUTED,LOW_RISK__HIGH_QUAL__HIGH_PROFIT,None,TIME_CLOSE_EXIT,148.57,1.0,148.57,0.14,0.62,0.09,-0.22,-0.11,-0.16,0.12,0.15,0.27,-0.43,9904.41,0.96,2026-08-18
696,2026-08-18 14:15:00+00:00,BTCUSDT,LONG,EXECUTED,HIGH_RISK__LOW_QUAL__HIGH_PROFIT,None,TIME_CLOSE_EXIT,49.52,1.0,49.52,1.89,1.3,0.1,-1.13,-0.54,-0.27,0.04,0.05,0.09,-0.36,9904.05,0.96,2026-08-18
697,2026-08-18 14:15:00+00:00,ETHUSDT,LONG,EXECUTED,HIGH_RISK__HIGH_QUAL__LOW_PROFIT,None,TIME_CLOSE_EXIT,148.56,1.0,148.56,1.81,1.28,0.26,-1.09,-0.24,-0.36,0.12,0.15,0.27,-0.62,9903.43,0.97,2026-08-18
698,2026-08-18 14:15:00+00:00,DOGEUSDT,LONG,EXECUTED,HIGH_RISK__HIGH_QUAL__HIGH_PROFIT,None,TIME_CLOSE_EXIT,148.55,3.0,445.65,0.82,1.17,0.28,-0.8,-0.16,-0.71,0.36,0.45,0.8,-1.52,9901.92,0.98,2026-08-18
699,2026-08-18 20:00:00+00:00,BTCUSDT,SHORT,EXECUTED,LOW_RISK__HIGH_QUAL__HIGH_PROFIT,None,TAKE_PROFIT_HIT,148.53,1.0,148.53,0.08,0.25,0.14,0.0,0.08,0.11,0.12,0.15,0.27,-0.15,9901.76,0.98,2026-08-18
700,2026-08-18 20:30:00+00:00,XRPUSDT,SHORT,EXECUTED,LOW_RISK__HIGH_QUAL__HIGH_PROFIT,None,TIME_CLOSE_EXIT,148.53,1.0,148.53,0.38,0.3,0.15,-0.23,-0.03,-0.04,0.12,0.15,0.27,-0.31,9901.45,0.99,2026-08-18
701,2026-08-18 21:00:00+00:00,SOLUSDT,SHORT,EXECUTED,LOW_RISK__LOW_QUAL__HIGH_PROFIT,None,TIME_CLOSE_EXIT,49.51,1.0,49.51,0.26,0.28,0.16,-0.27,0.08,0.04,0.04,0.05,0.09,-0.05,9901.4,0.99,2026-08-18
702,2026-08-18 21:00:00+00:00,DOGEUSDT,SHORT,EXECUTED,MED_RISK__HIGH_QUAL__HIGH_PROFIT,None,TAKE_PROFIT_HIT,148.52,1.0,148.52,0.27,0.3,0.54,-0.09,0.27,0.41,0.12,0.15,0.27,0.14,9901.54,0.98,2026-08-18
703,2026-08-18 21:15:00+00:00,ETHUSDT,SHORT,EXECUTED,LOW_RISK__HIGH_QUAL__HIGH_PROFIT,None,TAKE_PROFIT_HIT,148.52,1.0,148.52,0.09,0.21,0.13,-0.04,0.09,0.14,0.12,0.15,0.27,-0.13,9901.41,0.99,2026-08-18
704,2026-08-18 23:00:00+00:00,XRPUSDT,LONG,EXECUTED,MED_RISK__LOW_QUAL__HIGH_PROFIT,None,TIME_CLOSE_EXIT,49.51,1.0,49.51,0.36,0.36,0.09,-0.23,-0.08,-0.04,0.04,0.05,0.09,-0.13,9901.28,0.99,2026-08-18
705,2026-08-18 23:00:00+00:00,ETHUSDT,LONG,EXECUTED,MED_RISK__HIGH_QUAL__LOW_PROFIT,None,TIME_CLOSE_EXIT,148.52,1.0,148.52,0.89,0.28,0.18,-0.19,-0.14,-0.21,0.12,0.15,0.27,-0.48,9900.81,0.99,2026-08-18
706,2026-08-18 23:00:00+00:00,SOLUSDT,LONG,EXECUTED,LOW_RISK__LOW_QUAL__HIGH_PROFIT,None,TIME_CLOSE_EXIT,49.5,1.0,49.5,0.81,0.3,0.17,-0.21,-0.06,-0.03,0.04,0.05,0.09,-0.12,9900.69,0.99,2026-08-18
707,2026-08-18 23:15:00+00:00,BTCUSDT,LONG,EXECUTED,MED_RISK__LOW_QUAL__HIGH_PROFIT,None,TIME_CLOSE_EXIT,49.5,1.0,49.5,0.74,0.12,0.09,-0.04,-0.22,-0.11,0.04,0.05,0.09,-0.2,9900.49,1.0,2026-08-18
708,2026-08-19 00:00:00+00:00,SOLUSDT,SHORT,EXECUTED,LOW_RISK__LOW_QUAL__HIGH_PROFIT,None,TIME_CLOSE_EXIT,49.5,1.0,49.5,0.34,0.48,0.33,-0.3,-0.2,-0.1,0.04,0.05,0.09,-0.19,9900.3,1.0,2026-08-19
709,2026-08-19 00:00:00+00:00,XRPUSDT,SHORT,EXECUTED,LOW_RISK__HIGH_QUAL__HIGH_PROFIT,None,TIME_CLOSE_EXIT,148.5,1.0,148.5,0.56,0.49,0.26,-0.36,-0.21,-0.31,0.12,0.15,0.27,-0.58,9899.72,1.0,2026-08-19
710,2026-08-19 00:15:00+00:00,BTCUSDT,SHORT,EXECUTED,LOW_RISK__HIGH_QUAL__HIGH_PROFIT,None,TAKE_PROFIT_HIT,148.5,1.0,148.5,0.28,0.16,0.68,-0.1,0.28,0.42,0.12,0.15,0.27,0.15,9899.87,1.0,2026-08-19
711,2026-08-19 01:45:00+00:00,ETHUSDT,SHORT,EXECUTED,LOW_RISK__HIGH_QUAL__HIGH_PROFIT,None,TAKE_PROFIT_HIT,148.5,1.0,148.5,0.25,0.18,0.4,-0.1,0.25,0.37,0.12,0.15,0.27,0.1,9899.98,1.0,2026-08-19
712,2026-08-19 03:30:00+00:00,XRPUSDT,LONG,EXECUTED,MED_RISK__LOW_QUAL__HIGH_PROFIT,None,TAKE_PROFIT_HIT,49.5,1.0,49.5,0.39,0.21,13.54,-0.17,0.39,0.19,0.04,0.05,0.09,0.11,9900.08,1.0,2026-08-19
713,2026-08-19 03:45:00+00:00,SOLUSDT,LONG,EXECUTED,LOW_RISK__LOW_QUAL__HIGH_PROFIT,None,TIME_CLOSE_EXIT,49.5,1.0,49.5,0.89,0.2,0.18,-0.06,-0.06,-0.03,0.04,0.05,0.09,-0.12,9899.96,1.0,2026-08-19
714,2026-08-19 05:30:00+00:00,SOLUSDT,SHORT,EXECUTED,LOW_RISK__LOW_QUAL__HIGH_PROFIT,None,TAKE_PROFIT_HIT,49.5,1.0,49.5,0.14,0.28,0.34,-0.12,0.14,0.07,0.04,0.05,0.09,-0.02,9899.94,1.0,2026-08-19
715,2026-08-19 06:45:00+00:00,ETHUSDT,LONG,EXECUTED,MED_RISK__HIGH_QUAL__LOW_PROFIT,None,TAKE_PROFIT_HIT,148.5,1.0,148.5,1.17,0.43,21.69,-0.29,1.17,1.73,0.12,0.15,0.27,1.47,9901.41,0.99,2026-08-19
716,2026-08-19 06:45:00+00:00,SOLUSDT,LONG,EXECUTED,LOW_RISK__LOW_QUAL__HIGH_PROFIT,None,TAKE_PROFIT_HIT,49.51,1.0,49.51,1.07,0.36,13.16,-0.19,1.07,0.53,0.04,0.05,0.09,0.44,9901.85,0.98,2026-08-19
717,2026-08-19 06:45:00+00:00,DOGEUSDT,LONG,EXECUTED,MED_RISK__HIGH_QUAL__HIGH_PROFIT,None,TIME_CLOSE_EXIT,148.53,1.0,148.53,0.22,0.4,0.19,-0.09,-0.1,-0.15,0.12,0.15,0.27,-0.42,9901.44,0.99,2026-08-19
718,2026-08-19 07:45:00+00:00,DOGEUSDT,SHORT,EXECUTED,MED_RISK__HIGH_QUAL__HIGH_PROFIT,None,TIME_CLOSE_EXIT,148.52,1.0,148.52,0.86,0.3,0.07,-0.21,-0.21,-0.31,0.12,0.15,0.27,-0.58,9900.86,0.99,2026-08-19
719,2026-08-19 08:30:00+00:00,BTCUSDT,LONG,EXECUTED,MED_RISK__LOW_QUAL__HIGH_PROFIT,None,TAKE_PROFIT_HIT,49.5,1.0,49.5,0.91,0.27,8.61,-0.25,0.91,0.45,0.04,0.05,0.09,0.36,9901.22,0.99,2026-08-19
720,2026-08-19 08:30:00+00:00,DOGEUSDT,LONG,EXECUTED,MED_RISK__HIGH_QUAL__HIGH_PROFIT,None,TIME_CLOSE_EXIT,148.52,1.0,148.52,0.57,0.6,0.13,-0.21,-0.26,-0.39,0.12,0.15,0.27,-0.65,9900.56,0.99,2026-08-19
721,2026-08-20 02:45:00+00:00,SOLUSDT,SHORT,EXECUTED,MED_RISK__LOW_QUAL__HIGH_PROFIT,None,TAKE_PROFIT_HIT,49.5,1.0,49.5,0.41,0.79,0.91,-0.11,0.41,0.2,0.04,0.05,0.09,0.11,9900.67,0.99,2026-08-20
722,2026-08-20 03:00:00+00:00,BTCUSDT,SHORT,EXECUTED,MED_RISK__HIGH_QUAL__HIGH_PROFIT,None,TIME_CLOSE_EXIT,148.51,1.0,148.51,0.44,0.91,0.12,-0.46,-0.52,-0.77,0.12,0.15,0.27,-1.04,9899.64,1.0,2026-08-20
723,2026-08-20 03:00:00+00:00,XRPUSDT,SHORT,EXECUTED,MED_RISK__HIGH_QUAL__HIGH_PROFIT,None,TIME_CLOSE_EXIT,148.49,1.0,148.49,0.91,1.6,0.18,-0.96,-1.46,-2.17,0.12,0.15,0.27,-2.44,9897.2,1.03,2026-08-20
724,2026-08-20 03:45:00+00:00,DOGEUSDT,SHORT,EXECUTED,HIGH_RISK__HIGH_QUAL__HIGH_PROFIT,None,TAKE_PROFIT_HIT,148.46,3.0,445.37,0.34,1.19,0.47,-0.28,0.34,1.5,0.36,0.45,0.8,0.69,9897.89,1.02,2026-08-20
725,2026-08-20 04:45:00+00:00,BTCUSDT,LONG,EXECUTED,MED_RISK__LOW_QUAL__HIGH_PROFIT,None,TAKE_PROFIT_HIT,49.49,1.0,49.49,1.13,0.47,14.4,-0.22,1.13,0.56,0.04,0.05,0.09,0.47,9898.36,1.02,2026-08-20
726,2026-08-20 05:30:00+00:00,XRPUSDT,LONG,EXECUTED,HIGH_RISK__LOW_QUAL__HIGH_PROFIT,None,TAKE_PROFIT_HIT,49.49,1.0,49.49,1.77,0.8,21.55,-0.5,1.77,0.88,0.04,0.05,0.09,0.79,9899.15,1.01,2026-08-20
727,2026-08-20 05:30:00+00:00,SOLUSDT,LONG,EXECUTED,LOW_RISK__LOW_QUAL__HIGH_PROFIT,None,TAKE_PROFIT_HIT,49.5,1.0,49.5,1.56,0.56,3.65,-0.35,1.56,0.77,0.04,0.05,0.09,0.68,9899.83,1.0,2026-08-20
728,2026-08-20 06:00:00+00:00,ETHUSDT,SHORT,EXECUTED,MED_RISK__HIGH_QUAL__HIGH_PROFIT,None,TIME_CLOSE_EXIT,148.5,1.0,148.5,0.37,0.76,0.21,-0.23,-0.35,-0.52,0.12,0.15,0.27,-0.79,9899.05,1.01,2026-08-20
729,2026-08-20 06:30:00+00:00,ETHUSDT,LONG,EXECUTED,HIGH_RISK__HIGH_QUAL__LOW_PROFIT,None,TAKE_PROFIT_HIT,148.49,1.0,148.49,1.61,0.94,2.56,-0.8,1.61,2.39,0.12,0.15,0.27,2.12,9901.17,0.99,2026-08-20
730,2026-08-20 06:45:00+00:00,DOGEUSDT,LONG,EXECUTED,HIGH_RISK__HIGH_QUAL__HIGH_PROFIT,None,TAKE_PROFIT_HIT,148.52,3.0,445.55,2.24,0.83,10.97,-0.39,2.24,9.99,0.36,0.45,0.8,9.19,9910.36,0.9,2026-08-20
731,2026-08-20 13:30:00+00:00,SOLUSDT,SHORT,EXECUTED,MED_RISK__LOW_QUAL__HIGH_PROFIT,None,TAKE_PROFIT_HIT,49.55,1.0,49.55,0.57,1.05,0.7,-0.31,0.57,0.28,0.04,0.05,0.09,0.19,9910.55,0.89,2026-08-20
732,2026-08-20 14:00:00+00:00,ETHUSDT,SHORT,EXECUTED,MED_RISK__HIGH_QUAL__HIGH_PROFIT,None,TAKE_PROFIT_HIT,148.66,1.0,148.66,0.21,0.82,0.43,-0.35,0.21,0.32,0.12,0.15,0.27,0.05,9910.6,0.89,2026-08-20
733,2026-08-20 15:00:00+00:00,ETHUSDT,LONG,EXECUTED,HIGH_RISK__HIGH_QUAL__LOW_PROFIT,None,TAKE_PROFIT_HIT,148.66,1.0,148.66,2.09,1.23,2.71,-0.72,2.09,3.1,0.12,0.15,0.27,2.83,9913.43,0.87,2026-08-20
734,2026-08-20 15:45:00+00:00,SOLUSDT,LONG,EXECUTED,MED_RISK__LOW_QUAL__HIGH_PROFIT,None,TIME_CLOSE_EXIT,49.57,1.0,49.57,2.09,1.12,0.64,-0.68,-0.58,-0.29,0.04,0.05,0.09,-0.38,9913.06,0.87,2026-08-20
735,2026-08-20 18:45:00+00:00,SOLUSDT,SHORT,EXECUTED,MED_RISK__LOW_QUAL__HIGH_PROFIT,None,TIME_CLOSE_EXIT,49.57,1.0,49.57,0.19,0.93,0.02,-0.6,-0.37,-0.18,0.04,0.05,0.09,-0.27,9912.79,0.87,2026-08-20
736,2026-08-20 19:00:00+00:00,XRPUSDT,SHORT,EXECUTED,MED_RISK__HIGH_QUAL__HIGH_PROFIT,None,TIME_CLOSE_EXIT,148.69,1.0,148.69,2.24,2.77,0.42,-1.18,-3.19,-4.74,0.12,0.15,0.27,-5.01,9907.77,0.92,2026-08-20
737,2026-08-20 19:15:00+00:00,SOLUSDT,LONG,EXECUTED,LOW_RISK__LOW_QUAL__HIGH_PROFIT,None,TAKE_PROFIT_HIT,49.54,1.0,49.54,1.61,0.61,6.96,-0.24,1.61,0.8,0.04,0.05,0.09,0.71,9908.48,0.92,2026-08-20
738,2026-08-20 19:30:00+00:00,DOGEUSDT,SHORT,EXECUTED,HIGH_RISK__HIGH_QUAL__HIGH_PROFIT,None,TAKE_PROFIT_HIT,148.63,3.0,445.88,0.74,1.51,1.1,-0.83,0.74,3.28,0.36,0.45,0.8,2.48,9910.96,0.89,2026-08-20
739,2026-08-20 21:00:00+00:00,ETHUSDT,SHORT,EXECUTED,LOW_RISK__HIGH_QUAL__HIGH_PROFIT,None,TAKE_PROFIT_HIT,148.66,1.0,148.66,-0.04,0.55,0.66,-0.16,-0.04,-0.06,0.12,0.15,0.27,-0.33,9910.63,0.89,2026-08-20
740,2026-08-20 21:45:00+00:00,XRPUSDT,LONG,EXECUTED,HIGH_RISK__LOW_QUAL__HIGH_PROFIT,None,TAKE_PROFIT_HIT,49.55,1.0,49.55,2.51,1.35,13.68,-0.34,2.51,1.24,0.04,0.05,0.09,1.15,9911.79,0.88,2026-08-20
741,2026-08-20 23:15:00+00:00,ETHUSDT,LONG,EXECUTED,HIGH_RISK__HIGH_QUAL__LOW_PROFIT,None,TAKE_PROFIT_HIT,148.68,1.0,148.68,1.6,0.93,5.0,-0.41,1.6,2.38,0.12,0.15,0.27,2.12,9913.9,0.86,2026-08-20
742,2026-08-20 23:45:00+00:00,DOGEUSDT,LONG,EXECUTED,HIGH_RISK__HIGH_QUAL__HIGH_PROFIT,None,TAKE_PROFIT_HIT,148.71,3.0,446.13,2.12,1.08,6.59,-0.35,2.12,9.44,0.36,0.45,0.8,8.63,9922.54,0.77,2026-08-20
743,2026-08-21 11:30:00+00:00,ETHUSDT,SHORT,EXECUTED,MED_RISK__HIGH_QUAL__HIGH_PROFIT,None,TIME_CLOSE_EXIT,148.84,1.0,148.84,0.94,1.4,0.71,-0.53,-0.53,-0.79,0.12,0.15,0.27,-1.06,9921.48,0.79,2026-08-21
744,2026-08-21 11:45:00+00:00,DOGEUSDT,SHORT,EXECUTED,HIGH_RISK__HIGH_QUAL__HIGH_PROFIT,None,TIME_CLOSE_EXIT,148.82,3.0,446.47,0.89,1.87,0.52,-0.49,-0.59,-2.63,0.36,0.45,0.8,-3.44,9918.04,0.82,2026-08-21
745,2026-08-21 11:45:00+00:00,SOLUSDT,SHORT,EXECUTED,MED_RISK__LOW_QUAL__HIGH_PROFIT,None,TIME_CLOSE_EXIT,49.59,1.0,49.59,0.83,1.65,0.56,-0.95,-0.72,-0.36,0.04,0.05,0.09,-0.45,9917.6,0.82,2026-08-21
746,2026-08-21 12:15:00+00:00,BTCUSDT,SHORT,EXECUTED,MED_RISK__HIGH_QUAL__HIGH_PROFIT,None,TIME_CLOSE_EXIT,148.76,1.0,148.76,0.69,1.29,0.57,-1.04,-0.82,-1.22,0.12,0.15,0.27,-1.49,9916.11,0.84,2026-08-21
747,2026-08-21 13:30:00+00:00,ETHUSDT,LONG,EXECUTED,HIGH_RISK__HIGH_QUAL__LOW_PROFIT,None,TIME_CLOSE_EXIT,148.74,1.0,148.74,1.78,0.99,0.46,-1.14,-0.32,-0.48,0.12,0.15,0.27,-0.74,9915.37,0.85,2026-08-21
748,2026-08-21 13:30:00+00:00,DOGEUSDT,LONG,EXECUTED,HIGH_RISK__HIGH_QUAL__HIGH_PROFIT,None,TIME_CLOSE_EXIT,148.73,3.0,446.19,2.37,1.09,0.4,-1.61,-0.06,-0.27,0.36,0.45,0.8,-1.07,9914.29,0.86,2026-08-21
749,2026-08-21 13:45:00+00:00,BTCUSDT,LONG,EXECUTED,MED_RISK__LOW_QUAL__HIGH_PROFIT,None,TIME_CLOSE_EXIT,49.57,1.0,49.57,1.28,0.73,0.56,-0.19,0.0,0.0,0.04,0.05,0.09,-0.09,9914.21,0.86,2026-08-21
750,2026-08-21 14:00:00+00:00,ETHUSDT,SHORT,EXECUTED,MED_RISK__HIGH_QUAL__HIGH_PROFIT,None,TIME_CLOSE_EXIT,148.71,1.0,148.71,0.6,1.09,0.22,-0.35,0.0,0.0,0.12,0.15,0.27,-0.27,9913.94,0.86,2026-08-21
751,2026-08-21 14:00:00+00:00,DOGEUSDT,SHORT,EXECUTED,HIGH_RISK__HIGH_QUAL__HIGH_PROFIT,None,TAKE_PROFIT_HIT,148.71,3.0,446.13,0.63,1.39,0.65,-0.74,0.63,2.8,0.36,0.45,0.8,2.0,9915.94,0.84,2026-08-21
752,2026-08-21 14:00:00+00:00,BTCUSDT,SHORT,EXECUTED,MED_RISK__HIGH_QUAL__HIGH_PROFIT,None,TIME_CLOSE_EXIT,148.74,1.0,148.74,0.66,1.15,0.28,-0.66,-0.81,-1.2,0.12,0.15,0.27,-1.47,9914.46,0.86,2026-08-21
753,2026-08-21 14:15:00+00:00,SOLUSDT,LONG,EXECUTED,MED_RISK__LOW_QUAL__HIGH_PROFIT,None,TIME_CLOSE_EXIT,49.57,1.0,49.57,2.2,1.1,0.92,-0.6,0.01,0.0,0.04,0.05,0.09,-0.08,9914.38,0.86,2026-08-21
754,2026-08-21 14:15:00+00:00,ETHUSDT,LONG,EXECUTED,HIGH_RISK__HIGH_QUAL__LOW_PROFIT,None,TIME_CLOSE_EXIT,148.72,1.0,148.72,1.88,0.84,0.0,-0.95,0.0,0.0,0.12,0.15,0.27,-0.27,9914.11,0.86,2026-08-21
755,2026-08-21 14:30:00+00:00,DOGEUSDT,LONG,EXECUTED,HIGH_RISK__HIGH_QUAL__HIGH_PROFIT,None,TAKE_PROFIT_HIT,148.71,3.0,446.14,2.33,1.0,20.01,-0.67,2.33,10.38,0.36,0.45,0.8,9.58,9923.69,0.76,2026-08-21
756,2026-08-21 14:30:00+00:00,ETHUSDT,SHORT,EXECUTED,MED_RISK__HIGH_QUAL__HIGH_PROFIT,None,TIME_CLOSE_EXIT,148.86,1.0,148.86,0.46,0.88,0.38,-0.49,0.0,0.0,0.12,0.15,0.27,-0.27,9923.42,0.77,2026-08-21
757,2026-08-21 14:45:00+00:00,ETHUSDT,LONG,EXECUTED,HIGH_RISK__HIGH_QUAL__LOW_PROFIT,None,TAKE_PROFIT_HIT,148.85,1.0,148.85,1.7,0.9,6.4,-0.4,1.7,2.53,0.12,0.15,0.27,2.26,9925.68,0.74,2026-08-21
758,2026-08-21 15:00:00+00:00,BTCUSDT,LONG,EXECUTED,HIGH_RISK__LOW_QUAL__HIGH_PROFIT,None,TIME_CLOSE_EXIT,49.63,1.0,49.63,1.58,1.25,0.22,-0.48,-0.41,-0.2,0.04,0.05,0.09,-0.29,9925.39,0.75,2026-08-21
759,2026-08-21 17:30:00+00:00,XRPUSDT,SHORT,EXECUTED,HIGH_RISK__HIGH_QUAL__HIGH_PROFIT,None,TAKE_PROFIT_HIT,148.88,3.0,446.64,1.19,1.97,1.36,-1.38,1.19,5.3,0.36,0.45,0.8,4.49,9929.89,0.7,2026-08-21
760,2026-08-21 18:30:00+00:00,BTCUSDT,SHORT,EXECUTED,MED_RISK__HIGH_QUAL__HIGH_PROFIT,None,TIME_CLOSE_EXIT,148.95,1.0,148.95,0.52,1.03,0.39,-0.67,-0.71,-1.06,0.12,0.15,0.27,-1.33,9928.56,0.71,2026-08-21
761,2026-08-21 19:30:00+00:00,SOLUSDT,SHORT,EXECUTED,MED_RISK__LOW_QUAL__HIGH_PROFIT,None,TIME_CLOSE_EXIT,49.64,1.0,49.64,0.47,1.33,0.29,-0.58,-1.06,-0.53,0.04,0.05,0.09,-0.62,9927.94,0.72,2026-08-21
762,2026-08-21 20:30:00+00:00,BTCUSDT,LONG,EXECUTED,MED_RISK__LOW_QUAL__HIGH_PROFIT,None,TAKE_PROFIT_HIT,49.64,1.0,49.64,1.2,0.59,1.66,-0.2,1.2,0.6,0.04,0.05,0.09,0.51,9928.45,0.72,2026-08-21
763,2026-08-21 20:30:00+00:00,SOLUSDT,LONG,EXECUTED,MED_RISK__LOW_QUAL__HIGH_PROFIT,None,TAKE_PROFIT_HIT,49.64,1.0,49.64,1.93,0.98,11.84,-0.34,1.93,0.96,0.04,0.05,0.09,0.87,9929.32,0.71,2026-08-21
764,2026-08-21 21:30:00+00:00,XRPUSDT,LONG,EXECUTED,HIGH_RISK__LOW_QUAL__HIGH_PROFIT,None,TAKE_PROFIT_HIT,49.65,1.0,49.65,3.02,1.93,20.92,-1.98,3.02,1.5,0.04,0.05,0.09,1.41,9930.73,0.69,2026-08-21
765,2026-08-22 01:30:00+00:00,BTCUSDT,SHORT,EXECUTED,LOW_RISK__HIGH_QUAL__HIGH_PROFIT,None,TIME_CLOSE_EXIT,148.96,1.0,148.96,0.25,0.48,0.17,-0.4,-0.17,-0.25,0.12,0.15,0.27,-0.52,9930.21,0.7,2026-08-22
766,2026-08-22 02:15:00+00:00,BTCUSDT,LONG,EXECUTED,HIGH_RISK__LOW_QUAL__HIGH_PROFIT,None,TIME_CLOSE_EXIT,49.65,1.0,49.65,1.29,0.77,0.55,-0.45,0.09,0.04,0.04,0.05,0.09,-0.04,9930.16,0.7,2026-08-22
767,2026-08-22 05:00:00+00:00,BTCUSDT,SHORT,EXECUTED,MED_RISK__HIGH_QUAL__HIGH_PROFIT,None,TAKE_PROFIT_HIT,148.95,1.0,148.95,0.94,1.69,1.08,-1.61,0.94,1.4,0.12,0.15,0.27,1.13,9931.29,0.69,2026-08-22
768,2026-08-22 05:00:00+00:00,ETHUSDT,SHORT,EXECUTED,MED_RISK__HIGH_QUAL__HIGH_PROFIT,None,TAKE_PROFIT_HIT,148.97,1.0,148.97,1.62,2.59,2.46,-2.99,1.62,2.41,0.12,0.15,0.27,2.14,9933.43,0.67,2026-08-22
769,2026-08-22 05:30:00+00:00,DOGEUSDT,SHORT,EXECUTED,HIGH_RISK__HIGH_QUAL__HIGH_PROFIT,None,TIME_CLOSE_EXIT,149.0,3.0,447.0,2.89,2.87,2.82,-4.09,-1.41,-6.3,0.36,0.45,0.8,-7.11,9926.33,0.74,2026-08-22
770,2026-08-22 05:45:00+00:00,SOLUSDT,SHORT,EXECUTED,MED_RISK__LOW_QUAL__HIGH_PROFIT,None,TAKE_PROFIT_HIT,49.63,1.0,49.63,1.97,2.23,3.07,-1.37,1.97,0.98,0.04,0.05,0.09,0.89,9927.22,0.73,2026-08-22
771,2026-08-22 08:30:00+00:00,XRPUSDT,SHORT,EXECUTED,HIGH_RISK__HIGH_QUAL__HIGH_PROFIT,None,TAKE_PROFIT_HIT,148.91,3.0,446.72,2.62,2.86,6.26,-1.33,2.62,11.71,0.36,0.45,0.8,10.91,9938.12,0.62,2026-08-22
772,2026-08-22 12:45:00+00:00,ETHUSDT,LONG,EXECUTED,MED_RISK__HIGH_QUAL__LOW_PROFIT,None,TIME_CLOSE_EXIT,149.07,1.0,149.07,1.05,0.47,0.21,-0.26,0.08,0.12,0.12,0.15,0.27,-0.15,9937.97,0.62,2026-08-22
773,2026-08-22 12:45:00+00:00,BTCUSDT,LONG,EXECUTED,MED_RISK__LOW_QUAL__HIGH_PROFIT,None,TIME_CLOSE_EXIT,49.69,1.0,49.69,0.93,0.5,0.11,-0.05,-0.17,-0.08,0.04,0.05,0.09,-0.17,9937.8,0.62,2026-08-22
774,2026-08-22 12:45:00+00:00,SOLUSDT,LONG,EXECUTED,MED_RISK__LOW_QUAL__HIGH_PROFIT,None,TIME_CLOSE_EXIT,49.69,1.0,49.69,1.26,0.86,0.5,-0.31,0.04,0.02,0.04,0.05,0.09,-0.07,9937.73,0.62,2026-08-22
775,2026-08-22 13:00:00+00:00,DOGEUSDT,LONG,EXECUTED,HIGH_RISK__HIGH_QUAL__HIGH_PROFIT,None,TIME_CLOSE_EXIT,149.07,3.0,447.2,2.19,1.41,0.62,-0.22,-0.78,-3.49,0.36,0.45,0.8,-4.29,9933.44,0.67,2026-08-22
776,2026-08-22 13:30:00+00:00,BTCUSDT,SHORT,EXECUTED,LOW_RISK__HIGH_QUAL__HIGH_PROFIT,None,TAKE_PROFIT_HIT,149.0,1.0,149.0,0.01,0.4,0.04,-0.05,0.01,0.02,0.12,0.15,0.27,-0.25,9933.19,0.67,2026-08-22
777,2026-08-22 13:45:00+00:00,BTCUSDT,LONG,EXECUTED,MED_RISK__LOW_QUAL__HIGH_PROFIT,None,TIME_CLOSE_EXIT,49.67,1.0,49.67,0.88,0.43,0.09,-0.18,0.0,0.0,0.04,0.05,0.09,-0.09,9933.1,0.67,2026-08-22
778,2026-08-22 14:00:00+00:00,BTCUSDT,SHORT,EXECUTED,LOW_RISK__HIGH_QUAL__HIGH_PROFIT,None,TAKE_PROFIT_HIT,149.0,1.0,149.0,0.14,0.63,0.19,-0.36,0.14,0.21,0.12,0.15,0.27,-0.06,9933.04,0.67,2026-08-22
779,2026-08-22 14:00:00+00:00,ETHUSDT,SHORT,EXECUTED,MED_RISK__HIGH_QUAL__HIGH_PROFIT,None,TIME_CLOSE_EXIT,149.0,1.0,149.0,0.59,0.79,0.54,-0.53,-0.16,-0.24,0.12,0.15,0.27,-0.51,9932.53,0.67,2026-08-22
780,2026-08-22 14:15:00+00:00,DOGEUSDT,SHORT,EXECUTED,HIGH_RISK__HIGH_QUAL__HIGH_PROFIT,None,TAKE_PROFIT_HIT,148.99,3.0,446.96,0.98,1.26,1.39,-0.41,0.98,4.38,0.36,0.45,0.8,3.58,9936.11,0.64,2026-08-22
781,2026-08-22 14:30:00+00:00,SOLUSDT,SHORT,EXECUTED,MED_RISK__LOW_QUAL__HIGH_PROFIT,None,TIME_CLOSE_EXIT,49.68,1.0,49.68,0.99,1.28,0.5,-0.8,-0.63,-0.31,0.04,0.05,0.09,-0.4,9935.71,0.64,2026-08-22
782,2026-08-22 16:30:00+00:00,SOLUSDT,LONG,EXECUTED,MED_RISK__LOW_QUAL__HIGH_PROFIT,None,TIME_CLOSE_EXIT,49.68,1.0,49.68,2.34,1.46,0.32,-0.77,-1.05,-0.52,0.04,0.05,0.09,-0.61,9935.1,0.65,2026-08-22
783,2026-08-22 16:30:00+00:00,DOGEUSDT,LONG,EXECUTED,HIGH_RISK__HIGH_QUAL__HIGH_PROFIT,None,TAKE_PROFIT_HIT,149.03,3.0,447.08,2.79,1.77,3.87,-0.71,2.79,12.46,0.36,0.45,0.8,11.65,9946.75,0.53,2026-08-22
784,2026-08-22 16:30:00+00:00,BTCUSDT,LONG,EXECUTED,MED_RISK__LOW_QUAL__HIGH_PROFIT,None,TIME_CLOSE_EXIT,49.73,1.0,49.73,1.3,0.7,0.2,-0.32,-0.45,-0.22,0.04,0.05,0.09,-0.31,9946.44,0.54,2026-08-22
785,2026-08-22 17:00:00+00:00,ETHUSDT,LONG,EXECUTED,MED_RISK__HIGH_QUAL__LOW_PROFIT,None,TIME_CLOSE_EXIT,149.2,1.0,149.2,1.12,0.5,0.85,-0.28,-0.47,-0.7,0.12,0.15,0.27,-0.97,9945.47,0.55,2026-08-22
786,2026-08-22 18:00:00+00:00,XRPUSDT,LONG,EXECUTED,HIGH_RISK__LOW_QUAL__HIGH_PROFIT,None,TAKE_PROFIT_HIT,49.73,1.0,49.73,2.19,1.4,2.3,-0.26,2.19,1.09,0.04,0.05,0.09,1.0,9946.46,0.54,2026-08-22
787,2026-08-22 21:15:00+00:00,ETHUSDT,SHORT,EXECUTED,LOW_RISK__HIGH_QUAL__HIGH_PROFIT,None,TAKE_PROFIT_HIT,149.2,1.0,149.2,0.75,0.51,0.76,-0.04,0.75,1.12,0.12,0.15,0.27,0.86,9947.32,0.53,2026-08-22
788,2026-08-22 21:15:00+00:00,BTCUSDT,SHORT,EXECUTED,LOW_RISK__HIGH_QUAL__HIGH_PROFIT,None,TAKE_PROFIT_HIT,149.21,1.0,149.21,0.26,0.29,0.53,-0.03,0.26,0.39,0.12,0.15,0.27,0.12,9947.44,0.53,2026-08-22
789,2026-08-22 21:15:00+00:00,SOLUSDT,SHORT,EXECUTED,MED_RISK__LOW_QUAL__HIGH_PROFIT,None,TAKE_PROFIT_HIT,49.74,1.0,49.74,0.85,0.84,1.33,-0.13,0.85,0.42,0.04,0.05,0.09,0.33,9947.78,0.52,2026-08-22
790,2026-08-22 21:30:00+00:00,XRPUSDT,SHORT,EXECUTED,HIGH_RISK__HIGH_QUAL__HIGH_PROFIT,None,TIME_CLOSE_EXIT,149.22,3.0,447.65,2.15,2.18,1.38,-1.25,-1.05,-4.7,0.36,0.45,0.81,-5.51,9942.27,0.58,2026-08-22
791,2026-08-22 22:00:00+00:00,DOGEUSDT,SHORT,EXECUTED,HIGH_RISK__HIGH_QUAL__HIGH_PROFIT,None,TIME_CLOSE_EXIT,149.13,3.0,447.4,1.57,1.43,1.44,-0.15,-1.17,-5.23,0.36,0.45,0.81,-6.04,9936.23,0.64,2026-08-22
792,2026-08-23 00:30:00+00:00,SOLUSDT,LONG,EXECUTED,MED_RISK__LOW_QUAL__HIGH_PROFIT,None,TIME_CLOSE_EXIT,49.68,1.0,49.68,2.11,2.57,0.89,-2.14,-2.22,-1.1,0.04,0.05,0.09,-1.19,9935.04,0.65,2026-08-23
793,2026-08-23 00:30:00+00:00,BTCUSDT,LONG,EXECUTED,MED_RISK__LOW_QUAL__HIGH_PROFIT,None,TIME_CLOSE_EXIT,49.68,1.0,49.68,1.05,0.27,0.15,-0.14,-0.14,-0.07,0.04,0.05,0.09,-0.16,9934.88,0.65,2026-08-23
794,2026-08-23 00:30:00+00:00,ETHUSDT,LONG,EXECUTED,MED_RISK__HIGH_QUAL__LOW_PROFIT,None,TIME_CLOSE_EXIT,149.02,1.0,149.02,0.77,0.41,0.33,-0.05,-0.17,-0.25,0.12,0.15,0.27,-0.52,9934.36,0.66,2026-08-23
795,2026-08-23 00:45:00+00:00,DOGEUSDT,LONG,EXECUTED,HIGH_RISK__HIGH_QUAL__HIGH_PROFIT,None,TIME_CLOSE_EXIT,149.02,3.0,447.05,1.98,1.7,0.43,-0.51,-2.41,-10.77,0.36,0.45,0.8,-11.58,9922.78,0.77,2026-08-23
796,2026-08-23 00:45:00+00:00,XRPUSDT,LONG,EXECUTED,HIGH_RISK__LOW_QUAL__HIGH_PROFIT,None,TIME_CLOSE_EXIT,49.61,1.0,49.61,2.33,2.33,0.39,-2.45,-2.13,-1.06,0.04,0.05,0.09,-1.15,9921.63,0.78,2026-08-23
797,2026-08-23 02:00:00+00:00,ETHUSDT,SHORT,EXECUTED,LOW_RISK__HIGH_QUAL__HIGH_PROFIT,None,TAKE_PROFIT_HIT,148.82,1.0,148.82,0.73,0.68,2.41,-0.44,0.73,1.08,0.12,0.15,0.27,0.82,9922.45,0.78,2026-08-23
798,2026-08-23 02:15:00+00:00,DOGEUSDT,SHORT,EXECUTED,HIGH_RISK__HIGH_QUAL__HIGH_PROFIT,None,TAKE_PROFIT_HIT,148.84,3.0,446.51,1.65,1.56,3.19,-1.08,1.65,7.35,0.36,0.45,0.8,6.55,9929.0,0.71,2026-08-23
799,2026-08-23 02:45:00+00:00,BTCUSDT,SHORT,EXECUTED,LOW_RISK__HIGH_QUAL__HIGH_PROFIT,None,TAKE_PROFIT_HIT,148.93,1.0,148.93,0.28,0.22,1.99,-0.2,0.28,0.41,0.12,0.15,0.27,0.15,9929.14,0.71,2026-08-23
800,2026-08-23 03:15:00+00:00,XRPUSDT,SHORT,EXECUTED,HIGH_RISK__HIGH_QUAL__HIGH_PROFIT,None,TAKE_PROFIT_HIT,148.94,3.0,446.81,1.74,1.32,2.77,-1.27,1.74,7.76,0.36,0.45,0.8,6.95,9936.09,0.64,2026-08-23
801,2026-08-23 03:30:00+00:00,SOLUSDT,SHORT,EXECUTED,MED_RISK__LOW_QUAL__HIGH_PROFIT,None,TAKE_PROFIT_HIT,49.68,1.0,49.68,1.48,1.61,2.06,-0.82,1.48,0.73,0.04,0.05,0.09,0.64,9936.74,0.63,2026-08-23
802,2026-08-23 08:15:00+00:00,ETHUSDT,LONG,EXECUTED,MED_RISK__HIGH_QUAL__LOW_PROFIT,None,TAKE_PROFIT_HIT,149.05,1.0,149.05,1.1,0.75,3.23,-0.7,1.1,1.64,0.12,0.15,0.27,1.38,9938.12,0.62,2026-08-23
803,2026-08-23 08:15:00+00:00,XRPUSDT,LONG,EXECUTED,HIGH_RISK__LOW_QUAL__HIGH_PROFIT,None,TAKE_PROFIT_HIT,49.69,1.0,49.69,2.27,1.71,4.91,-0.72,2.27,1.13,0.04,0.05,0.09,1.04,9939.15,0.61,2026-08-23
804,2026-08-23 08:30:00+00:00,DOGEUSDT,LONG,EXECUTED,HIGH_RISK__HIGH_QUAL__HIGH_PROFIT,None,TAKE_PROFIT_HIT,149.09,3.0,447.26,1.79,1.42,3.46,-1.04,1.79,7.99,0.36,0.45,0.81,7.18,9946.34,0.54,2026-08-23
805,2026-08-23 09:00:00+00:00,SOLUSDT,LONG,EXECUTED,MED_RISK__LOW_QUAL__HIGH_PROFIT,None,TAKE_PROFIT_HIT,49.73,1.0,49.73,1.36,0.88,2.79,-0.43,1.36,0.68,0.04,0.05,0.09,0.59,9946.93,0.53,2026-08-23
806,2026-08-23 09:15:00+00:00,BTCUSDT,LONG,EXECUTED,MED_RISK__LOW_QUAL__HIGH_PROFIT,None,TAKE_PROFIT_HIT,49.73,1.0,49.73,0.77,0.41,1.96,-0.12,0.77,0.38,0.04,0.05,0.09,0.29,9947.22,0.53,2026-08-23
807,2026-08-23 16:15:00+00:00,DOGEUSDT,SHORT,EXECUTED,HIGH_RISK__HIGH_QUAL__HIGH_PROFIT,None,TIME_CLOSE_EXIT,149.21,3.0,447.62,1.31,1.17,0.24,-0.85,-0.49,-2.19,0.36,0.45,0.81,-3.0,9944.22,0.56,2026-08-23
808,2026-08-23 17:15:00+00:00,DOGEUSDT,LONG,EXECUTED,HIGH_RISK__HIGH_QUAL__HIGH_PROFIT,None,TIME_CLOSE_EXIT,149.16,3.0,447.49,1.55,0.97,0.41,-0.64,-0.15,-0.67,0.36,0.45,0.81,-1.48,9942.74,0.57,2026-08-23
809,2026-08-23 18:00:00+00:00,DOGEUSDT,LONG,EXECUTED,HIGH_RISK__HIGH_QUAL__HIGH_PROFIT,None,TIME_CLOSE_EXIT,149.14,3.0,447.42,1.63,1.38,0.21,-0.82,-0.83,-3.71,0.36,0.45,0.81,-4.52,9938.22,0.62,2026-08-23
810,2026-08-23 19:15:00+00:00,DOGEUSDT,SHORT,EXECUTED,HIGH_RISK__HIGH_QUAL__HIGH_PROFIT,None,TIME_CLOSE_EXIT,149.07,3.0,447.22,1.01,1.0,0.19,-0.13,0.0,0.0,0.36,0.45,0.8,-0.8,9937.42,0.63,2026-08-23
811,2026-08-23 19:15:00+00:00,XRPUSDT,SHORT,EXECUTED,HIGH_RISK__HIGH_QUAL__HIGH_PROFIT,None,TIME_CLOSE_EXIT,149.06,3.0,447.18,1.49,1.29,0.67,-0.69,-0.19,-0.85,0.36,0.45,0.8,-1.65,9935.76,0.64,2026-08-23
812,2026-08-23 19:15:00+00:00,SOLUSDT,SHORT,EXECUTED,LOW_RISK__LOW_QUAL__HIGH_PROFIT,None,TIME_CLOSE_EXIT,49.68,1.0,49.68,0.73,0.5,0.12,-0.07,0.0,0.0,0.04,0.05,0.09,-0.09,9935.68,0.64,2026-08-23
813,2026-08-23 19:30:00+00:00,DOGEUSDT,LONG,EXECUTED,HIGH_RISK__HIGH_QUAL__HIGH_PROFIT,None,TIME_CLOSE_EXIT,149.04,3.0,447.11,1.59,0.92,0.0,-0.98,0.0,0.0,0.36,0.45,0.8,-0.8,9934.87,0.65,2026-08-23
814,2026-08-23 19:30:00+00:00,SOLUSDT,LONG,EXECUTED,LOW_RISK__LOW_QUAL__HIGH_PROFIT,None,TIME_CLOSE_EXIT,49.67,1.0,49.67,0.88,0.58,0.05,-0.49,0.0,0.0,0.04,0.05,0.09,-0.09,9934.78,0.65,2026-08-23
815,2026-08-23 19:45:00+00:00,DOGEUSDT,SHORT,EXECUTED,HIGH_RISK__HIGH_QUAL__HIGH_PROFIT,None,TIME_CLOSE_EXIT,149.02,3.0,447.07,1.09,1.08,0.44,-0.71,-0.43,-1.92,0.36,0.45,0.8,-2.73,9932.05,0.68,2026-08-23
816,2026-08-23 19:45:00+00:00,SOLUSDT,SHORT,EXECUTED,LOW_RISK__LOW_QUAL__HIGH_PROFIT,None,TIME_CLOSE_EXIT,49.66,1.0,49.66,0.73,0.55,0.33,-0.42,0.0,0.0,0.04,0.05,0.09,-0.09,9931.96,0.68,2026-08-23
817,2026-08-23 20:45:00+00:00,DOGEUSDT,LONG,EXECUTED,HIGH_RISK__HIGH_QUAL__HIGH_PROFIT,None,TAKE_PROFIT_HIT,148.98,3.0,446.94,1.34,0.79,1.82,-0.15,1.34,6.0,0.36,0.45,0.8,5.2,9937.16,0.63,2026-08-23
818,2026-08-23 21:00:00+00:00,XRPUSDT,LONG,EXECUTED,HIGH_RISK__LOW_QUAL__HIGH_PROFIT,None,TIME_CLOSE_EXIT,49.69,1.0,49.69,2.03,1.65,1.72,-1.28,-0.58,-0.29,0.04,0.05,0.09,-0.38,9936.78,0.63,2026-08-23
819,2026-08-23 21:00:00+00:00,SOLUSDT,LONG,EXECUTED,MED_RISK__LOW_QUAL__HIGH_PROFIT,None,TIME_CLOSE_EXIT,49.68,1.0,49.68,1.24,1.02,0.63,-0.61,-0.23,-0.11,0.04,0.05,0.09,-0.2,9936.58,0.63,2026-08-23
820,2026-08-24 00:00:00+00:00,SOLUSDT,SHORT,EXECUTED,LOW_RISK__LOW_QUAL__HIGH_PROFIT,None,TAKE_PROFIT_HIT,49.68,1.0,49.68,0.98,0.62,1.83,-0.37,0.98,0.48,0.04,0.05,0.09,0.4,9936.97,0.63,2026-08-24
821,2026-08-24 00:15:00+00:00,DOGEUSDT,SHORT,EXECUTED,HIGH_RISK__HIGH_QUAL__HIGH_PROFIT,None,TAKE_PROFIT_HIT,149.05,3.0,447.16,1.54,1.37,2.12,-0.68,1.54,6.87,0.36,0.45,0.8,6.07,9943.04,0.57,2026-08-24
822,2026-08-24 00:15:00+00:00,XRPUSDT,SHORT,EXECUTED,HIGH_RISK__HIGH_QUAL__HIGH_PROFIT,None,TAKE_PROFIT_HIT,149.15,3.0,447.44,2.07,1.5,2.53,-0.8,2.07,9.26,0.36,0.45,0.81,8.45,9951.5,0.49,2026-08-24
823,2026-08-24 00:30:00+00:00,ETHUSDT,SHORT,EXECUTED,MED_RISK__HIGH_QUAL__HIGH_PROFIT,None,TIME_CLOSE_EXIT,149.27,1.0,149.27,0.88,0.78,0.07,-0.59,0.0,0.0,0.12,0.15,0.27,-0.27,9951.23,0.49,2026-08-24
824,2026-08-24 00:30:00+00:00,BTCUSDT,SHORT,EXECUTED,LOW_RISK__HIGH_QUAL__HIGH_PROFIT,None,TIME_CLOSE_EXIT,149.27,1.0,149.27,0.74,0.61,0.73,-0.62,-0.21,-0.31,0.12,0.15,0.27,-0.58,9950.65,0.49,2026-08-24
825,2026-08-24 00:45:00+00:00,ETHUSDT,LONG,EXECUTED,HIGH_RISK__HIGH_QUAL__LOW_PROFIT,None,TIME_CLOSE_EXIT,149.26,1.0,149.26,1.29,0.87,0.08,-0.92,-0.45,-0.67,0.12,0.15,0.27,-0.94,9949.71,0.5,2026-08-24
826,2026-08-24 01:15:00+00:00,ETHUSDT,SHORT,EXECUTED,MED_RISK__HIGH_QUAL__HIGH_PROFIT,None,TIME_CLOSE_EXIT,149.25,1.0,149.25,0.96,0.82,0.81,-0.39,-0.54,-0.81,0.12,0.15,0.27,-1.07,9948.63,0.51,2026-08-24
827,2026-08-24 05:00:00+00:00,DOGEUSDT,LONG,EXECUTED,HIGH_RISK__HIGH_QUAL__HIGH_PROFIT,None,TIME_CLOSE_EXIT,149.23,3.0,447.69,1.86,1.45,0.15,-1.28,-1.26,-5.64,0.36,0.45,0.81,-6.45,9942.18,0.58,2026-08-24
828,2026-08-24 05:15:00+00:00,ETHUSDT,LONG,EXECUTED,MED_RISK__HIGH_QUAL__LOW_PROFIT,None,TAKE_PROFIT_HIT,149.13,1.0,149.13,1.33,0.64,3.36,-0.58,1.33,1.99,0.12,0.15,0.27,1.72,9943.91,0.56,2026-08-24
829,2026-08-24 06:15:00+00:00,BTCUSDT,LONG,EXECUTED,MED_RISK__LOW_QUAL__HIGH_PROFIT,None,TIME_CLOSE_EXIT,49.72,1.0,49.72,1.04,0.45,0.55,-0.17,-0.14,-0.07,0.04,0.05,0.09,-0.16,9943.75,0.56,2026-08-24
830,2026-08-24 06:30:00+00:00,DOGEUSDT,SHORT,EXECUTED,HIGH_RISK__HIGH_QUAL__HIGH_PROFIT,None,TAKE_PROFIT_HIT,149.16,3.0,447.47,1.09,1.26,1.35,-1.38,1.09,4.86,0.36,0.45,0.81,4.06,9947.81,0.52,2026-08-24
831,2026-08-24 07:00:00+00:00,SOLUSDT,LONG,EXECUTED,MED_RISK__LOW_QUAL__HIGH_PROFIT,None,TIME_CLOSE_EXIT,49.74,1.0,49.74,1.81,1.41,0.13,-0.87,-1.35,-0.67,0.04,0.05,0.09,-0.76,9947.04,0.53,2026-08-24
832,2026-08-24 07:00:00+00:00,XRPUSDT,LONG,EXECUTED,HIGH_RISK__LOW_QUAL__HIGH_PROFIT,None,TIME_CLOSE_EXIT,49.74,1.0,49.74,2.01,1.73,0.41,-1.12,-1.4,-0.7,0.04,0.05,0.09,-0.79,9946.26,0.54,2026-08-24
833,2026-08-24 07:45:00+00:00,SOLUSDT,SHORT,EXECUTED,MED_RISK__LOW_QUAL__HIGH_PROFIT,None,TAKE_PROFIT_HIT,49.73,1.0,49.73,0.89,0.81,0.9,-0.35,0.89,0.44,0.04,0.05,0.09,0.35,9946.61,0.53,2026-08-24
834,2026-08-24 07:45:00+00:00,XRPUSDT,SHORT,EXECUTED,HIGH_RISK__HIGH_QUAL__HIGH_PROFIT,None,TIME_CLOSE_EXIT,149.2,3.0,447.6,1.65,1.18,1.53,-0.59,-0.26,-1.16,0.36,0.45,0.81,-1.97,9944.64,0.55,2026-08-24
835,2026-08-24 08:15:00+00:00,BTCUSDT,SHORT,EXECUTED,MED_RISK__HIGH_QUAL__HIGH_PROFIT,None,TIME_CLOSE_EXIT,149.17,1.0,149.17,0.69,0.76,0.11,-0.42,-0.64,-0.95,0.12,0.15,0.27,-1.22,9943.42,0.57,2026-08-24
836,2026-08-24 09:15:00+00:00,SOLUSDT,LONG,EXECUTED,MED_RISK__LOW_QUAL__HIGH_PROFIT,None,TAKE_PROFIT_HIT,49.72,1.0,49.72,1.63,0.99,3.14,-0.49,1.63,0.81,0.04,0.05,0.09,0.72,9944.14,0.56,2026-08-24
837,2026-08-24 09:30:00+00:00,BTCUSDT,LONG,EXECUTED,MED_RISK__LOW_QUAL__HIGH_PROFIT,None,TAKE_PROFIT_HIT,49.72,1.0,49.72,0.98,0.52,3.27,-0.09,0.98,0.49,0.04,0.05,0.09,0.4,9944.54,0.55,2026-08-24
838,2026-08-24 10:00:00+00:00,XRPUSDT,LONG,EXECUTED,HIGH_RISK__LOW_QUAL__HIGH_PROFIT,None,TAKE_PROFIT_HIT,49.72,1.0,49.72,1.95,1.5,2.86,-1.1,1.95,0.97,0.04,0.05,0.09,0.88,9945.42,0.55,2026-08-24
839,2026-08-24 11:30:00+00:00,DOGEUSDT,LONG,EXECUTED,HIGH_RISK__HIGH_QUAL__HIGH_PROFIT,None,TIME_CLOSE_EXIT,149.18,3.0,447.54,2.14,1.99,0.74,-1.6,-1.95,-8.73,0.36,0.45,0.81,-9.53,9935.89,0.64,2026-08-24
840,2026-08-24 14:00:00+00:00,DOGEUSDT,SHORT,EXECUTED,HIGH_RISK__HIGH_QUAL__HIGH_PROFIT,None,TIME_CLOSE_EXIT,149.04,3.0,447.11,1.31,0.95,0.82,-0.11,-0.13,-0.58,0.36,0.45,0.8,-1.39,9934.5,0.65,2026-08-24
841,2026-08-24 14:30:00+00:00,DOGEUSDT,LONG,EXECUTED,HIGH_RISK__HIGH_QUAL__HIGH_PROFIT,None,TIME_CLOSE_EXIT,149.02,3.0,447.05,1.34,1.17,0.74,-0.85,-0.89,-3.98,0.36,0.45,0.8,-4.78,9929.72,0.7,2026-08-24
842,2026-08-24 15:45:00+00:00,DOGEUSDT,SHORT,EXECUTED,HIGH_RISK__HIGH_QUAL__HIGH_PROFIT,None,TAKE_PROFIT_HIT,148.95,3.0,446.84,1.61,1.35,3.55,-1.16,1.61,7.2,0.36,0.45,0.8,6.4,9936.12,0.64,2026-08-24
843,2026-08-24 16:45:00+00:00,ETHUSDT,SHORT,EXECUTED,MED_RISK__HIGH_QUAL__HIGH_PROFIT,None,TIME_CLOSE_EXIT,149.04,1.0,149.04,1.2,1.24,0.95,-0.52,-0.13,-0.19,0.12,0.15,0.27,-0.46,9935.66,0.64,2026-08-24
844,2026-08-24 17:15:00+00:00,SOLUSDT,SHORT,EXECUTED,MED_RISK__LOW_QUAL__HIGH_PROFIT,None,TIME_CLOSE_EXIT,49.68,1.0,49.68,1.48,1.68,0.12,-1.24,-1.09,-0.54,0.04,0.05,0.09,-0.63,9935.02,0.65,2026-08-24
845,2026-08-24 17:15:00+00:00,XRPUSDT,SHORT,EXECUTED,HIGH_RISK__HIGH_QUAL__HIGH_PROFIT,None,TIME_CLOSE_EXIT,149.03,3.0,447.08,1.99,2.4,0.21,-1.83,-1.07,-4.78,0.36,0.45,0.8,-5.59,9929.44,0.71,2026-08-24
846,2026-08-24 17:30:00+00:00,BTCUSDT,SHORT,EXECUTED,MED_RISK__HIGH_QUAL__HIGH_PROFIT,None,TIME_CLOSE_EXIT,148.94,1.0,148.94,0.78,0.86,0.19,-0.27,-0.44,-0.66,0.12,0.15,0.27,-0.92,9928.51,0.71,2026-08-24
847,2026-08-24 19:30:00+00:00,SOLUSDT,LONG,EXECUTED,MED_RISK__LOW_QUAL__HIGH_PROFIT,None,TAKE_PROFIT_HIT,49.64,1.0,49.64,1.7,0.95,7.06,-0.55,1.7,0.85,0.04,0.05,0.09,0.76,9929.27,0.71,2026-08-24
848,2026-08-24 21:30:00+00:00,ETHUSDT,LONG,EXECUTED,MED_RISK__HIGH_QUAL__LOW_PROFIT,None,TIME_CLOSE_EXIT,148.94,1.0,148.94,0.91,0.53,0.25,-0.14,-0.26,-0.39,0.12,0.15,0.27,-0.66,9928.61,0.71,2026-08-24
849,2026-08-24 21:45:00+00:00,BTCUSDT,LONG,EXECUTED,MED_RISK__LOW_QUAL__HIGH_PROFIT,None,TIME_CLOSE_EXIT,49.64,1.0,49.64,0.58,0.39,0.08,-0.08,0.0,0.0,0.04,0.05,0.09,-0.09,9928.52,0.71,2026-08-24
850,2026-08-24 22:00:00+00:00,DOGEUSDT,LONG,EXECUTED,HIGH_RISK__HIGH_QUAL__HIGH_PROFIT,None,TIME_CLOSE_EXIT,148.93,3.0,446.78,1.07,0.85,0.37,-0.12,-0.28,-1.25,0.36,0.45,0.8,-2.06,9926.47,0.74,2026-08-24
851,2026-08-24 22:00:00+00:00,BTCUSDT,SHORT,EXECUTED,LOW_RISK__HIGH_QUAL__HIGH_PROFIT,None,TAKE_PROFIT_HIT,148.9,1.0,148.9,0.31,0.29,0.31,-0.15,0.31,0.46,0.12,0.15,0.27,0.19,9926.66,0.73,2026-08-24
852,2026-08-24 22:45:00+00:00,DOGEUSDT,SHORT,EXECUTED,HIGH_RISK__HIGH_QUAL__HIGH_PROFIT,None,TIME_CLOSE_EXIT,148.9,3.0,446.7,0.89,0.74,0.39,-0.33,-0.19,-0.85,0.36,0.45,0.8,-1.65,9925.01,0.75,2026-08-24
853,2026-08-24 22:45:00+00:00,ETHUSDT,SHORT,EXECUTED,LOW_RISK__HIGH_QUAL__HIGH_PROFIT,None,TIME_CLOSE_EXIT,148.88,1.0,148.88,0.38,0.52,0.14,-0.24,-0.14,-0.21,0.12,0.15,0.27,-0.48,9924.53,0.75,2026-08-24
854,2026-08-24 23:15:00+00:00,ETHUSDT,LONG,EXECUTED,MED_RISK__HIGH_QUAL__LOW_PROFIT,None,TAKE_PROFIT_HIT,148.87,1.0,148.87,0.99,0.54,1.99,-0.44,0.99,1.48,0.12,0.15,0.27,1.21,9925.74,0.74,2026-08-24
855,2026-08-24 23:30:00+00:00,DOGEUSDT,LONG,EXECUTED,HIGH_RISK__HIGH_QUAL__HIGH_PROFIT,None,TAKE_PROFIT_HIT,148.89,3.0,446.66,0.99,0.91,3.41,-0.34,0.99,4.4,0.36,0.45,0.8,3.6,9929.34,0.71,2026-08-24
856,2026-08-24 23:45:00+00:00,BTCUSDT,LONG,EXECUTED,MED_RISK__LOW_QUAL__HIGH_PROFIT,None,TIME_CLOSE_EXIT,49.65,1.0,49.65,0.77,0.42,0.11,-0.21,-0.04,-0.02,0.04,0.05,0.09,-0.11,9929.23,0.71,2026-08-24
857,2026-08-25 00:00:00+00:00,XRPUSDT,LONG,EXECUTED,HIGH_RISK__LOW_QUAL__HIGH_PROFIT,None,TAKE_PROFIT_HIT,49.65,1.0,49.65,1.6,0.92,4.33,-0.75,1.6,0.79,0.04,0.05,0.09,0.7,9929.93,0.7,2026-08-25
858,2026-08-25 00:15:00+00:00,BTCUSDT,SHORT,EXECUTED,LOW_RISK__HIGH_QUAL__HIGH_PROFIT,None,TIME_CLOSE_EXIT,148.95,1.0,148.95,0.34,0.38,0.11,-0.21,0.0,0.0,0.12,0.15,0.27,-0.27,9929.67,0.7,2026-08-25
859,2026-08-25 00:30:00+00:00,BTCUSDT,LONG,EXECUTED,HIGH_RISK__LOW_QUAL__HIGH_PROFIT,None,TAKE_PROFIT_HIT,49.65,1.0,49.65,1.4,0.87,2.39,-0.79,1.4,0.69,0.04,0.05,0.09,0.6,9930.27,0.7,2026-08-25
860,2026-08-25 06:45:00+00:00,XRPUSDT,SHORT,EXECUTED,HIGH_RISK__HIGH_QUAL__HIGH_PROFIT,None,TAKE_PROFIT_HIT,148.95,3.0,446.86,1.4,1.14,3.95,-0.61,1.4,6.27,0.36,0.45,0.8,5.47,9935.74,0.64,2026-08-25
861,2026-08-25 07:45:00+00:00,DOGEUSDT,SHORT,EXECUTED,HIGH_RISK__HIGH_QUAL__HIGH_PROFIT,None,TAKE_PROFIT_HIT,149.04,3.0,447.11,1.36,1.77,6.6,-1.52,1.36,6.1,0.36,0.45,0.8,5.29,9941.03,0.59,2026-08-25
862,2026-08-25 07:45:00+00:00,SOLUSDT,SHORT,EXECUTED,MED_RISK__LOW_QUAL__HIGH_PROFIT,None,TAKE_PROFIT_HIT,49.71,1.0,49.71,1.56,1.67,4.01,-1.55,1.56,0.77,0.04,0.05,0.09,0.69,9941.72,0.58,2026-08-25
863,2026-08-25 07:45:00+00:00,ETHUSDT,SHORT,EXECUTED,MED_RISK__HIGH_QUAL__HIGH_PROFIT,None,TAKE_PROFIT_HIT,149.13,1.0,149.13,1.03,1.28,1.57,-0.83,1.03,1.53,0.12,0.15,0.27,1.26,9942.98,0.57,2026-08-25
864,2026-08-25 07:45:00+00:00,BTCUSDT,SHORT,EXECUTED,MED_RISK__HIGH_QUAL__HIGH_PROFIT,None,TAKE_PROFIT_HIT,149.14,1.0,149.14,0.9,1.22,1.99,-1.03,0.9,1.34,0.12,0.15,0.27,1.07,9944.05,0.56,2026-08-25
865,2026-08-25 15:30:00+00:00,BTCUSDT,LONG,EXECUTED,MED_RISK__LOW_QUAL__HIGH_PROFIT,None,TIME_CLOSE_EXIT,49.72,1.0,49.72,1.06,0.71,0.21,-0.31,-0.31,-0.15,0.04,0.05,0.09,-0.24,9943.81,0.56,2026-08-25
866,2026-08-25 15:45:00+00:00,ETHUSDT,LONG,EXECUTED,HIGH_RISK__HIGH_QUAL__LOW_PROFIT,None,TIME_CLOSE_EXIT,149.16,1.0,149.16,1.15,0.8,0.11,-0.42,-0.29,-0.43,0.12,0.15,0.27,-0.7,9943.1,0.57,2026-08-25
867,2026-08-25 16:45:00+00:00,ETHUSDT,SHORT,EXECUTED,LOW_RISK__HIGH_QUAL__HIGH_PROFIT,None,TAKE_PROFIT_HIT,149.15,1.0,149.15,0.49,0.49,2.27,-0.36,0.49,0.73,0.12,0.15,0.27,0.46,9943.57,0.56,2026-08-25
868,2026-08-25 17:00:00+00:00,BTCUSDT,SHORT,EXECUTED,LOW_RISK__HIGH_QUAL__HIGH_PROFIT,None,TIME_CLOSE_EXIT,149.15,1.0,149.15,0.53,0.57,0.27,-0.24,-0.35,-0.52,0.12,0.15,0.27,-0.79,9942.78,0.57,2026-08-25
869,2026-08-25 17:45:00+00:00,XRPUSDT,LONG,EXECUTED,HIGH_RISK__LOW_QUAL__HIGH_PROFIT,None,TIME_CLOSE_EXIT,49.71,1.0,49.71,1.16,0.88,0.42,-0.26,-0.4,-0.2,0.04,0.05,0.09,-0.29,9942.49,0.58,2026-08-25
870,2026-08-25 18:00:00+00:00,BTCUSDT,LONG,EXECUTED,MED_RISK__LOW_QUAL__HIGH_PROFIT,None,TIME_CLOSE_EXIT,49.71,1.0,49.71,0.58,0.49,0.08,-0.13,-0.2,-0.1,0.04,0.05,0.09,-0.19,9942.3,0.58,2026-08-25
871,2026-08-25 18:15:00+00:00,SOLUSDT,LONG,EXECUTED,MED_RISK__LOW_QUAL__HIGH_PROFIT,None,TIME_CLOSE_EXIT,49.71,1.0,49.71,1.26,1.05,0.11,-0.31,-0.85,-0.42,0.04,0.05,0.09,-0.51,9941.79,0.58,2026-08-25
872,2026-08-25 19:15:00+00:00,BTCUSDT,SHORT,EXECUTED,LOW_RISK__HIGH_QUAL__HIGH_PROFIT,None,TAKE_PROFIT_HIT,149.13,1.0,149.13,0.48,0.57,1.37,-0.38,0.48,0.72,0.12,0.15,0.27,0.45,9942.24,0.58,2026-08-25
873,2026-08-25 19:30:00+00:00,XRPUSDT,SHORT,EXECUTED,HIGH_RISK__HIGH_QUAL__HIGH_PROFIT,None,TAKE_PROFIT_HIT,149.13,3.0,447.4,0.86,1.01,4.19,-0.55,0.86,3.86,0.36,0.45,0.81,3.05,9945.3,0.55,2026-08-25
874,2026-08-25 19:30:00+00:00,SOLUSDT,SHORT,EXECUTED,MED_RISK__LOW_QUAL__HIGH_PROFIT,None,TAKE_PROFIT_HIT,49.73,1.0,49.73,0.9,1.21,2.28,-0.52,0.9,0.45,0.04,0.05,0.09,0.36,9945.65,0.54,2026-08-25
875,2026-08-26 01:30:00+00:00,BTCUSDT,LONG,EXECUTED,MED_RISK__LOW_QUAL__HIGH_PROFIT,None,TIME_CLOSE_EXIT,49.73,1.0,49.73,0.66,0.44,0.48,-0.2,0.16,0.08,0.04,0.05,0.09,-0.01,9945.64,0.54,2026-08-26
876,2026-08-26 01:30:00+00:00,ETHUSDT,LONG,EXECUTED,MED_RISK__HIGH_QUAL__LOW_PROFIT,None,TIME_CLOSE_EXIT,149.18,1.0,149.18,1.18,0.56,0.62,-0.18,0.27,0.4,0.12,0.15,0.27,0.13,9945.78,0.54,2026-08-26
877,2026-08-26 02:15:00+00:00,SOLUSDT,LONG,EXECUTED,MED_RISK__LOW_QUAL__HIGH_PROFIT,None,TIME_CLOSE_EXIT,49.73,1.0,49.73,1.14,0.94,0.01,-0.66,-0.43,-0.21,0.04,0.05,0.09,-0.3,9945.47,0.55,2026-08-26
878,2026-08-26 02:30:00+00:00,DOGEUSDT,LONG,EXECUTED,HIGH_RISK__HIGH_QUAL__HIGH_PROFIT,None,TIME_CLOSE_EXIT,149.18,3.0,447.55,1.27,0.84,0.1,-0.14,-0.7,-3.13,0.36,0.45,0.81,-3.94,9941.53,0.58,2026-08-26
879,2026-08-26 02:30:00+00:00,XRPUSDT,LONG,EXECUTED,MED_RISK__LOW_QUAL__HIGH_PROFIT,None,TIME_CLOSE_EXIT,49.71,1.0,49.71,1.48,0.74,0.28,-0.06,-0.39,-0.19,0.04,0.05,0.09,-0.28,9941.25,0.59,2026-08-26
880,2026-08-26 03:30:00+00:00,XRPUSDT,SHORT,EXECUTED,MED_RISK__HIGH_QUAL__HIGH_PROFIT,None,TAKE_PROFIT_HIT,149.12,1.0,149.12,0.61,0.55,1.03,-0.8,0.61,0.91,0.12,0.15,0.27,0.65,9941.9,0.58,2026-08-26
881,2026-08-26 04:45:00+00:00,SOLUSDT,SHORT,EXECUTED,MED_RISK__LOW_QUAL__HIGH_PROFIT,None,TIME_CLOSE_EXIT,49.71,1.0,49.71,0.82,0.78,0.39,-0.52,-0.33,-0.16,0.04,0.05,0.09,-0.25,9941.64,0.58,2026-08-26
882,2026-08-26 05:00:00+00:00,DOGEUSDT,SHORT,EXECUTED,HIGH_RISK__HIGH_QUAL__HIGH_PROFIT,None,TIME_CLOSE_EXIT,149.12,3.0,447.37,0.68,0.92,0.24,-0.2,-0.49,-2.19,0.36,0.45,0.81,-3.0,9938.65,0.61,2026-08-26
883,2026-08-26 05:30:00+00:00,DOGEUSDT,LONG,EXECUTED,MED_RISK__HIGH_QUAL__HIGH_PROFIT,None,TIME_CLOSE_EXIT,149.08,1.0,149.08,1.12,0.76,0.24,-0.32,-0.07,-0.1,0.12,0.15,0.27,-0.37,9938.27,0.62,2026-08-26
884,2026-08-26 06:00:00+00:00,XRPUSDT,LONG,EXECUTED,MED_RISK__LOW_QUAL__HIGH_PROFIT,None,TIME_CLOSE_EXIT,49.69,1.0,49.69,1.31,0.58,0.35,-0.03,0.0,0.0,0.04,0.05,0.09,-0.09,9938.18,0.62,2026-08-26
885,2026-08-26 06:15:00+00:00,XRPUSDT,SHORT,EXECUTED,HIGH_RISK__HIGH_QUAL__HIGH_PROFIT,None,TAKE_PROFIT_HIT,149.07,3.0,447.22,0.79,0.9,5.46,-0.61,0.79,3.53,0.36,0.45,0.8,2.73,9940.91,0.59,2026-08-26
886,2026-08-26 08:00:00+00:00,SOLUSDT,LONG,EXECUTED,LOW_RISK__LOW_QUAL__HIGH_PROFIT,None,TIME_CLOSE_EXIT,49.7,1.0,49.7,0.89,0.68,0.19,-0.32,-0.42,-0.21,0.04,0.05,0.09,-0.3,9940.62,0.59,2026-08-26
887,2026-08-26 08:45:00+00:00,BTCUSDT,SHORT,EXECUTED,LOW_RISK__HIGH_QUAL__HIGH_PROFIT,None,TAKE_PROFIT_HIT,149.11,1.0,149.11,0.79,0.63,1.37,-0.39,0.79,1.18,0.12,0.15,0.27,0.92,9941.53,0.58,2026-08-26
888,2026-08-26 08:45:00+00:00,ETHUSDT,SHORT,EXECUTED,LOW_RISK__HIGH_QUAL__HIGH_PROFIT,None,TIME_CLOSE_EXIT,149.12,1.0,149.12,0.64,0.55,0.55,-0.32,-0.36,-0.54,0.12,0.15,0.27,-0.81,9940.73,0.59,2026-08-26
889,2026-08-26 09:00:00+00:00,SOLUSDT,SHORT,EXECUTED,LOW_RISK__LOW_QUAL__HIGH_PROFIT,None,TAKE_PROFIT_HIT,49.7,1.0,49.7,0.61,0.52,1.08,-0.2,0.61,0.3,0.04,0.05,0.09,0.21,9940.94,0.59,2026-08-26
890,2026-08-26 10:45:00+00:00,SOLUSDT,LONG,EXECUTED,MED_RISK__LOW_QUAL__HIGH_PROFIT,None,TIME_CLOSE_EXIT,49.7,1.0,49.7,1.35,1.24,0.41,-0.12,-0.47,-0.23,0.04,0.05,0.09,-0.32,9940.61,0.59,2026-08-26
891,2026-08-26 10:45:00+00:00,ETHUSDT,LONG,EXECUTED,HIGH_RISK__HIGH_QUAL__LOW_PROFIT,None,TIME_CLOSE_EXIT,149.11,1.0,149.11,1.14,0.85,0.27,-0.2,-0.57,-0.85,0.12,0.15,0.27,-1.12,9939.5,0.61,2026-08-26
892,2026-08-26 11:00:00+00:00,DOGEUSDT,LONG,EXECUTED,HIGH_RISK__HIGH_QUAL__HIGH_PROFIT,None,TIME_CLOSE_EXIT,149.09,3.0,447.28,1.05,1.18,0.08,-0.29,-0.85,-3.8,0.36,0.45,0.81,-4.61,9934.89,0.65,2026-08-26
893,2026-08-26 11:45:00+00:00,DOGEUSDT,SHORT,EXECUTED,MED_RISK__HIGH_QUAL__HIGH_PROFIT,None,TIME_CLOSE_EXIT,149.02,1.0,149.02,0.53,0.71,0.28,-0.15,0.08,0.12,0.12,0.15,0.27,-0.15,9934.74,0.65,2026-08-26
894,2026-08-26 12:15:00+00:00,DOGEUSDT,LONG,EXECUTED,HIGH_RISK__HIGH_QUAL__HIGH_PROFIT,None,TIME_CLOSE_EXIT,149.02,3.0,447.06,0.86,1.08,0.03,-0.86,0.0,0.0,0.36,0.45,0.8,-0.8,9933.94,0.66,2026-08-26
895,2026-08-26 12:30:00+00:00,DOGEUSDT,SHORT,EXECUTED,HIGH_RISK__HIGH_QUAL__HIGH_PROFIT,None,TAKE_PROFIT_HIT,149.01,3.0,447.03,1.35,1.02,2.7,-0.91,1.35,6.06,0.36,0.45,0.8,5.25,9939.19,0.61,2026-08-26
896,2026-08-26 13:00:00+00:00,ETHUSDT,SHORT,EXECUTED,MED_RISK__HIGH_QUAL__HIGH_PROFIT,None,TIME_CLOSE_EXIT,149.09,1.0,149.09,0.76,0.97,0.56,-0.68,-0.7,-1.04,0.12,0.15,0.27,-1.31,9937.88,0.62,2026-08-26
897,2026-08-26 13:00:00+00:00,SOLUSDT,SHORT,EXECUTED,MED_RISK__LOW_QUAL__HIGH_PROFIT,None,TAKE_PROFIT_HIT,49.69,1.0,49.69,1.34,0.87,1.62,-0.75,1.34,0.66,0.04,0.05,0.09,0.57,9938.45,0.62,2026-08-26
898,2026-08-26 17:30:00+00:00,SOLUSDT,LONG,EXECUTED,MED_RISK__LOW_QUAL__HIGH_PROFIT,None,TAKE_PROFIT_HIT,49.69,1.0,49.69,1.43,1.26,13.82,-0.9,1.43,0.71,0.04,0.05,0.09,0.62,9939.07,0.61,2026-08-26
899,2026-08-26 17:30:00+00:00,ETHUSDT,LONG,EXECUTED,MED_RISK__HIGH_QUAL__LOW_PROFIT,None,TAKE_PROFIT_HIT,149.09,1.0,149.09,1.38,0.72,2.19,-0.23,1.38,2.05,0.12,0.15,0.27,1.78,9940.85,0.59,2026-08-26
900,2026-08-26 17:30:00+00:00,BTCUSDT,LONG,EXECUTED,MED_RISK__LOW_QUAL__HIGH_PROFIT,None,TIME_CLOSE_EXIT,49.7,1.0,49.7,0.94,0.62,0.84,-0.4,0.26,0.13,0.04,0.05,0.09,0.04,9940.89,0.59,2026-08-26
901,2026-08-26 19:15:00+00:00,DOGEUSDT,LONG,EXECUTED,HIGH_RISK__HIGH_QUAL__HIGH_PROFIT,None,TAKE_PROFIT_HIT,149.11,3.0,447.34,0.92,0.96,2.92,-1.08,0.92,4.1,0.36,0.45,0.81,3.29,9944.18,0.56,2026-08-26
902,2026-08-26 21:00:00+00:00,XRPUSDT,LONG,EXECUTED,HIGH_RISK__LOW_QUAL__HIGH_PROFIT,None,TIME_CLOSE_EXIT,49.72,1.0,49.72,2.28,1.28,2.23,-1.3,0.57,0.28,0.04,0.05,0.09,0.19,9944.38,0.56,2026-08-26
903,2026-08-27 03:00:00+00:00,BTCUSDT,SHORT,EXECUTED,LOW_RISK__HIGH_QUAL__HIGH_PROFIT,None,TIME_CLOSE_EXIT,149.17,1.0,149.17,0.4,0.27,0.01,-0.13,0.0,0.0,0.12,0.15,0.27,-0.27,9944.11,0.56,2026-08-27
904,2026-08-27 03:15:00+00:00,BTCUSDT,LONG,EXECUTED,MED_RISK__LOW_QUAL__HIGH_PROFIT,None,TIME_CLOSE_EXIT,49.72,1.0,49.72,0.61,0.32,0.12,-0.32,-0.14,-0.07,0.04,0.05,0.09,-0.16,9943.95,0.56,2026-08-27
905,2026-08-27 03:30:00+00:00,ETHUSDT,SHORT,EXECUTED,LOW_RISK__HIGH_QUAL__HIGH_PROFIT,None,TIME_CLOSE_EXIT,149.16,1.0,149.16,0.44,0.32,0.43,-0.24,0.03,0.04,0.12,0.15,0.27,-0.22,9943.73,0.56,2026-08-27
906,2026-08-27 04:30:00+00:00,XRPUSDT,SHORT,EXECUTED,LOW_RISK__HIGH_QUAL__HIGH_PROFIT,None,TAKE_PROFIT_HIT,149.16,1.0,149.16,0.41,0.61,0.87,-0.12,0.41,0.61,0.12,0.15,0.27,0.35,9944.07,0.56,2026-08-27
907,2026-08-27 05:00:00+00:00,BTCUSDT,SHORT,EXECUTED,LOW_RISK__HIGH_QUAL__HIGH_PROFIT,None,TIME_CLOSE_EXIT,149.16,1.0,149.16,0.35,0.37,0.06,-0.2,-0.21,-0.31,0.12,0.15,0.27,-0.58,9943.49,0.57,2026-08-27
908,2026-08-27 05:00:00+00:00,DOGEUSDT,SHORT,EXECUTED,HIGH_RISK__HIGH_QUAL__HIGH_PROFIT,None,TIME_CLOSE_EXIT,149.15,3.0,447.46,0.56,0.79,0.4,-0.25,-0.38,-1.7,0.36,0.45,0.81,-2.51,9940.98,0.59,2026-08-27
909,2026-08-27 06:45:00+00:00,DOGEUSDT,LONG,EXECUTED,MED_RISK__HIGH_QUAL__HIGH_PROFIT,None,TAKE_PROFIT_HIT,149.11,1.0,149.11,1.27,0.6,3.45,-0.16,1.27,1.89,0.12,0.15,0.27,1.62,9942.6,0.57,2026-08-27
910,2026-08-27 07:00:00+00:00,BTCUSDT,LONG,EXECUTED,MED_RISK__LOW_QUAL__HIGH_PROFIT,None,TAKE_PROFIT_HIT,49.71,1.0,49.71,0.52,0.25,2.14,-0.1,0.52,0.26,0.04,0.05,0.09,0.17,9942.77,0.57,2026-08-27
911,2026-08-27 07:30:00+00:00,XRPUSDT,LONG,EXECUTED,MED_RISK__LOW_QUAL__HIGH_PROFIT,None,TAKE_PROFIT_HIT,49.71,1.0,49.71,1.61,0.57,3.3,-0.18,1.61,0.8,0.04,0.05,0.09,0.71,9943.48,0.57,2026-08-27
912,2026-08-27 07:45:00+00:00,ETHUSDT,LONG,EXECUTED,MED_RISK__HIGH_QUAL__LOW_PROFIT,None,TAKE_PROFIT_HIT,149.15,1.0,149.15,0.91,0.49,2.78,-0.24,0.91,1.36,0.12,0.15,0.27,1.09,9944.57,0.55,2026-08-27
913,2026-08-27 11:15:00+00:00,ETHUSDT,SHORT,EXECUTED,MED_RISK__HIGH_QUAL__HIGH_PROFIT,None,TAKE_PROFIT_HIT,149.17,1.0,149.17,0.68,0.98,0.75,-0.36,0.68,1.02,0.12,0.15,0.27,0.75,9945.32,0.55,2026-08-27
914,2026-08-27 12:30:00+00:00,BTCUSDT,SHORT,EXECUTED,LOW_RISK__HIGH_QUAL__HIGH_PROFIT,None,TIME_CLOSE_EXIT,149.18,1.0,149.18,0.53,0.69,0.45,-0.37,-0.23,-0.34,0.12,0.15,0.27,-0.61,9944.71,0.55,2026-08-27
915,2026-08-27 12:30:00+00:00,DOGEUSDT,SHORT,EXECUTED,HIGH_RISK__HIGH_QUAL__HIGH_PROFIT,None,TIME_CLOSE_EXIT,149.17,3.0,447.51,1.11,1.62,0.34,-1.31,-1.34,-6.0,0.36,0.45,0.81,-6.8,9937.91,0.62,2026-08-27
916,2026-08-27 12:45:00+00:00,XRPUSDT,SHORT,EXECUTED,MED_RISK__HIGH_QUAL__HIGH_PROFIT,None,TIME_CLOSE_EXIT,149.07,1.0,149.07,0.89,1.12,0.07,-0.35,-0.27,-0.4,0.12,0.15,0.27,-0.67,9937.24,0.63,2026-08-27
917,2026-08-27 13:15:00+00:00,XRPUSDT,LONG,EXECUTED,MED_RISK__LOW_QUAL__HIGH_PROFIT,None,TAKE_PROFIT_HIT,49.69,1.0,49.69,2.56,0.62,3.1,-0.71,2.56,1.27,0.04,0.05,0.09,1.18,9938.42,0.62,2026-08-27
918,2026-08-27 14:15:00+00:00,BTCUSDT,LONG,EXECUTED,HIGH_RISK__LOW_QUAL__HIGH_PROFIT,None,TIME_CLOSE_EXIT,49.69,1.0,49.69,1.33,0.86,1.17,-0.65,0.07,0.03,0.04,0.05,0.09,-0.05,9938.37,0.62,2026-08-27
919,2026-08-27 14:30:00+00:00,DOGEUSDT,LONG,EXECUTED,HIGH_RISK__HIGH_QUAL__HIGH_PROFIT,None,TIME_CLOSE_EXIT,149.08,3.0,447.23,2.1,1.51,0.71,-0.97,-1.02,-4.56,0.36,0.45,0.81,-5.37,9933.0,0.67,2026-08-27
920,2026-08-27 14:45:00+00:00,ETHUSDT,LONG,EXECUTED,HIGH_RISK__HIGH_QUAL__LOW_PROFIT,None,TIME_CLOSE_EXIT,148.99,1.0,148.99,1.53,0.88,0.65,-0.24,0.03,0.04,0.12,0.15,0.27,-0.22,9932.77,0.67,2026-08-27
921,2026-08-27 18:00:00+00:00,ETHUSDT,SHORT,EXECUTED,MED_RISK__HIGH_QUAL__HIGH_PROFIT,None,TIME_CLOSE_EXIT,148.99,1.0,148.99,0.84,1.0,0.46,-0.72,-0.51,-0.76,0.12,0.15,0.27,-1.03,9931.75,0.68,2026-08-27
922,2026-08-27 18:15:00+00:00,XRPUSDT,SHORT,EXECUTED,MED_RISK__HIGH_QUAL__HIGH_PROFIT,None,TIME_CLOSE_EXIT,148.98,1.0,148.98,0.66,1.62,0.44,-0.35,-0.65,-0.97,0.12,0.15,0.27,-1.24,9930.51,0.69,2026-08-27
923,2026-08-27 18:15:00+00:00,DOGEUSDT,SHORT,EXECUTED,HIGH_RISK__HIGH_QUAL__HIGH_PROFIT,None,TIME_CLOSE_EXIT,148.96,3.0,446.87,0.67,1.59,0.14,-0.66,-0.81,-3.62,0.36,0.45,0.8,-4.42,9926.09,0.74,2026-08-27
924,2026-08-27 18:45:00+00:00,BTCUSDT,SHORT,EXECUTED,LOW_RISK__HIGH_QUAL__HIGH_PROFIT,None,TIME_CLOSE_EXIT,148.89,1.0,148.89,0.34,0.33,0.33,-0.18,-0.04,-0.06,0.12,0.15,0.27,-0.33,9925.76,0.74,2026-08-27
925,2026-08-27 22:00:00+00:00,BTCUSDT,LONG,EXECUTED,MED_RISK__LOW_QUAL__HIGH_PROFIT,None,TAKE_PROFIT_HIT,49.63,1.0,49.63,0.67,0.42,1.53,-0.14,0.67,0.33,0.04,0.05,0.09,0.24,9926.0,0.74,2026-08-27
926,2026-08-27 22:00:00+00:00,DOGEUSDT,LONG,EXECUTED,HIGH_RISK__HIGH_QUAL__HIGH_PROFIT,None,TIME_CLOSE_EXIT,148.89,3.0,446.67,1.42,0.86,1.39,-0.65,-0.61,-2.72,0.36,0.45,0.8,-3.53,9922.47,0.78,2026-08-27
927,2026-08-27 22:30:00+00:00,ETHUSDT,LONG,EXECUTED,MED_RISK__HIGH_QUAL__LOW_PROFIT,None,TAKE_PROFIT_HIT,148.84,1.0,148.84,0.76,0.46,0.88,-0.28,0.76,1.13,0.12,0.15,0.27,0.87,9923.34,0.77,2026-08-27
928,2026-08-27 23:15:00+00:00,XRPUSDT,LONG,EXECUTED,MED_RISK__LOW_QUAL__HIGH_PROFIT,None,TIME_CLOSE_EXIT,49.62,1.0,49.62,1.38,0.66,0.17,-0.39,-0.19,-0.09,0.04,0.05,0.09,-0.18,9923.15,0.77,2026-08-27
929,2026-08-28 00:00:00+00:00,XRPUSDT,SHORT,EXECUTED,HIGH_RISK__HIGH_QUAL__HIGH_PROFIT,None,TIME_CLOSE_EXIT,148.85,3.0,446.54,1.0,1.04,0.03,-0.84,-0.85,-3.8,0.36,0.45,0.8,-4.6,9918.55,0.81,2026-08-28
930,2026-08-28 01:15:00+00:00,XRPUSDT,LONG,EXECUTED,HIGH_RISK__LOW_QUAL__HIGH_PROFIT,None,TIME_CLOSE_EXIT,49.59,1.0,49.59,1.14,1.29,0.32,-1.04,-1.19,-0.59,0.04,0.05,0.09,-0.68,9917.88,0.82,2026-08-28
931,2026-08-28 01:45:00+00:00,SOLUSDT,SHORT,EXECUTED,MED_RISK__LOW_QUAL__HIGH_PROFIT,None,TAKE_PROFIT_HIT,49.59,1.0,49.59,1.25,1.27,3.91,-0.64,1.25,0.62,0.04,0.05,0.09,0.53,9918.41,0.82,2026-08-28
932,2026-08-28 02:00:00+00:00,XRPUSDT,SHORT,EXECUTED,MED_RISK__HIGH_QUAL__HIGH_PROFIT,None,TAKE_PROFIT_HIT,148.78,1.0,148.78,1.17,1.31,2.54,-0.84,1.17,1.74,0.12,0.15,0.27,1.48,9919.88,0.8,2026-08-28
933,2026-08-28 02:15:00+00:00,DOGEUSDT,SHORT,EXECUTED,HIGH_RISK__HIGH_QUAL__HIGH_PROFIT,None,TAKE_PROFIT_HIT,148.8,3.0,446.39,1.08,1.24,2.82,-0.78,1.08,4.81,0.36,0.45,0.8,4.01,9923.89,0.76,2026-08-28
934,2026-08-28 02:15:00+00:00,ETHUSDT,SHORT,EXECUTED,MED_RISK__HIGH_QUAL__HIGH_PROFIT,None,TIME_CLOSE_EXIT,148.86,1.0,148.86,0.8,0.88,0.69,-0.41,-0.25,-0.37,0.12,0.15,0.27,-0.64,9923.25,0.77,2026-08-28
935,2026-08-28 02:30:00+00:00,BTCUSDT,SHORT,EXECUTED,LOW_RISK__HIGH_QUAL__HIGH_PROFIT,None,TAKE_PROFIT_HIT,148.85,1.0,148.85,0.65,0.6,3.94,-0.14,0.65,0.97,0.12,0.15,0.27,0.7,9923.95,0.76,2026-08-28
936,2026-08-28 06:30:00+00:00,ETHUSDT,LONG,EXECUTED,MED_RISK__HIGH_QUAL__LOW_PROFIT,None,TIME_CLOSE_EXIT,148.86,1.0,148.86,0.86,0.39,0.16,-0.09,-0.14,-0.21,0.12,0.15,0.27,-0.48,9923.48,0.77,2026-08-28
937,2026-08-28 08:30:00+00:00,ETHUSDT,SHORT,EXECUTED,LOW_RISK__HIGH_QUAL__HIGH_PROFIT,None,TAKE_PROFIT_HIT,148.85,1.0,148.85,0.35,0.38,0.48,-0.17,0.35,0.53,0.12,0.15,0.27,0.26,9923.74,0.76,2026-08-28
938,2026-08-28 10:45:00+00:00,ETHUSDT,LONG,EXECUTED,HIGH_RISK__HIGH_QUAL__LOW_PROFIT,None,TIME_CLOSE_EXIT,148.86,1.0,148.86,1.08,0.83,0.47,-0.51,0.1,0.15,0.12,0.15,0.27,-0.12,9923.62,0.76,2026-08-28
939,2026-08-28 11:15:00+00:00,XRPUSDT,LONG,EXECUTED,HIGH_RISK__LOW_QUAL__HIGH_PROFIT,None,TIME_CLOSE_EXIT,49.62,1.0,49.62,0.96,0.83,0.3,-0.02,-0.55,-0.27,0.04,0.05,0.09,-0.36,9923.25,0.77,2026-08-28
940,2026-08-28 12:15:00+00:00,XRPUSDT,SHORT,EXECUTED,LOW_RISK__HIGH_QUAL__HIGH_PROFIT,None,TIME_CLOSE_EXIT,148.85,1.0,148.85,0.37,0.62,0.32,-0.36,-0.04,-0.06,0.12,0.15,0.27,-0.33,9922.93,0.77,2026-08-28
941,2026-08-28 12:45:00+00:00,XRPUSDT,LONG,EXECUTED,MED_RISK__LOW_QUAL__HIGH_PROFIT,None,TIME_CLOSE_EXIT,49.61,1.0,49.61,1.13,0.68,0.19,-0.42,-0.44,-0.22,0.04,0.05,0.09,-0.31,9922.62,0.77,2026-08-28
942,2026-08-28 13:30:00+00:00,XRPUSDT,SHORT,EXECUTED,MED_RISK__HIGH_QUAL__HIGH_PROFIT,None,TAKE_PROFIT_HIT,148.84,1.0,148.84,0.61,0.87,2.03,-1.05,0.61,0.91,0.12,0.15,0.27,0.65,9923.26,0.77,2026-08-28
943,2026-08-28 14:00:00+00:00,ETHUSDT,SHORT,EXECUTED,MED_RISK__HIGH_QUAL__HIGH_PROFIT,None,TIME_CLOSE_EXIT,148.85,1.0,148.85,0.82,1.56,0.4,-1.9,-0.57,-0.85,0.12,0.15,0.27,-1.12,9922.15,0.78,2026-08-28
944,2026-08-28 14:30:00+00:00,ETHUSDT,LONG,EXECUTED,HIGH_RISK__HIGH_QUAL__LOW_PROFIT,None,TIME_CLOSE_EXIT,148.83,1.0,148.83,0.76,1.27,0.66,-0.93,-0.83,-1.24,0.12,0.15,0.27,-1.5,9920.65,0.79,2026-08-28
945,2026-08-28 14:45:00+00:00,DOGEUSDT,LONG,EXECUTED,HIGH_RISK__HIGH_QUAL__HIGH_PROFIT,None,TIME_CLOSE_EXIT,148.81,3.0,446.43,0.88,1.45,0.34,-1.01,-0.52,-2.32,0.36,0.45,0.8,-3.13,9917.52,0.82,2026-08-28
946,2026-08-28 14:45:00+00:00,XRPUSDT,LONG,EXECUTED,HIGH_RISK__LOW_QUAL__HIGH_PROFIT,None,TIME_CLOSE_EXIT,49.59,1.0,49.59,1.21,1.58,0.45,-0.98,-1.32,-0.65,0.04,0.05,0.09,-0.74,9916.78,0.83,2026-08-28
947,2026-08-28 15:15:00+00:00,SOLUSDT,LONG,EXECUTED,MED_RISK__LOW_QUAL__HIGH_PROFIT,None,TIME_CLOSE_EXIT,49.58,1.0,49.58,1.81,1.86,1.09,-1.39,-1.44,-0.71,0.04,0.05,0.09,-0.8,9915.97,0.84,2026-08-28
948,2026-08-28 15:30:00+00:00,DOGEUSDT,SHORT,EXECUTED,HIGH_RISK__HIGH_QUAL__HIGH_PROFIT,None,TAKE_PROFIT_HIT,148.74,3.0,446.22,1.69,1.16,2.99,-1.06,1.69,7.56,0.36,0.45,0.8,6.76,9922.73,0.77,2026-08-28
949,2026-08-28 15:45:00+00:00,XRPUSDT,SHORT,EXECUTED,MED_RISK__HIGH_QUAL__HIGH_PROFIT,None,TAKE_PROFIT_HIT,148.84,1.0,148.84,1.85,1.45,2.86,-0.81,1.85,2.75,0.12,0.15,0.27,2.48,9925.21,0.75,2026-08-28
950,2026-08-28 15:45:00+00:00,ETHUSDT,SHORT,EXECUTED,MED_RISK__HIGH_QUAL__HIGH_PROFIT,None,TAKE_PROFIT_HIT,148.88,1.0,148.88,1.33,1.33,2.67,-0.95,1.33,1.98,0.12,0.15,0.27,1.71,9926.92,0.73,2026-08-28
951,2026-08-28 16:00:00+00:00,SOLUSDT,SHORT,EXECUTED,MED_RISK__LOW_QUAL__HIGH_PROFIT,None,TAKE_PROFIT_HIT,49.63,1.0,49.63,1.64,1.73,1.99,-1.3,1.64,0.81,0.04,0.05,0.09,0.73,9927.64,0.72,2026-08-28
952,2026-08-28 22:45:00+00:00,DOGEUSDT,LONG,EXECUTED,MED_RISK__HIGH_QUAL__HIGH_PROFIT,None,TIME_CLOSE_EXIT,148.91,1.0,148.91,0.76,0.66,0.32,-0.15,-0.12,-0.18,0.12,0.15,0.27,-0.45,9927.2,0.73,2026-08-28
953,2026-08-28 23:00:00+00:00,SOLUSDT,LONG,EXECUTED,MED_RISK__LOW_QUAL__HIGH_PROFIT,None,TIME_CLOSE_EXIT,49.64,1.0,49.64,0.85,0.93,0.21,-0.37,-0.49,-0.24,0.04,0.05,0.09,-0.33,9926.86,0.73,2026-08-28
954,2026-08-28 23:15:00+00:00,BTCUSDT,LONG,EXECUTED,MED_RISK__LOW_QUAL__HIGH_PROFIT,None,TIME_CLOSE_EXIT,49.63,1.0,49.63,0.41,0.24,0.36,-0.06,-0.07,-0.03,0.04,0.05,0.09,-0.12,9926.74,0.73,2026-08-28
955,2026-08-28 23:15:00+00:00,ETHUSDT,LONG,EXECUTED,MED_RISK__HIGH_QUAL__LOW_PROFIT,None,TIME_CLOSE_EXIT,148.9,1.0,148.9,0.46,0.33,0.42,-0.06,0.03,0.04,0.12,0.15,0.27,-0.22,9926.52,0.73,2026-08-28
956,2026-08-28 23:45:00+00:00,XRPUSDT,LONG,EXECUTED,MED_RISK__LOW_QUAL__HIGH_PROFIT,None,TIME_CLOSE_EXIT,49.63,1.0,49.63,0.68,0.48,0.4,-0.18,-0.18,-0.09,0.04,0.05,0.09,-0.18,9926.34,0.74,2026-08-28
957,2026-08-29 02:30:00+00:00,XRPUSDT,SHORT,EXECUTED,LOW_RISK__HIGH_QUAL__HIGH_PROFIT,None,TIME_CLOSE_EXIT,148.9,1.0,148.9,0.5,0.34,0.16,-0.14,-0.07,-0.1,0.12,0.15,0.27,-0.37,9925.96,0.74,2026-08-29
958,2026-08-29 02:30:00+00:00,BTCUSDT,SHORT,EXECUTED,LOW_RISK__HIGH_QUAL__HIGH_PROFIT,None,TIME_CLOSE_EXIT,148.89,1.0,148.89,0.39,0.25,0.3,-0.15,0.05,0.07,0.12,0.15,0.27,-0.19,9925.77,0.74,2026-08-29
959,2026-08-29 02:30:00+00:00,SOLUSDT,SHORT,EXECUTED,LOW_RISK__LOW_QUAL__HIGH_PROFIT,None,TIME_CLOSE_EXIT,49.63,1.0,49.63,0.74,0.44,0.21,-0.12,-0.19,-0.09,0.04,0.05,0.09,-0.18,9925.59,0.74,2026-08-29
960,2026-08-29 02:45:00+00:00,DOGEUSDT,SHORT,EXECUTED,MED_RISK__HIGH_QUAL__HIGH_PROFIT,None,TIME_CLOSE_EXIT,148.88,1.0,148.88,0.64,0.36,0.26,-0.15,-0.18,-0.27,0.12,0.15,0.27,-0.54,9925.05,0.75,2026-08-29
961,2026-08-29 03:00:00+00:00,ETHUSDT,SHORT,EXECUTED,LOW_RISK__HIGH_QUAL__HIGH_PROFIT,None,TIME_CLOSE_EXIT,148.88,1.0,148.88,0.23,0.13,0.18,-0.11,-0.1,-0.15,0.12,0.15,0.27,-0.42,9924.63,0.75,2026-08-29
962,2026-08-29 03:30:00+00:00,XRPUSDT,SHORT,EXECUTED,LOW_RISK__HIGH_QUAL__HIGH_PROFIT,None,TIME_CLOSE_EXIT,148.87,1.0,148.87,0.59,0.48,0.2,-0.23,-0.01,-0.01,0.12,0.15,0.27,-0.28,9924.35,0.76,2026-08-29
963,2026-08-29 03:30:00+00:00,SOLUSDT,LONG,EXECUTED,LOW_RISK__LOW_QUAL__HIGH_PROFIT,None,TIME_CLOSE_EXIT,49.62,1.0,49.62,0.5,0.35,0.12,-0.27,0.0,0.0,0.04,0.05,0.09,-0.09,9924.26,0.76,2026-08-29
964,2026-08-29 03:45:00+00:00,SOLUSDT,SHORT,EXECUTED,LOW_RISK__LOW_QUAL__HIGH_PROFIT,None,TIME_CLOSE_EXIT,49.62,1.0,49.62,0.84,0.4,0.39,-0.25,-0.19,-0.09,0.04,0.05,0.09,-0.18,9924.08,0.76,2026-08-29
965,2026-08-29 04:45:00+00:00,XRPUSDT,LONG,EXECUTED,MED_RISK__LOW_QUAL__HIGH_PROFIT,None,TIME_CLOSE_EXIT,49.62,1.0,49.62,0.56,0.62,0.47,-0.48,-0.53,-0.26,0.04,0.05,0.09,-0.35,9923.73,0.76,2026-08-29
966,2026-08-29 05:00:00+00:00,DOGEUSDT,LONG,EXECUTED,MED_RISK__HIGH_QUAL__HIGH_PROFIT,None,TIME_CLOSE_EXIT,148.86,1.0,148.86,0.26,0.47,0.08,-0.11,-0.19,-0.28,0.12,0.15,0.27,-0.55,9923.18,0.77,2026-08-29
967,2026-08-29 05:15:00+00:00,ETHUSDT,LONG,EXECUTED,MED_RISK__HIGH_QUAL__LOW_PROFIT,None,TIME_CLOSE_EXIT,148.85,1.0,148.85,0.45,0.09,0.08,-0.04,-0.05,-0.07,0.12,0.15,0.27,-0.34,9922.83,0.77,2026-08-29
968,2026-08-29 05:30:00+00:00,SOLUSDT,LONG,EXECUTED,LOW_RISK__LOW_QUAL__HIGH_PROFIT,None,TIME_CLOSE_EXIT,49.61,1.0,49.61,0.51,0.39,0.05,-0.2,-0.07,-0.03,0.04,0.05,0.09,-0.12,9922.71,0.77,2026-08-29
969,2026-08-29 06:00:00+00:00,ETHUSDT,SHORT,EXECUTED,LOW_RISK__HIGH_QUAL__HIGH_PROFIT,None,TIME_CLOSE_EXIT,148.84,1.0,148.84,0.54,0.48,0.06,-0.3,-0.12,-0.18,0.12,0.15,0.27,-0.45,9922.26,0.78,2026-08-29
970,2026-08-29 06:00:00+00:00,SOLUSDT,SHORT,EXECUTED,MED_RISK__LOW_QUAL__HIGH_PROFIT,None,TIME_CLOSE_EXIT,49.61,1.0,49.61,0.87,0.77,0.41,-0.55,-0.05,-0.02,0.04,0.05,0.09,-0.11,9922.15,0.78,2026-08-29
971,2026-08-29 06:00:00+00:00,DOGEUSDT,SHORT,EXECUTED,HIGH_RISK__HIGH_QUAL__HIGH_PROFIT,None,TIME_CLOSE_EXIT,148.83,3.0,446.5,0.86,0.88,0.48,-0.6,0.0,0.0,0.36,0.45,0.8,-0.8,9921.35,0.79,2026-08-29
972,2026-08-29 06:30:00+00:00,XRPUSDT,SHORT,EXECUTED,LOW_RISK__HIGH_QUAL__HIGH_PROFIT,None,TIME_CLOSE_EXIT,148.82,1.0,148.82,0.62,0.43,0.21,-0.02,-0.2,-0.3,0.12,0.15,0.27,-0.57,9920.78,0.79,2026-08-29
973,2026-08-29 08:45:00+00:00,BTCUSDT,LONG,EXECUTED,MED_RISK__LOW_QUAL__HIGH_PROFIT,None,TIME_CLOSE_EXIT,49.6,1.0,49.6,0.3,0.13,0.15,-0.12,-0.05,-0.02,0.04,0.05,0.09,-0.11,9920.67,0.79,2026-08-29
974,2026-08-29 09:15:00+00:00,XRPUSDT,LONG,EXECUTED,MED_RISK__LOW_QUAL__HIGH_PROFIT,None,TAKE_PROFIT_HIT,49.6,1.0,49.6,0.44,0.43,1.31,-0.41,0.44,0.22,0.04,0.05,0.09,0.13,9920.79,0.79,2026-08-29
975,2026-08-29 11:00:00+00:00,ETHUSDT,LONG,EXECUTED,MED_RISK__HIGH_QUAL__LOW_PROFIT,None,TIME_CLOSE_EXIT,148.81,1.0,148.81,0.36,0.22,0.04,-0.18,-0.09,-0.13,0.12,0.15,0.27,-0.4,9920.39,0.8,2026-08-29
976,2026-08-29 12:00:00+00:00,SOLUSDT,LONG,EXECUTED,LOW_RISK__LOW_QUAL__HIGH_PROFIT,None,TIME_CLOSE_EXIT,49.6,1.0,49.6,0.74,0.35,0.01,-0.24,0.0,0.0,0.04,0.05,0.09,-0.09,9920.3,0.8,2026-08-29
977,2026-08-29 12:15:00+00:00,SOLUSDT,SHORT,EXECUTED,LOW_RISK__LOW_QUAL__HIGH_PROFIT,None,TIME_CLOSE_EXIT,49.6,1.0,49.6,0.46,0.4,0.06,-0.49,0.0,0.0,0.04,0.05,0.09,-0.09,9920.21,0.8,2026-08-29
978,2026-08-29 12:15:00+00:00,BTCUSDT,SHORT,EXECUTED,LOW_RISK__HIGH_QUAL__HIGH_PROFIT,None,TIME_CLOSE_EXIT,148.8,1.0,148.8,0.17,0.22,0.1,-0.1,-0.1,-0.15,0.12,0.15,0.27,-0.42,9919.8,0.8,2026-08-29
979,2026-08-29 12:15:00+00:00,DOGEUSDT,LONG,EXECUTED,MED_RISK__HIGH_QUAL__HIGH_PROFIT,None,TAKE_PROFIT_HIT,148.8,1.0,148.8,0.54,0.64,1.11,-0.21,0.54,0.8,0.12,0.15,0.27,0.53,9920.33,0.8,2026-08-29
980,2026-08-29 12:30:00+00:00,ETHUSDT,SHORT,EXECUTED,LOW_RISK__HIGH_QUAL__HIGH_PROFIT,None,TIME_CLOSE_EXIT,148.8,1.0,148.8,0.09,0.27,0.08,-0.07,-0.06,-0.09,0.12,0.15,0.27,-0.36,9919.97,0.8,2026-08-29
981,2026-08-29 12:30:00+00:00,SOLUSDT,LONG,EXECUTED,LOW_RISK__LOW_QUAL__HIGH_PROFIT,None,TAKE_PROFIT_HIT,49.6,1.0,49.6,0.67,0.33,2.18,-0.21,0.67,0.33,0.04,0.05,0.09,0.24,9920.22,0.8,2026-08-29
982,2026-08-29 13:15:00+00:00,BTCUSDT,LONG,EXECUTED,MED_RISK__LOW_QUAL__HIGH_PROFIT,None,TAKE_PROFIT_HIT,49.6,1.0,49.6,0.46,0.13,0.86,-0.02,0.46,0.23,0.04,0.05,0.09,0.14,9920.36,0.8,2026-08-29
983,2026-08-29 14:30:00+00:00,ETHUSDT,LONG,EXECUTED,MED_RISK__HIGH_QUAL__LOW_PROFIT,None,TAKE_PROFIT_HIT,148.81,1.0,148.81,0.53,0.67,0.95,-0.36,0.53,0.78,0.12,0.15,0.27,0.52,9920.87,0.79,2026-08-29
984,2026-08-29 21:30:00+00:00,DOGEUSDT,SHORT,EXECUTED,MED_RISK__HIGH_QUAL__HIGH_PROFIT,None,TIME_CLOSE_EXIT,148.81,1.0,148.81,0.36,0.27,0.21,-0.13,-0.02,-0.03,0.12,0.15,0.27,-0.3,9920.57,0.79,2026-08-29
985,2026-08-29 22:00:00+00:00,SOLUSDT,SHORT,EXECUTED,LOW_RISK__LOW_QUAL__HIGH_PROFIT,None,TIME_CLOSE_EXIT,49.6,1.0,49.6,0.43,0.32,0.1,-0.09,0.0,0.0,0.04,0.05,0.09,-0.09,9920.48,0.8,2026-08-29
986,2026-08-29 22:00:00+00:00,XRPUSDT,SHORT,EXECUTED,LOW_RISK__HIGH_QUAL__HIGH_PROFIT,None,TIME_CLOSE_EXIT,148.81,1.0,148.81,0.59,0.52,0.05,-0.15,-0.27,-0.4,0.12,0.15,0.27,-0.67,9919.81,0.8,2026-08-29
987,2026-08-29 22:15:00+00:00,SOLUSDT,LONG,EXECUTED,LOW_RISK__LOW_QUAL__HIGH_PROFIT,None,TAKE_PROFIT_HIT,49.6,1.0,49.6,0.46,0.31,0.6,-0.2,0.46,0.23,0.04,0.05,0.09,0.14,9919.95,0.8,2026-08-29
988,2026-08-29 23:45:00+00:00,DOGEUSDT,LONG,EXECUTED,MED_RISK__HIGH_QUAL__HIGH_PROFIT,None,TAKE_PROFIT_HIT,148.8,1.0,148.8,0.24,0.37,0.26,-0.18,0.24,0.36,0.12,0.15,0.27,0.09,9920.04,0.8,2026-08-29
989,2026-08-29 23:45:00+00:00,XRPUSDT,LONG,EXECUTED,MED_RISK__LOW_QUAL__HIGH_PROFIT,None,TIME_CLOSE_EXIT,49.6,1.0,49.6,0.47,0.39,0.21,-0.26,-0.06,-0.03,0.04,0.05,0.09,-0.12,9919.92,0.8,2026-08-29
990,2026-08-30 01:00:00+00:00,DOGEUSDT,SHORT,EXECUTED,MED_RISK__HIGH_QUAL__HIGH_PROFIT,None,TAKE_PROFIT_HIT,148.8,1.0,148.8,0.32,0.39,0.55,-0.19,0.32,0.47,0.12,0.15,0.27,0.2,9920.13,0.8,2026-08-30
991,2026-08-30 01:00:00+00:00,XRPUSDT,SHORT,EXECUTED,LOW_RISK__HIGH_QUAL__HIGH_PROFIT,None,TIME_CLOSE_EXIT,148.8,1.0,148.8,0.65,0.52,0.26,-0.4,-0.24,-0.36,0.12,0.15,0.27,-0.62,9919.5,0.8,2026-08-30
992,2026-08-30 01:00:00+00:00,BTCUSDT,SHORT,EXECUTED,LOW_RISK__HIGH_QUAL__HIGH_PROFIT,None,TIME_CLOSE_EXIT,148.79,1.0,148.79,0.24,0.22,0.1,-0.15,-0.15,-0.22,0.12,0.15,0.27,-0.49,9919.01,0.81,2026-08-30
993,2026-08-30 01:15:00+00:00,SOLUSDT,SHORT,EXECUTED,LOW_RISK__LOW_QUAL__HIGH_PROFIT,None,TIME_CLOSE_EXIT,49.6,1.0,49.6,0.55,0.38,0.1,-0.26,-0.22,-0.11,0.04,0.05,0.09,-0.2,9918.81,0.81,2026-08-30
994,2026-08-30 02:30:00+00:00,SOLUSDT,LONG,EXECUTED,LOW_RISK__LOW_QUAL__HIGH_PROFIT,None,TIME_CLOSE_EXIT,49.59,1.0,49.59,0.49,0.23,0.06,-0.12,0.0,0.0,0.04,0.05,0.09,-0.09,9918.73,0.81,2026-08-30
995,2026-08-30 02:45:00+00:00,SOLUSDT,SHORT,EXECUTED,LOW_RISK__LOW_QUAL__HIGH_PROFIT,None,TIME_CLOSE_EXIT,49.59,1.0,49.59,0.52,0.24,0.51,-0.24,-0.18,-0.09,0.04,0.05,0.09,-0.18,9918.55,0.81,2026-08-30
996,2026-08-30 03:45:00+00:00,BTCUSDT,LONG,EXECUTED,MED_RISK__LOW_QUAL__HIGH_PROFIT,None,STOP_LOSS_HIT,49.59,1.0,49.59,0.45,-0.03,0.1,0.0,0.03,0.01,0.04,0.05,0.09,-0.07,9918.47,0.82,2026-08-30
997,2026-08-30 04:30:00+00:00,ETHUSDT,SHORT,EXECUTED,LOW_RISK__HIGH_QUAL__HIGH_PROFIT,None,TIME_CLOSE_EXIT,148.78,1.0,148.78,0.35,0.28,0.07,-0.11,-0.13,-0.19,0.12,0.15,0.27,-0.46,9918.01,0.82,2026-08-30
998,2026-08-30 04:30:00+00:00,BTCUSDT,SHORT,EXECUTED,LOW_RISK__HIGH_QUAL__HIGH_PROFIT,None,TIME_CLOSE_EXIT,148.77,1.0,148.77,0.25,0.24,0.04,-0.13,-0.13,-0.19,0.12,0.15,0.27,-0.46,9917.55,0.82,2026-08-30
999,2026-08-30 06:30:00+00:00,DOGEUSDT,LONG,EXECUTED,MED_RISK__HIGH_QUAL__HIGH_PROFIT,None,TIME_CLOSE_EXIT,148.76,1.0,148.76,0.28,0.29,0.13,-0.08,-0.21,-0.31,0.12,0.15,0.27,-0.58,9916.97,0.83,2026-08-30
1000,2026-08-30 07:00:00+00:00,SOLUSDT,LONG,EXECUTED,LOW_RISK__LOW_QUAL__HIGH_PROFIT,None,TIME_CLOSE_EXIT,49.58,1.0,49.58,0.66,0.41,0.11,-0.11,-0.18,-0.09,0.04,0.05,0.09,-0.18,9916.79,0.83,2026-08-30
