trade_id,timestamp,symbol,direction,status,gate_combo_tag,rejection_reason,outcome,margin_allocated,leverage,notional_position,dynamic_tp_pct,dynamic_sl_pct,actual_mfe_pct,actual_mae_pct,gross_return_pct,gross_pnl,fees_paid,slippage_cost,friction_tax,net_pnl,account_equity,drawdown_pct,shadow_net_pnl,date_utc
1,2026-07-26 22:00:00+00:00,DOGEUSDT,LONG,EXECUTED,MED_RISK__HIGH_QUAL__LOW_PROFIT,None,TIME_CLOSE_EXIT,75.0,2.5,187.5,1.21,0.73,0.55,-0.46,-0.4,-0.75,0.0,0.0,0.0,-0.75,9999.25,0.01,,2026-07-26
2,2026-07-27 01:15:00+00:00,DOGEUSDT,SHORT,EXECUTED,MED_RISK__HIGH_QUAL__HIGH_PROFIT,None,TIME_CLOSE_EXIT,74.99,2.5,187.49,0.56,0.67,0.33,-0.22,-0.03,-0.06,0.0,0.0,0.0,-0.06,9999.19,0.01,,2026-07-27
3,2026-07-27 01:30:00+00:00,XRPUSDT,SHORT,EXECUTED,LOW_RISK__LOW_QUAL__LOW_PROFIT,None,TIME_CLOSE_EXIT,50.0,5.0,249.98,0.86,0.46,0.24,-0.13,-0.22,-0.55,0.0,0.0,0.0,-0.55,9998.64,0.01,,2026-07-27
4,2026-07-27 04:30:00+00:00,XRPUSDT,LONG,EXECUTED,MED_RISK__HIGH_QUAL__LOW_PROFIT,None,TIME_CLOSE_EXIT,74.99,2.5,187.47,0.85,0.33,0.01,-0.26,0.0,0.0,0.0,0.0,0.0,0.0,9998.64,0.01,,2026-07-27
5,2026-07-27 04:45:00+00:00,XRPUSDT,SHORT,EXECUTED,LOW_RISK__LOW_QUAL__LOW_PROFIT,None,TIME_CLOSE_EXIT,49.99,5.0,249.97,0.36,0.36,0.0,-0.25,0.0,0.0,0.0,0.0,0.0,0.0,9998.64,0.01,,2026-07-27
6,2026-07-27 05:00:00+00:00,XRPUSDT,LONG,EXECUTED,MED_RISK__HIGH_QUAL__LOW_PROFIT,None,TIME_CLOSE_EXIT,74.99,2.5,187.47,0.93,0.27,0.64,-0.19,-0.05,-0.09,0.0,0.0,0.0,-0.09,9998.55,0.01,,2026-07-27
7,2026-07-27 05:45:00+00:00,DOGEUSDT,LONG,EXECUTED,MED_RISK__HIGH_QUAL__LOW_PROFIT,None,TAKE_PROFIT_HIT,74.99,2.5,187.47,0.69,0.44,0.78,-0.41,0.69,1.3,0.0,0.0,0.0,1.3,9999.85,0.0,,2026-07-27
8,2026-07-27 07:45:00+00:00,BTCUSDT,SHORT,EXECUTED,LOW_RISK__HIGH_QUAL__LOW_PROFIT,None,TIME_CLOSE_EXIT,150.0,5.0,749.99,0.51,0.49,0.19,-0.16,-0.19,-1.42,0.0,0.0,0.0,-1.42,9998.42,0.02,,2026-07-27
9,2026-07-27 08:00:00+00:00,DOGEUSDT,SHORT,EXECUTED,HIGH_RISK__HIGH_QUAL__HIGH_PROFIT,None,TIME_CLOSE_EXIT,149.98,3.0,449.93,0.74,0.82,0.58,-0.39,-0.22,-0.99,0.0,0.0,0.0,-0.99,9997.43,0.03,,2026-07-27
10,2026-07-27 08:00:00+00:00,XRPUSDT,SHORT,EXECUTED,LOW_RISK__LOW_QUAL__LOW_PROFIT,None,TIME_CLOSE_EXIT,49.99,5.0,249.94,0.8,0.37,0.25,-0.13,-0.1,-0.25,0.0,0.0,0.0,-0.25,9997.18,0.03,,2026-07-27
11,2026-07-27 08:15:00+00:00,SOLUSDT,SHORT,EXECUTED,LOW_RISK__HIGH_QUAL__LOW_PROFIT,None,TIME_CLOSE_EXIT,149.96,5.0,749.79,0.44,0.56,0.34,-0.05,-0.25,-1.87,0.0,0.0,0.0,-1.87,9995.31,0.05,,2026-07-27
12,2026-07-27 10:30:00+00:00,SOLUSDT,LONG,EXECUTED,MED_RISK__HIGH_QUAL__HIGH_PROFIT,None,TIME_CLOSE_EXIT,74.96,2.5,187.41,1.62,0.46,1.11,-0.52,0.37,0.69,0.0,0.0,0.0,0.69,9996.0,0.04,,2026-07-27
13,2026-07-27 10:30:00+00:00,BTCUSDT,LONG,EXECUTED,MED_RISK__HIGH_QUAL__HIGH_PROFIT,None,TIME_CLOSE_EXIT,74.97,2.5,187.43,0.56,0.4,0.03,-0.12,-0.24,-0.45,0.0,0.0,0.0,-0.45,9995.55,0.04,,2026-07-27
14,2026-07-27 11:00:00+00:00,XRPUSDT,LONG,EXECUTED,MED_RISK__HIGH_QUAL__LOW_PROFIT,None,TIME_CLOSE_EXIT,74.97,2.5,187.42,0.45,0.32,0.01,-0.27,0.0,0.0,0.0,0.0,0.0,0.0,9995.55,0.04,,2026-07-27
15,2026-07-27 11:15:00+00:00,BTCUSDT,SHORT,EXECUTED,LOW_RISK__HIGH_QUAL__LOW_PROFIT,None,TAKE_PROFIT_HIT,149.93,5.0,749.67,0.41,0.43,0.45,-0.21,0.41,3.06,0.0,0.0,0.0,3.06,9998.61,0.01,,2026-07-27
16,2026-07-27 11:15:00+00:00,XRPUSDT,SHORT,EXECUTED,LOW_RISK__LOW_QUAL__LOW_PROFIT,None,TIME_CLOSE_EXIT,49.99,5.0,249.97,0.82,0.53,0.48,-0.5,-0.73,-1.82,0.0,0.0,0.0,-1.82,9996.79,0.03,,2026-07-27
17,2026-07-27 11:30:00+00:00,ETHUSDT,SHORT,EXECUTED,LOW_RISK__HIGH_QUAL__HIGH_PROFIT,None,TAKE_PROFIT_HIT,149.95,5.0,749.76,0.42,0.54,0.87,-0.23,0.42,3.13,0.0,0.0,0.0,3.13,9999.91,0.0,,2026-07-27
18,2026-07-27 12:45:00+00:00,DOGEUSDT,LONG,EXECUTED,HIGH_RISK__HIGH_QUAL__LOW_PROFIT,None,TIME_CLOSE_EXIT,37.5,1.0,37.5,0.41,0.96,0.12,-0.23,-0.34,-0.13,0.0,0.0,0.0,-0.13,9999.78,0.0,,2026-07-27
19,2026-07-27 13:15:00+00:00,DOGEUSDT,SHORT,EXECUTED,MED_RISK__HIGH_QUAL__HIGH_PROFIT,None,TIME_CLOSE_EXIT,75.0,2.5,187.5,1.34,0.56,0.04,-0.33,0.0,0.0,0.0,0.0,0.0,0.0,9999.78,0.0,,2026-07-27
20,2026-07-27 13:30:00+00:00,DOGEUSDT,LONG,EXECUTED,HIGH_RISK__HIGH_QUAL__LOW_PROFIT,None,TIME_CLOSE_EXIT,37.5,1.0,37.5,0.59,1.35,0.12,-1.04,-0.66,-0.25,0.0,0.0,0.0,-0.25,9999.54,0.0,,2026-07-27
21,2026-07-27 13:45:00+00:00,BTCUSDT,LONG,EXECUTED,MED_RISK__HIGH_QUAL__HIGH_PROFIT,None,TAKE_PROFIT_HIT,75.0,2.5,187.49,0.43,0.42,0.77,-0.05,0.43,0.81,0.0,0.0,0.0,0.81,10000.34,0.0,,2026-07-27
22,2026-07-27 13:45:00+00:00,XRPUSDT,LONG,EXECUTED,MED_RISK__HIGH_QUAL__LOW_PROFIT,None,TAKE_PROFIT_HIT,75.0,2.5,187.51,0.22,0.63,0.54,-0.1,0.22,0.41,0.0,0.0,0.0,0.41,10000.76,0.0,,2026-07-27
23,2026-07-27 14:00:00+00:00,ETHUSDT,LONG,EXECUTED,MED_RISK__LOW_QUAL__HIGH_PROFIT,None,TIME_CLOSE_EXIT,25.0,2.5,62.5,0.87,0.63,0.14,-0.41,0.0,0.0,0.0,0.0,0.0,0.0,10000.76,0.0,,2026-07-27
24,2026-07-27 14:15:00+00:00,ETHUSDT,SHORT,EXECUTED,MED_RISK__HIGH_QUAL__HIGH_PROFIT,None,TIME_CLOSE_EXIT,75.01,2.5,187.51,1.21,1.27,0.97,-1.43,-0.54,-1.01,0.0,0.0,0.0,-1.01,9999.74,0.01,,2026-07-27
25,2026-07-27 14:15:00+00:00,DOGEUSDT,SHORT,EXECUTED,HIGH_RISK__LOW_QUAL__HIGH_PROFIT,None,TIME_CLOSE_EXIT,12.5,1.0,12.5,1.78,1.34,1.36,-1.28,-0.17,-0.02,0.0,0.0,0.0,-0.02,9999.72,0.01,,2026-07-27
26,2026-07-27 14:15:00+00:00,XRPUSDT,SHORT,EXECUTED,MED_RISK__LOW_QUAL__LOW_PROFIT,None,TAKE_PROFIT_HIT,25.0,2.5,62.5,2.14,0.89,4.72,-0.99,2.14,1.34,0.0,0.0,0.0,1.34,10001.06,0.0,,2026-07-27
27,2026-07-27 14:15:00+00:00,BTCUSDT,SHORT,EXECUTED,LOW_RISK__HIGH_QUAL__LOW_PROFIT,None,TIME_CLOSE_EXIT,150.02,5.0,750.08,1.34,0.65,0.7,-0.81,-0.2,-1.5,0.0,0.0,0.0,-1.5,9999.56,0.01,,2026-07-27
28,2026-07-27 14:15:00+00:00,SOLUSDT,SHORT,EXECUTED,MED_RISK__HIGH_QUAL__LOW_PROFIT,None,TIME_CLOSE_EXIT,75.0,2.5,187.49,1.95,1.29,1.04,-1.56,-0.21,-0.39,0.0,0.0,0.0,-0.39,9999.17,0.02,,2026-07-27
29,2026-07-27 17:45:00+00:00,BTCUSDT,LONG,EXECUTED,MED_RISK__HIGH_QUAL__HIGH_PROFIT,None,TIME_CLOSE_EXIT,74.99,2.5,187.48,0.6,0.4,0.09,-0.41,-0.18,-0.34,0.0,0.0,0.0,-0.34,9998.83,0.02,,2026-07-27
30,2026-07-27 19:15:00+00:00,ETHUSDT,LONG,EXECUTED,MED_RISK__LOW_QUAL__HIGH_PROFIT,None,TIME_CLOSE_EXIT,25.0,2.5,62.49,1.14,0.68,0.24,-0.16,-0.45,-0.28,0.0,0.0,0.0,-0.28,9998.55,0.03,,2026-07-27
31,2026-07-27 20:00:00+00:00,SOLUSDT,LONG,EXECUTED,MED_RISK__HIGH_QUAL__HIGH_PROFIT,None,TAKE_PROFIT_HIT,74.99,2.5,187.47,0.29,0.58,0.32,-0.13,0.29,0.54,0.0,0.0,0.0,0.54,9999.09,0.02,,2026-07-27
32,2026-07-27 20:15:00+00:00,DOGEUSDT,LONG,EXECUTED,MED_RISK__HIGH_QUAL__LOW_PROFIT,None,TIME_CLOSE_EXIT,74.99,2.5,187.48,0.32,0.58,0.11,-0.39,-0.36,-0.67,0.0,0.0,0.0,-0.67,9998.41,0.03,,2026-07-27
33,2026-07-27 21:15:00+00:00,SOLUSDT,SHORT,EXECUTED,LOW_RISK__HIGH_QUAL__LOW_PROFIT,None,TAKE_PROFIT_HIT,149.98,5.0,749.88,2.19,0.53,3.6,-0.42,2.19,16.45,0.0,0.0,0.0,16.45,10014.86,0.0,,2026-07-27
34,2026-07-27 21:15:00+00:00,BTCUSDT,SHORT,EXECUTED,LOW_RISK__HIGH_QUAL__LOW_PROFIT,None,TAKE_PROFIT_HIT,150.22,5.0,751.11,1.27,0.27,2.73,-0.12,1.27,9.53,0.0,0.0,0.0,9.53,10024.39,0.0,,2026-07-27
35,2026-07-27 21:30:00+00:00,DOGEUSDT,SHORT,EXECUTED,MED_RISK__HIGH_QUAL__HIGH_PROFIT,None,TAKE_PROFIT_HIT,75.18,2.5,187.96,1.27,0.43,3.53,-0.13,1.27,2.39,0.0,0.0,0.0,2.39,10026.78,0.0,,2026-07-27
36,2026-07-27 22:00:00+00:00,ETHUSDT,SHORT,EXECUTED,LOW_RISK__HIGH_QUAL__HIGH_PROFIT,None,TAKE_PROFIT_HIT,150.4,5.0,752.01,2.32,0.47,3.72,-0.18,2.32,17.41,0.0,0.0,0.0,17.41,10044.19,0.0,,2026-07-27
37,2026-07-28 06:15:00+00:00,BTCUSDT,LONG,EXECUTED,MED_RISK__HIGH_QUAL__HIGH_PROFIT,None,TIME_CLOSE_EXIT,75.33,2.5,188.33,0.26,0.29,0.23,-0.15,-0.04,-0.08,0.0,0.0,0.0,-0.08,10044.11,0.0,,2026-07-28
38,2026-07-28 06:30:00+00:00,ETHUSDT,LONG,EXECUTED,MED_RISK__LOW_QUAL__HIGH_PROFIT,None,TIME_CLOSE_EXIT,25.11,2.5,62.78,0.48,0.51,0.16,-0.17,-0.12,-0.08,0.0,0.0,0.0,-0.08,10044.04,0.0,,2026-07-28
39,2026-07-28 06:45:00+00:00,DOGEUSDT,LONG,EXECUTED,HIGH_RISK__HIGH_QUAL__LOW_PROFIT,None,TIME_CLOSE_EXIT,37.67,1.0,37.67,0.49,0.81,0.14,-0.16,-0.37,-0.14,0.0,0.0,0.0,-0.14,10043.9,0.0,,2026-07-28
40,2026-07-28 08:00:00+00:00,ETHUSDT,SHORT,EXECUTED,LOW_RISK__HIGH_QUAL__HIGH_PROFIT,None,TIME_CLOSE_EXIT,150.66,5.0,753.29,0.77,0.41,0.0,-0.22,0.0,0.0,0.0,0.0,0.0,0.0,10043.9,0.0,,2026-07-28
41,2026-07-28 08:15:00+00:00,ETHUSDT,LONG,EXECUTED,MED_RISK__LOW_QUAL__HIGH_PROFIT,None,TIME_CLOSE_EXIT,25.11,2.5,62.77,0.51,0.4,0.06,-0.23,-0.01,-0.01,0.0,0.0,0.0,-0.01,10043.89,0.0,,2026-07-28
42,2026-07-28 08:45:00+00:00,BTCUSDT,SHORT,EXECUTED,LOW_RISK__HIGH_QUAL__LOW_PROFIT,None,TIME_CLOSE_EXIT,150.66,5.0,753.29,0.71,0.21,0.05,-0.13,-0.11,-0.83,0.0,0.0,0.0,-0.83,10043.07,0.01,,2026-07-28
43,2026-07-28 09:00:00+00:00,ETHUSDT,SHORT,EXECUTED,LOW_RISK__HIGH_QUAL__HIGH_PROFIT,None,TIME_CLOSE_EXIT,150.65,5.0,753.23,0.82,0.28,0.12,-0.12,0.0,0.0,0.0,0.0,0.0,0.0,10043.07,0.01,,2026-07-28
44,2026-07-28 09:15:00+00:00,ETHUSDT,LONG,EXECUTED,MED_RISK__LOW_QUAL__HIGH_PROFIT,None,TIME_CLOSE_EXIT,25.11,2.5,62.77,0.4,0.34,0.05,-0.08,0.0,0.0,0.0,0.0,0.0,0.0,10043.07,0.01,,2026-07-28
45,2026-07-28 09:15:00+00:00,SOLUSDT,LONG,EXECUTED,MED_RISK__HIGH_QUAL__HIGH_PROFIT,None,TIME_CLOSE_EXIT,75.32,2.5,188.31,0.44,0.42,0.11,-0.1,-0.07,-0.13,0.0,0.0,0.0,-0.13,10042.93,0.01,,2026-07-28
46,2026-07-28 09:15:00+00:00,DOGEUSDT,SHORT,EXECUTED,MED_RISK__HIGH_QUAL__HIGH_PROFIT,None,TIME_CLOSE_EXIT,75.32,2.5,188.31,0.53,0.37,0.07,-0.1,0.0,0.0,0.0,0.0,0.0,0.0,10042.93,0.01,,2026-07-28
47,2026-07-28 09:30:00+00:00,DOGEUSDT,LONG,EXECUTED,MED_RISK__HIGH_QUAL__LOW_PROFIT,None,TIME_CLOSE_EXIT,75.32,2.5,188.31,0.3,0.4,0.04,-0.19,0.0,0.0,0.0,0.0,0.0,0.0,10042.93,0.01,,2026-07-28
48,2026-07-28 09:30:00+00:00,ETHUSDT,SHORT,EXECUTED,LOW_RISK__HIGH_QUAL__HIGH_PROFIT,None,TIME_CLOSE_EXIT,150.64,5.0,753.22,0.69,0.29,0.56,-0.13,-0.04,-0.3,0.0,0.0,0.0,-0.3,10042.63,0.02,,2026-07-28
49,2026-07-28 09:30:00+00:00,BTCUSDT,LONG,EXECUTED,MED_RISK__HIGH_QUAL__HIGH_PROFIT,None,TIME_CLOSE_EXIT,75.32,2.5,188.3,0.22,0.25,0.1,-0.06,0.0,0.0,0.0,0.0,0.0,0.0,10042.63,0.02,,2026-07-28
50,2026-07-28 09:45:00+00:00,SOLUSDT,SHORT,EXECUTED,LOW_RISK__HIGH_QUAL__LOW_PROFIT,None,TIME_CLOSE_EXIT,150.64,5.0,753.2,1.27,0.42,0.51,-0.2,-0.08,-0.6,0.0,0.0,0.0,-0.6,10042.03,0.02,,2026-07-28
51,2026-07-28 09:45:00+00:00,BTCUSDT,SHORT,EXECUTED,LOW_RISK__HIGH_QUAL__LOW_PROFIT,None,TIME_CLOSE_EXIT,150.63,5.0,753.15,0.82,0.36,0.16,-0.26,-0.13,-0.98,0.0,0.0,0.0,-0.98,10041.05,0.03,,2026-07-28
52,2026-07-28 09:45:00+00:00,DOGEUSDT,SHORT,EXECUTED,MED_RISK__HIGH_QUAL__HIGH_PROFIT,None,TAKE_PROFIT_HIT,75.31,2.5,188.27,0.61,0.41,1.3,-0.29,0.61,1.16,0.0,0.0,0.0,1.16,10042.21,0.02,,2026-07-28
53,2026-07-28 12:45:00+00:00,ETHUSDT,LONG,EXECUTED,HIGH_RISK__LOW_QUAL__HIGH_PROFIT,None,TIME_CLOSE_EXIT,12.55,1.0,12.55,0.91,0.94,0.2,-0.56,-1.22,-0.15,0.0,0.0,0.0,-0.15,10042.05,0.02,,2026-07-28
54,2026-07-28 12:45:00+00:00,SOLUSDT,LONG,EXECUTED,MED_RISK__HIGH_QUAL__HIGH_PROFIT,None,TIME_CLOSE_EXIT,75.32,2.5,188.29,0.81,0.57,0.1,-0.2,-0.14,-0.26,0.0,0.0,0.0,-0.26,10041.79,0.02,,2026-07-28
55,2026-07-28 12:45:00+00:00,BTCUSDT,LONG,EXECUTED,MED_RISK__HIGH_QUAL__HIGH_PROFIT,None,TIME_CLOSE_EXIT,75.31,2.5,188.28,0.39,0.46,0.07,-0.18,-0.05,-0.09,0.0,0.0,0.0,-0.09,10041.7,0.02,,2026-07-28
56,2026-07-28 13:15:00+00:00,SOLUSDT,SHORT,EXECUTED,MED_RISK__HIGH_QUAL__LOW_PROFIT,None,TAKE_PROFIT_HIT,75.31,2.5,188.28,0.58,0.72,0.89,-0.42,0.58,1.1,0.0,0.0,0.0,1.1,10042.79,0.01,,2026-07-28
57,2026-07-28 13:15:00+00:00,BTCUSDT,SHORT,EXECUTED,LOW_RISK__HIGH_QUAL__LOW_PROFIT,None,TAKE_PROFIT_HIT,150.64,5.0,753.21,0.67,0.61,0.9,-0.33,0.67,5.03,0.0,0.0,0.0,5.03,10047.83,0.0,,2026-07-28
58,2026-07-28 13:45:00+00:00,ETHUSDT,SHORT,EXECUTED,MED_RISK__HIGH_QUAL__HIGH_PROFIT,None,TAKE_PROFIT_HIT,75.36,2.5,188.4,0.51,0.96,0.92,-0.11,0.51,0.97,0.0,0.0,0.0,0.97,10048.79,0.0,,2026-07-28
59,2026-07-28 14:45:00+00:00,ETHUSDT,LONG,EXECUTED,MED_RISK__LOW_QUAL__HIGH_PROFIT,None,TAKE_PROFIT_HIT,25.12,2.5,62.8,1.22,0.71,2.16,-0.24,1.22,0.76,0.0,0.0,0.0,0.76,10049.56,0.0,,2026-07-28
60,2026-07-28 15:00:00+00:00,XRPUSDT,LONG,EXECUTED,MED_RISK__HIGH_QUAL__LOW_PROFIT,None,TAKE_PROFIT_HIT,75.37,2.5,188.43,0.52,0.69,1.17,-0.32,0.52,0.98,0.0,0.0,0.0,0.98,10050.54,0.0,,2026-07-28
61,2026-07-28 15:00:00+00:00,SOLUSDT,LONG,EXECUTED,HIGH_RISK__HIGH_QUAL__HIGH_PROFIT,None,TAKE_PROFIT_HIT,150.76,3.0,452.27,0.98,1.15,1.22,-0.52,0.98,4.43,0.0,0.0,0.0,4.43,10054.96,0.0,,2026-07-28
62,2026-07-28 15:15:00+00:00,DOGEUSDT,LONG,EXECUTED,HIGH_RISK__HIGH_QUAL__LOW_PROFIT,None,TAKE_PROFIT_HIT,37.71,1.0,37.71,0.74,1.75,0.85,-1.06,0.74,0.28,0.0,0.0,0.0,0.28,10055.24,0.0,,2026-07-28
63,2026-07-28 15:15:00+00:00,BTCUSDT,LONG,EXECUTED,HIGH_RISK__HIGH_QUAL__HIGH_PROFIT,None,TIME_CLOSE_EXIT,150.83,3.0,452.49,0.65,0.94,0.54,-0.6,0.05,0.23,0.0,0.0,0.0,0.23,10055.47,0.0,,2026-07-28
64,2026-07-28 18:30:00+00:00,XRPUSDT,SHORT,EXECUTED,LOW_RISK__LOW_QUAL__LOW_PROFIT,None,TIME_CLOSE_EXIT,50.28,5.0,251.39,1.46,0.37,0.11,-0.15,-0.12,-0.3,0.0,0.0,0.0,-0.3,10055.17,0.0,,2026-07-28
65,2026-07-28 19:15:00+00:00,XRPUSDT,LONG,EXECUTED,MED_RISK__HIGH_QUAL__LOW_PROFIT,None,TAKE_PROFIT_HIT,75.41,2.5,188.53,0.22,0.53,3.26,-0.17,0.22,0.42,0.0,0.0,0.0,0.42,10055.58,0.0,,2026-07-28
66,2026-07-28 22:30:00+00:00,SOLUSDT,SHORT,EXECUTED,LOW_RISK__HIGH_QUAL__LOW_PROFIT,None,TAKE_PROFIT_HIT,150.83,5.0,754.17,1.37,0.54,1.41,-0.58,1.37,10.3,0.0,0.0,0.0,10.3,10065.88,0.0,,2026-07-28
67,2026-07-28 22:45:00+00:00,DOGEUSDT,SHORT,EXECUTED,HIGH_RISK__HIGH_QUAL__HIGH_PROFIT,None,TIME_CLOSE_EXIT,150.99,3.0,452.96,0.5,0.93,0.44,-0.5,-0.77,-3.49,0.0,0.0,0.0,-3.49,10062.39,0.03,,2026-07-28
68,2026-07-28 23:00:00+00:00,BTCUSDT,SHORT,EXECUTED,LOW_RISK__HIGH_QUAL__LOW_PROFIT,None,TIME_CLOSE_EXIT,150.94,5.0,754.68,0.88,0.45,0.1,-0.25,-0.45,-3.4,0.0,0.0,0.0,-3.4,10058.99,0.07,,2026-07-28
69,2026-07-28 23:00:00+00:00,ETHUSDT,SHORT,EXECUTED,LOW_RISK__HIGH_QUAL__HIGH_PROFIT,None,TIME_CLOSE_EXIT,150.88,5.0,754.42,0.64,0.71,0.23,-0.21,-0.51,-3.85,0.0,0.0,0.0,-3.85,10055.15,0.11,,2026-07-28
70,2026-07-28 23:45:00+00:00,ETHUSDT,LONG,EXECUTED,MED_RISK__LOW_QUAL__HIGH_PROFIT,None,TIME_CLOSE_EXIT,25.14,2.5,62.84,0.46,0.67,0.33,-0.29,-0.26,-0.16,0.0,0.0,0.0,-0.16,10054.98,0.11,,2026-07-28
71,2026-07-29 00:00:00+00:00,DOGEUSDT,LONG,EXECUTED,HIGH_RISK__HIGH_QUAL__LOW_PROFIT,None,TIME_CLOSE_EXIT,37.71,1.0,37.71,0.36,0.95,0.34,-0.14,-0.56,-0.21,0.0,0.0,0.0,-0.21,10054.77,0.11,,2026-07-29
72,2026-07-29 00:00:00+00:00,BTCUSDT,LONG,EXECUTED,MED_RISK__HIGH_QUAL__HIGH_PROFIT,None,TIME_CLOSE_EXIT,75.41,2.5,188.53,0.39,0.48,0.28,-0.16,-0.32,-0.6,0.0,0.0,0.0,-0.6,10054.17,0.12,,2026-07-29
73,2026-07-29 01:00:00+00:00,ETHUSDT,SHORT,EXECUTED,LOW_RISK__HIGH_QUAL__HIGH_PROFIT,None,TAKE_PROFIT_HIT,150.81,5.0,754.06,1.18,0.53,1.36,-0.48,1.18,8.89,0.0,0.0,0.0,8.89,10063.06,0.03,,2026-07-29
74,2026-07-29 01:45:00+00:00,BTCUSDT,SHORT,EXECUTED,LOW_RISK__HIGH_QUAL__LOW_PROFIT,None,TIME_CLOSE_EXIT,150.95,5.0,754.73,0.81,0.38,0.07,-0.26,-0.2,-1.51,0.0,0.0,0.0,-1.51,10061.55,0.04,,2026-07-29
75,2026-07-29 01:45:00+00:00,DOGEUSDT,SHORT,EXECUTED,HIGH_RISK__HIGH_QUAL__HIGH_PROFIT,None,TIME_CLOSE_EXIT,150.92,3.0,452.77,0.8,0.72,0.23,-0.26,-0.67,-3.03,0.0,0.0,0.0,-3.03,10058.52,0.07,,2026-07-29
76,2026-07-29 02:15:00+00:00,BTCUSDT,LONG,EXECUTED,MED_RISK__HIGH_QUAL__HIGH_PROFIT,None,TIME_CLOSE_EXIT,75.44,2.5,188.6,0.42,0.45,0.17,-0.53,-0.35,-0.66,0.0,0.0,0.0,-0.66,10057.86,0.08,,2026-07-29
77,2026-07-29 02:30:00+00:00,DOGEUSDT,LONG,EXECUTED,MED_RISK__HIGH_QUAL__LOW_PROFIT,None,TIME_CLOSE_EXIT,75.43,2.5,188.58,0.36,0.55,0.17,-0.2,-0.18,-0.34,0.0,0.0,0.0,-0.34,10057.52,0.08,,2026-07-29
78,2026-07-29 03:15:00+00:00,DOGEUSDT,SHORT,EXECUTED,MED_RISK__HIGH_QUAL__HIGH_PROFIT,None,TAKE_PROFIT_HIT,75.43,2.5,188.58,0.79,0.54,0.88,-0.41,0.79,1.5,0.0,0.0,0.0,1.5,10059.02,0.07,,2026-07-29
79,2026-07-29 03:30:00+00:00,BTCUSDT,SHORT,EXECUTED,LOW_RISK__HIGH_QUAL__LOW_PROFIT,None,TIME_CLOSE_EXIT,150.89,5.0,754.43,0.75,0.32,0.28,-0.15,-0.3,-2.26,0.0,0.0,0.0,-2.26,10056.75,0.09,,2026-07-29
80,2026-07-29 05:00:00+00:00,BTCUSDT,LONG,EXECUTED,MED_RISK__HIGH_QUAL__HIGH_PROFIT,None,TAKE_PROFIT_HIT,75.43,2.5,188.56,0.48,0.35,1.17,-0.17,0.48,0.91,0.0,0.0,0.0,0.91,10057.67,0.08,,2026-07-29
81,2026-07-29 05:45:00+00:00,ETHUSDT,LONG,EXECUTED,MED_RISK__LOW_QUAL__HIGH_PROFIT,None,TIME_CLOSE_EXIT,25.14,2.5,62.86,1.02,0.46,0.69,-0.19,0.2,0.13,0.0,0.0,0.0,0.13,10057.79,0.08,,2026-07-29
82,2026-07-29 05:45:00+00:00,SOLUSDT,LONG,EXECUTED,MED_RISK__HIGH_QUAL__HIGH_PROFIT,None,TIME_CLOSE_EXIT,75.43,2.5,188.58,0.99,0.56,0.88,-0.2,0.38,0.72,0.0,0.0,0.0,0.72,10058.51,0.07,,2026-07-29
83,2026-07-29 06:15:00+00:00,DOGEUSDT,LONG,EXECUTED,MED_RISK__HIGH_QUAL__LOW_PROFIT,None,TIME_CLOSE_EXIT,75.44,2.5,188.6,0.78,0.75,0.28,-0.55,-0.27,-0.51,0.0,0.0,0.0,-0.51,10058.0,0.08,,2026-07-29
84,2026-07-29 10:45:00+00:00,DOGEUSDT,SHORT,EXECUTED,MED_RISK__HIGH_QUAL__HIGH_PROFIT,None,TAKE_PROFIT_HIT,75.44,2.5,188.59,0.5,0.59,0.82,-0.26,0.5,0.94,0.0,0.0,0.0,0.94,10058.95,0.07,,2026-07-29
85,2026-07-29 11:15:00+00:00,ETHUSDT,SHORT,EXECUTED,LOW_RISK__HIGH_QUAL__HIGH_PROFIT,None,TAKE_PROFIT_HIT,150.88,5.0,754.42,0.73,0.46,1.38,-0.17,0.73,5.49,0.0,0.0,0.0,5.49,10064.43,0.01,,2026-07-29
86,2026-07-29 11:30:00+00:00,XRPUSDT,SHORT,EXECUTED,LOW_RISK__LOW_QUAL__LOW_PROFIT,None,TAKE_PROFIT_HIT,50.32,5.0,251.61,0.99,0.6,1.67,-0.17,0.99,2.5,0.0,0.0,0.0,2.5,10066.93,0.0,,2026-07-29
87,2026-07-29 12:00:00+00:00,SOLUSDT,SHORT,EXECUTED,LOW_RISK__HIGH_QUAL__LOW_PROFIT,None,TIME_CLOSE_EXIT,151.0,5.0,755.02,1.48,0.52,1.19,-0.23,0.54,4.08,0.0,0.0,0.0,4.08,10071.01,0.0,,2026-07-29
88,2026-07-29 12:30:00+00:00,BTCUSDT,SHORT,EXECUTED,LOW_RISK__HIGH_QUAL__LOW_PROFIT,None,TIME_CLOSE_EXIT,151.07,5.0,755.33,0.73,0.32,0.3,-0.08,-0.23,-1.74,0.0,0.0,0.0,-1.74,10069.27,0.02,,2026-07-29
89,2026-07-29 13:45:00+00:00,BTCUSDT,LONG,EXECUTED,HIGH_RISK__HIGH_QUAL__HIGH_PROFIT,None,TIME_CLOSE_EXIT,151.04,3.0,453.12,0.47,0.79,0.0,-0.54,0.0,0.0,0.0,0.0,0.0,0.0,10069.27,0.02,,2026-07-29
90,2026-07-29 14:00:00+00:00,BTCUSDT,SHORT,EXECUTED,LOW_RISK__HIGH_QUAL__LOW_PROFIT,None,TAKE_PROFIT_HIT,151.04,5.0,755.2,0.93,0.4,1.0,-0.71,0.93,7.03,0.0,0.0,0.0,7.03,10076.31,0.0,,2026-07-29
91,2026-07-29 17:45:00+00:00,ETHUSDT,LONG,EXECUTED,HIGH_RISK__LOW_QUAL__HIGH_PROFIT,None,TAKE_PROFIT_HIT,12.6,1.0,12.6,0.53,1.13,1.02,-0.82,0.53,0.07,0.0,0.0,0.0,0.07,10076.37,0.0,,2026-07-29
92,2026-07-29 17:45:00+00:00,DOGEUSDT,LONG,EXECUTED,HIGH_RISK__HIGH_QUAL__LOW_PROFIT,None,TAKE_PROFIT_HIT,37.79,1.0,37.79,0.51,0.87,0.75,-0.41,0.51,0.19,0.0,0.0,0.0,0.19,10076.57,0.0,,2026-07-29
93,2026-07-29 17:45:00+00:00,SOLUSDT,LONG,EXECUTED,HIGH_RISK__HIGH_QUAL__HIGH_PROFIT,None,TAKE_PROFIT_HIT,151.15,3.0,453.45,0.61,1.18,0.8,-0.81,0.61,2.76,0.0,0.0,0.0,2.76,10079.33,0.0,,2026-07-29
94,2026-07-29 17:45:00+00:00,XRPUSDT,LONG,EXECUTED,HIGH_RISK__HIGH_QUAL__LOW_PROFIT,None,TAKE_PROFIT_HIT,37.8,1.0,37.8,0.76,0.94,0.99,-0.6,0.76,0.29,0.0,0.0,0.0,0.29,10079.62,0.0,,2026-07-29
95,2026-07-29 18:30:00+00:00,BTCUSDT,LONG,EXECUTED,HIGH_RISK__HIGH_QUAL__HIGH_PROFIT,None,TIME_CLOSE_EXIT,151.19,3.0,453.58,0.63,0.96,0.36,-1.01,-0.58,-2.63,0.0,0.0,0.0,-2.63,10076.98,0.03,,2026-07-29
96,2026-07-29 19:30:00+00:00,BTCUSDT,SHORT,EXECUTED,LOW_RISK__HIGH_QUAL__LOW_PROFIT,None,TIME_CLOSE_EXIT,151.15,5.0,755.77,1.29,0.65,0.95,-0.38,-0.27,-2.04,0.0,0.0,0.0,-2.04,10074.94,0.05,,2026-07-29
97,2026-07-29 19:45:00+00:00,ETHUSDT,SHORT,EXECUTED,MED_RISK__HIGH_QUAL__HIGH_PROFIT,None,TIME_CLOSE_EXIT,75.56,2.5,188.91,1.23,1.21,0.88,-0.68,-1.01,-1.91,0.0,0.0,0.0,-1.91,10073.04,0.07,,2026-07-29
98,2026-07-29 19:45:00+00:00,SOLUSDT,SHORT,EXECUTED,MED_RISK__HIGH_QUAL__LOW_PROFIT,None,TIME_CLOSE_EXIT,75.55,2.5,188.87,2.0,1.18,0.6,-0.81,-1.18,-2.23,0.0,0.0,0.0,-2.23,10070.81,0.09,,2026-07-29
99,2026-07-29 19:45:00+00:00,DOGEUSDT,SHORT,EXECUTED,HIGH_RISK__LOW_QUAL__HIGH_PROFIT,None,TAKE_PROFIT_HIT,12.59,1.0,12.59,1.07,1.38,1.28,-0.59,1.07,0.13,0.0,0.0,0.0,0.13,10070.94,0.09,,2026-07-29
100,2026-07-29 20:00:00+00:00,XRPUSDT,SHORT,EXECUTED,MED_RISK__LOW_QUAL__LOW_PROFIT,None,TIME_CLOSE_EXIT,25.18,2.5,62.94,1.31,1.05,0.61,-0.2,-0.68,-0.43,0.0,0.0,0.0,-0.43,10070.51,0.09,,2026-07-29
101,2026-07-29 22:15:00+00:00,SOLUSDT,LONG,EXECUTED,HIGH_RISK__HIGH_QUAL__HIGH_PROFIT,None,TIME_CLOSE_EXIT,151.06,3.0,453.17,1.06,0.93,0.68,-0.76,-0.18,-0.82,0.0,0.0,0.0,-0.82,10069.7,0.1,,2026-07-29
102,2026-07-29 22:15:00+00:00,ETHUSDT,LONG,EXECUTED,HIGH_RISK__LOW_QUAL__HIGH_PROFIT,None,TIME_CLOSE_EXIT,12.59,1.0,12.59,0.95,0.84,0.7,-0.76,-0.11,-0.01,0.0,0.0,0.0,-0.01,10069.68,0.1,,2026-07-29
103,2026-07-29 22:30:00+00:00,XRPUSDT,LONG,EXECUTED,MED_RISK__HIGH_QUAL__LOW_PROFIT,None,TIME_CLOSE_EXIT,75.52,2.5,188.81,0.61,0.46,0.12,-0.14,-0.07,-0.13,0.0,0.0,0.0,-0.13,10069.55,0.1,,2026-07-29
104,2026-07-29 22:30:00+00:00,BTCUSDT,LONG,EXECUTED,MED_RISK__HIGH_QUAL__HIGH_PROFIT,None,TIME_CLOSE_EXIT,75.52,2.5,188.8,0.55,0.55,0.17,-0.18,-0.5,-0.94,0.0,0.0,0.0,-0.94,10068.61,0.11,,2026-07-29
105,2026-07-29 23:00:00+00:00,XRPUSDT,SHORT,EXECUTED,LOW_RISK__LOW_QUAL__LOW_PROFIT,None,TIME_CLOSE_EXIT,50.34,5.0,251.72,0.92,0.59,0.03,-0.3,-0.24,-0.6,0.0,0.0,0.0,-0.6,10068.0,0.12,,2026-07-29
106,2026-07-29 23:15:00+00:00,DOGEUSDT,LONG,EXECUTED,MED_RISK__HIGH_QUAL__LOW_PROFIT,None,TAKE_PROFIT_HIT,75.51,2.5,188.78,0.59,0.47,0.84,-0.38,0.59,1.11,0.0,0.0,0.0,1.11,10069.11,0.1,,2026-07-29
107,2026-07-30 00:00:00+00:00,XRPUSDT,LONG,EXECUTED,MED_RISK__HIGH_QUAL__LOW_PROFIT,None,TIME_CLOSE_EXIT,75.52,2.5,188.8,0.46,0.39,0.17,-0.22,-0.03,-0.06,0.0,0.0,0.0,-0.06,10069.06,0.1,,2026-07-30
108,2026-07-30 00:30:00+00:00,XRPUSDT,SHORT,EXECUTED,LOW_RISK__LOW_QUAL__LOW_PROFIT,None,TIME_CLOSE_EXIT,50.35,5.0,251.73,0.89,0.66,0.14,-0.47,-0.64,-1.61,0.0,0.0,0.0,-1.61,10067.45,0.12,,2026-07-30
109,2026-07-30 00:45:00+00:00,BTCUSDT,SHORT,EXECUTED,LOW_RISK__HIGH_QUAL__LOW_PROFIT,None,TIME_CLOSE_EXIT,151.01,5.0,755.06,0.6,0.5,0.15,-0.08,-0.57,-4.3,0.0,0.0,0.0,-4.3,10063.14,0.16,,2026-07-30
110,2026-07-30 01:45:00+00:00,XRPUSDT,LONG,EXECUTED,HIGH_RISK__HIGH_QUAL__LOW_PROFIT,None,TIME_CLOSE_EXIT,37.74,1.0,37.74,0.63,0.78,0.26,-0.17,-0.32,-0.12,0.0,0.0,0.0,-0.12,10063.02,0.16,,2026-07-30
111,2026-07-30 01:45:00+00:00,BTCUSDT,LONG,EXECUTED,MED_RISK__HIGH_QUAL__HIGH_PROFIT,None,TIME_CLOSE_EXIT,75.47,2.5,188.68,0.74,0.72,0.23,-0.35,-0.38,-0.72,0.0,0.0,0.0,-0.72,10062.31,0.17,,2026-07-30
112,2026-07-30 04:15:00+00:00,DOGEUSDT,SHORT,EXECUTED,MED_RISK__HIGH_QUAL__HIGH_PROFIT,None,TAKE_PROFIT_HIT,75.47,2.5,188.67,0.64,0.57,0.66,-0.19,0.64,1.21,0.0,0.0,0.0,1.21,10063.52,0.16,,2026-07-30
113,2026-07-30 04:30:00+00:00,SOLUSDT,SHORT,EXECUTED,LOW_RISK__HIGH_QUAL__LOW_PROFIT,None,TIME_CLOSE_EXIT,150.95,5.0,754.76,0.72,0.43,0.39,-0.37,-0.26,-1.96,0.0,0.0,0.0,-1.96,10061.56,0.18,,2026-07-30
114,2026-07-30 04:30:00+00:00,ETHUSDT,SHORT,EXECUTED,LOW_RISK__HIGH_QUAL__HIGH_PROFIT,None,TIME_CLOSE_EXIT,150.92,5.0,754.62,0.79,0.36,0.29,-0.24,0.02,0.15,0.0,0.0,0.0,0.15,10061.71,0.18,,2026-07-30
115,2026-07-30 04:45:00+00:00,XRPUSDT,SHORT,EXECUTED,LOW_RISK__LOW_QUAL__LOW_PROFIT,None,TIME_CLOSE_EXIT,50.31,5.0,251.54,0.66,0.26,0.17,-0.2,-0.02,-0.05,0.0,0.0,0.0,-0.05,10061.66,0.18,,2026-07-30
116,2026-07-30 05:00:00+00:00,BTCUSDT,SHORT,EXECUTED,LOW_RISK__HIGH_QUAL__LOW_PROFIT,None,TIME_CLOSE_EXIT,150.92,5.0,754.62,0.63,0.26,0.1,-0.1,-0.05,-0.38,0.0,0.0,0.0,-0.38,10061.28,0.18,,2026-07-30
117,2026-07-30 05:30:00+00:00,XRPUSDT,LONG,EXECUTED,MED_RISK__HIGH_QUAL__LOW_PROFIT,None,TIME_CLOSE_EXIT,75.46,2.5,188.65,0.38,0.37,0.07,-0.27,-0.22,-0.42,0.0,0.0,0.0,-0.42,10060.86,0.19,,2026-07-30
118,2026-07-30 06:45:00+00:00,XRPUSDT,SHORT,EXECUTED,LOW_RISK__LOW_QUAL__LOW_PROFIT,None,TIME_CLOSE_EXIT,50.3,5.0,251.52,0.65,0.34,0.14,-0.15,0.0,0.0,0.0,0.0,0.0,0.0,10060.86,0.19,,2026-07-30
119,2026-07-30 07:00:00+00:00,XRPUSDT,LONG,EXECUTED,MED_RISK__HIGH_QUAL__LOW_PROFIT,None,TAKE_PROFIT_HIT,75.46,2.5,188.64,0.45,0.37,1.72,-0.27,0.45,0.84,0.0,0.0,0.0,0.84,10061.71,0.18,,2026-07-30
120,2026-07-30 08:15:00+00:00,ETHUSDT,LONG,EXECUTED,HIGH_RISK__LOW_QUAL__HIGH_PROFIT,None,TAKE_PROFIT_HIT,12.58,1.0,12.58,0.89,0.82,1.18,-0.56,0.89,0.11,0.0,0.0,0.0,0.11,10061.82,0.18,,2026-07-30
121,2026-07-30 08:15:00+00:00,BTCUSDT,LONG,EXECUTED,MED_RISK__HIGH_QUAL__HIGH_PROFIT,None,TAKE_PROFIT_HIT,75.46,2.5,188.66,0.93,0.6,1.41,-0.45,0.93,1.76,0.0,0.0,0.0,1.76,10063.58,0.16,,2026-07-30
122,2026-07-30 08:45:00+00:00,SOLUSDT,LONG,EXECUTED,MED_RISK__HIGH_QUAL__HIGH_PROFIT,None,TAKE_PROFIT_HIT,75.48,2.5,188.69,1.05,0.52,1.59,-0.12,1.05,1.99,0.0,0.0,0.0,1.99,10065.57,0.14,,2026-07-30
123,2026-07-30 09:00:00+00:00,DOGEUSDT,LONG,EXECUTED,MED_RISK__HIGH_QUAL__LOW_PROFIT,None,TIME_CLOSE_EXIT,75.49,2.5,188.73,0.53,0.64,0.24,-0.19,-0.24,-0.45,0.0,0.0,0.0,-0.45,10065.12,0.14,,2026-07-30
124,2026-07-30 11:15:00+00:00,DOGEUSDT,SHORT,EXECUTED,MED_RISK__HIGH_QUAL__HIGH_PROFIT,None,TIME_CLOSE_EXIT,75.49,2.5,188.72,0.53,0.54,0.24,-0.14,-0.24,-0.45,0.0,0.0,0.0,-0.45,10064.66,0.15,,2026-07-30
125,2026-07-30 12:00:00+00:00,DOGEUSDT,LONG,EXECUTED,MED_RISK__HIGH_QUAL__LOW_PROFIT,None,TAKE_PROFIT_HIT,75.48,2.5,188.71,0.56,0.68,1.0,-0.58,0.56,1.06,0.0,0.0,0.0,1.06,10065.72,0.14,,2026-07-30
126,2026-07-30 15:00:00+00:00,ETHUSDT,SHORT,EXECUTED,LOW_RISK__HIGH_QUAL__HIGH_PROFIT,None,TIME_CLOSE_EXIT,150.99,5.0,754.93,0.69,0.57,0.12,-0.22,-0.27,-2.04,0.0,0.0,0.0,-2.04,10063.68,0.16,,2026-07-30
127,2026-07-30 17:30:00+00:00,ETHUSDT,LONG,EXECUTED,MED_RISK__LOW_QUAL__HIGH_PROFIT,None,TIME_CLOSE_EXIT,25.16,2.5,62.9,0.57,0.46,0.1,-0.24,-0.17,-0.11,0.0,0.0,0.0,-0.11,10063.58,0.16,,2026-07-30
128,2026-07-30 18:30:00+00:00,ETHUSDT,SHORT,EXECUTED,LOW_RISK__HIGH_QUAL__HIGH_PROFIT,None,TIME_CLOSE_EXIT,150.95,5.0,754.77,0.42,0.29,0.2,-0.12,-0.18,-1.36,0.0,0.0,0.0,-1.36,10062.22,0.17,,2026-07-30
129,2026-07-30 18:45:00+00:00,BTCUSDT,SHORT,EXECUTED,LOW_RISK__HIGH_QUAL__LOW_PROFIT,None,TIME_CLOSE_EXIT,150.93,5.0,754.67,0.38,0.35,0.02,-0.05,-0.21,-1.58,0.0,0.0,0.0,-1.58,10060.63,0.19,,2026-07-30
130,2026-07-30 19:00:00+00:00,XRPUSDT,SHORT,EXECUTED,LOW_RISK__LOW_QUAL__LOW_PROFIT,None,TIME_CLOSE_EXIT,50.3,5.0,251.52,0.46,0.49,0.13,-0.1,-0.27,-0.68,0.0,0.0,0.0,-0.68,10059.95,0.2,,2026-07-30
131,2026-07-30 19:15:00+00:00,ETHUSDT,LONG,EXECUTED,MED_RISK__LOW_QUAL__HIGH_PROFIT,None,TIME_CLOSE_EXIT,25.15,2.5,62.87,0.64,0.69,0.15,-0.29,-0.25,-0.16,0.0,0.0,0.0,-0.16,10059.8,0.2,,2026-07-30
132,2026-07-30 19:15:00+00:00,BTCUSDT,LONG,EXECUTED,MED_RISK__HIGH_QUAL__HIGH_PROFIT,None,TIME_CLOSE_EXIT,75.45,2.5,188.62,0.33,0.29,0.07,-0.16,-0.15,-0.28,0.0,0.0,0.0,-0.28,10059.51,0.2,,2026-07-30
133,2026-07-30 19:45:00+00:00,XRPUSDT,LONG,EXECUTED,MED_RISK__HIGH_QUAL__LOW_PROFIT,None,TIME_CLOSE_EXIT,75.45,2.5,188.62,0.58,0.45,0.22,-0.17,-0.14,-0.26,0.0,0.0,0.0,-0.26,10059.25,0.2,,2026-07-30
134,2026-07-30 20:15:00+00:00,BTCUSDT,SHORT,EXECUTED,LOW_RISK__HIGH_QUAL__LOW_PROFIT,None,TIME_CLOSE_EXIT,150.89,5.0,754.44,0.29,0.12,0.05,-0.12,0.0,0.0,0.0,0.0,0.0,0.0,10059.25,0.2,,2026-07-30
135,2026-07-30 20:15:00+00:00,XRPUSDT,SHORT,EXECUTED,LOW_RISK__LOW_QUAL__LOW_PROFIT,None,TAKE_PROFIT_HIT,50.3,5.0,251.48,0.71,0.35,2.68,-0.35,0.71,1.78,0.0,0.0,0.0,1.78,10061.03,0.18,,2026-07-30
136,2026-07-30 20:30:00+00:00,BTCUSDT,LONG,EXECUTED,MED_RISK__HIGH_QUAL__HIGH_PROFIT,None,TIME_CLOSE_EXIT,75.46,2.5,188.64,0.22,0.26,0.02,-0.18,0.0,0.0,0.0,0.0,0.0,0.0,10061.03,0.18,,2026-07-30
137,2026-07-30 20:45:00+00:00,DOGEUSDT,SHORT,EXECUTED,MED_RISK__HIGH_QUAL__HIGH_PROFIT,None,TIME_CLOSE_EXIT,75.46,2.5,188.64,0.52,0.42,0.23,-0.26,-0.13,-0.25,0.0,0.0,0.0,-0.25,10060.78,0.19,,2026-07-30
138,2026-07-30 20:45:00+00:00,BTCUSDT,SHORT,EXECUTED,LOW_RISK__HIGH_QUAL__LOW_PROFIT,None,TIME_CLOSE_EXIT,150.91,5.0,754.56,0.31,0.14,0.12,-0.17,0.06,0.45,0.0,0.0,0.0,0.45,10061.23,0.18,,2026-07-30
139,2026-07-30 20:45:00+00:00,SOLUSDT,SHORT,EXECUTED,LOW_RISK__HIGH_QUAL__LOW_PROFIT,None,TIME_CLOSE_EXIT,150.92,5.0,754.59,0.67,0.38,0.12,-0.39,-0.28,-2.11,0.0,0.0,0.0,-2.11,10059.12,0.2,,2026-07-30
140,2026-07-30 21:45:00+00:00,ETHUSDT,SHORT,EXECUTED,LOW_RISK__HIGH_QUAL__HIGH_PROFIT,None,TIME_CLOSE_EXIT,150.89,5.0,754.43,0.52,0.35,0.08,-0.18,0.0,0.0,0.0,0.0,0.0,0.0,10059.12,0.2,,2026-07-30
141,2026-07-30 22:00:00+00:00,ETHUSDT,LONG,EXECUTED,MED_RISK__LOW_QUAL__HIGH_PROFIT,None,TAKE_PROFIT_HIT,25.15,2.5,62.87,0.35,0.56,0.58,-0.5,0.35,0.22,0.0,0.0,0.0,0.22,10059.34,0.2,,2026-07-30
142,2026-07-30 22:00:00+00:00,BTCUSDT,LONG,EXECUTED,MED_RISK__HIGH_QUAL__HIGH_PROFIT,None,TIME_CLOSE_EXIT,75.45,2.5,188.61,0.7,0.42,0.24,-0.4,-0.17,-0.32,0.0,0.0,0.0,-0.32,10059.02,0.2,,2026-07-30
143,2026-07-30 22:15:00+00:00,SOLUSDT,LONG,EXECUTED,MED_RISK__HIGH_QUAL__HIGH_PROFIT,None,TIME_CLOSE_EXIT,75.44,2.5,188.61,0.74,0.71,0.19,-0.25,-0.32,-0.6,0.0,0.0,0.0,-0.6,10058.41,0.21,,2026-07-30
144,2026-07-30 22:15:00+00:00,DOGEUSDT,LONG,EXECUTED,MED_RISK__HIGH_QUAL__LOW_PROFIT,None,TIME_CLOSE_EXIT,75.44,2.5,188.6,0.47,0.52,0.14,-0.41,-0.37,-0.7,0.0,0.0,0.0,-0.7,10057.72,0.22,,2026-07-30
145,2026-07-30 23:45:00+00:00,DOGEUSDT,SHORT,EXECUTED,MED_RISK__HIGH_QUAL__HIGH_PROFIT,None,TAKE_PROFIT_HIT,75.43,2.5,188.58,0.45,0.36,0.55,-0.23,0.45,0.86,0.0,0.0,0.0,0.86,10058.57,0.21,,2026-07-30
146,2026-07-31 00:00:00+00:00,ETHUSDT,SHORT,EXECUTED,LOW_RISK__HIGH_QUAL__HIGH_PROFIT,None,TIME_CLOSE_EXIT,150.88,5.0,754.39,0.85,0.41,0.23,-0.14,-0.6,-4.53,0.0,0.0,0.0,-4.53,10054.05,0.25,,2026-07-31
147,2026-07-31 00:15:00+00:00,BTCUSDT,SHORT,EXECUTED,LOW_RISK__HIGH_QUAL__LOW_PROFIT,None,TIME_CLOSE_EXIT,150.81,5.0,754.05,0.58,0.21,0.13,-0.07,0.08,0.6,0.0,0.0,0.0,0.6,10054.65,0.25,,2026-07-31
148,2026-07-31 00:15:00+00:00,SOLUSDT,SHORT,EXECUTED,LOW_RISK__HIGH_QUAL__LOW_PROFIT,None,TIME_CLOSE_EXIT,150.82,5.0,754.1,0.62,0.31,0.17,-0.11,0.09,0.68,0.0,0.0,0.0,0.68,10055.33,0.24,,2026-07-31
149,2026-07-31 01:00:00+00:00,SOLUSDT,LONG,EXECUTED,HIGH_RISK__HIGH_QUAL__HIGH_PROFIT,None,TIME_CLOSE_EXIT,150.83,3.0,452.49,0.74,1.1,0.09,-0.97,-1.09,-4.93,0.0,0.0,0.0,-4.93,10050.4,0.29,,2026-07-31
150,2026-07-31 01:00:00+00:00,BTCUSDT,LONG,EXECUTED,HIGH_RISK__HIGH_QUAL__HIGH_PROFIT,None,TIME_CLOSE_EXIT,150.76,3.0,452.27,0.57,0.85,0.34,-0.71,-0.56,-2.53,0.0,0.0,0.0,-2.53,10047.86,0.31,,2026-07-31
151,2026-07-31 01:15:00+00:00,ETHUSDT,LONG,EXECUTED,MED_RISK__LOW_QUAL__HIGH_PROFIT,None,TIME_CLOSE_EXIT,25.12,2.5,62.8,0.45,0.73,0.17,-0.23,0.0,0.0,0.0,0.0,0.0,0.0,10047.86,0.31,,2026-07-31
152,2026-07-31 01:15:00+00:00,DOGEUSDT,LONG,EXECUTED,MED_RISK__HIGH_QUAL__LOW_PROFIT,None,TIME_CLOSE_EXIT,75.36,2.5,188.4,0.26,0.66,0.07,-0.23,0.0,0.0,0.0,0.0,0.0,0.0,10047.86,0.31,,2026-07-31
153,2026-07-31 01:30:00+00:00,DOGEUSDT,SHORT,EXECUTED,MED_RISK__HIGH_QUAL__HIGH_PROFIT,None,TAKE_PROFIT_HIT,75.36,2.5,188.4,0.66,0.38,2.98,-0.4,0.66,1.24,0.0,0.0,0.0,1.24,10049.1,0.3,,2026-07-31
154,2026-07-31 01:30:00+00:00,ETHUSDT,SHORT,EXECUTED,LOW_RISK__HIGH_QUAL__HIGH_PROFIT,None,TAKE_PROFIT_HIT,150.74,5.0,753.68,0.98,0.35,3.68,-0.56,0.98,7.4,0.0,0.0,0.0,7.4,10056.51,0.23,,2026-07-31
155,2026-07-31 01:45:00+00:00,BTCUSDT,SHORT,EXECUTED,LOW_RISK__HIGH_QUAL__LOW_PROFIT,None,TAKE_PROFIT_HIT,150.85,5.0,754.24,0.9,0.66,3.25,-0.51,0.9,6.79,0.0,0.0,0.0,6.79,10063.3,0.16,,2026-07-31
156,2026-07-31 02:00:00+00:00,SOLUSDT,SHORT,EXECUTED,LOW_RISK__HIGH_QUAL__LOW_PROFIT,None,TIME_CLOSE_EXIT,150.95,5.0,754.75,0.88,0.62,0.85,-0.28,0.0,0.0,0.0,0.0,0.0,0.0,10063.3,0.16,,2026-07-31
157,2026-07-31 06:15:00+00:00,SOLUSDT,LONG,EXECUTED,MED_RISK__HIGH_QUAL__HIGH_PROFIT,None,TIME_CLOSE_EXIT,75.47,2.5,188.69,0.71,0.63,0.01,-0.21,0.0,0.0,0.0,0.0,0.0,0.0,10063.3,0.16,,2026-07-31
158,2026-07-31 06:30:00+00:00,SOLUSDT,SHORT,EXECUTED,LOW_RISK__HIGH_QUAL__LOW_PROFIT,None,TAKE_PROFIT_HIT,150.95,5.0,754.75,0.71,0.27,1.13,-0.55,0.71,5.33,0.0,0.0,0.0,5.33,10068.63,0.11,,2026-07-31
159,2026-07-31 13:15:00+00:00,SOLUSDT,LONG,EXECUTED,MED_RISK__HIGH_QUAL__HIGH_PROFIT,None,TIME_CLOSE_EXIT,75.51,2.5,188.79,0.38,0.65,0.01,-0.15,0.0,0.0,0.0,0.0,0.0,0.0,10068.63,0.11,,2026-07-31
160,2026-07-31 13:30:00+00:00,SOLUSDT,SHORT,EXECUTED,LOW_RISK__HIGH_QUAL__LOW_PROFIT,None,TIME_CLOSE_EXIT,151.03,5.0,755.15,1.94,0.55,0.82,-0.57,0.07,0.53,0.0,0.0,0.0,0.53,10069.16,0.1,,2026-07-31
161,2026-07-31 17:00:00+00:00,DOGEUSDT,LONG,EXECUTED,HIGH_RISK__HIGH_QUAL__LOW_PROFIT,None,TAKE_PROFIT_HIT,37.76,1.0,37.76,0.52,0.81,1.02,-0.11,0.52,0.2,0.0,0.0,0.0,0.2,10069.36,0.1,,2026-07-31
162,2026-07-31 17:30:00+00:00,XRPUSDT,LONG,EXECUTED,MED_RISK__HIGH_QUAL__LOW_PROFIT,None,TIME_CLOSE_EXIT,75.52,2.5,188.8,0.25,0.6,0.22,-0.04,-0.33,-0.62,0.0,0.0,0.0,-0.62,10068.74,0.11,,2026-07-31
163,2026-07-31 17:45:00+00:00,ETHUSDT,LONG,EXECUTED,MED_RISK__LOW_QUAL__HIGH_PROFIT,None,TIME_CLOSE_EXIT,25.17,2.5,62.93,0.19,0.54,0.17,-0.08,-0.36,-0.23,0.0,0.0,0.0,-0.23,10068.51,0.11,,2026-07-31
164,2026-07-31 18:00:00+00:00,SOLUSDT,LONG,EXECUTED,MED_RISK__HIGH_QUAL__HIGH_PROFIT,None,TIME_CLOSE_EXIT,75.51,2.5,188.78,0.28,0.25,0.25,-0.03,0.0,0.0,0.0,0.0,0.0,0.0,10068.51,0.11,,2026-07-31
165,2026-07-31 18:15:00+00:00,SOLUSDT,SHORT,EXECUTED,LOW_RISK__HIGH_QUAL__LOW_PROFIT,None,TIME_CLOSE_EXIT,151.03,5.0,755.14,1.54,0.26,0.89,-0.33,0.27,2.04,0.0,0.0,0.0,2.04,10070.55,0.09,,2026-07-31
166,2026-07-31 18:30:00+00:00,BTCUSDT,LONG,EXECUTED,MED_RISK__HIGH_QUAL__HIGH_PROFIT,None,TAKE_PROFIT_HIT,75.53,2.5,188.82,0.12,0.27,0.22,-0.11,0.12,0.23,0.0,0.0,0.0,0.23,10070.78,0.09,,2026-07-31
167,2026-07-31 19:00:00+00:00,XRPUSDT,SHORT,EXECUTED,LOW_RISK__LOW_QUAL__LOW_PROFIT,None,TIME_CLOSE_EXIT,50.35,5.0,251.77,1.16,0.44,0.35,-0.31,0.0,0.0,0.0,0.0,0.0,0.0,10070.78,0.09,,2026-07-31
168,2026-07-31 19:30:00+00:00,BTCUSDT,SHORT,EXECUTED,LOW_RISK__HIGH_QUAL__LOW_PROFIT,None,TIME_CLOSE_EXIT,151.06,5.0,755.31,0.58,0.2,0.25,-0.08,0.04,0.3,0.0,0.0,0.0,0.3,10071.08,0.08,,2026-07-31
169,2026-07-31 19:45:00+00:00,ETHUSDT,SHORT,EXECUTED,LOW_RISK__HIGH_QUAL__HIGH_PROFIT,None,TIME_CLOSE_EXIT,151.07,5.0,755.33,0.96,0.25,0.5,-0.14,0.12,0.91,0.0,0.0,0.0,0.91,10071.99,0.08,,2026-07-31
170,2026-07-31 20:45:00+00:00,DOGEUSDT,SHORT,EXECUTED,MED_RISK__HIGH_QUAL__HIGH_PROFIT,None,TIME_CLOSE_EXIT,75.54,2.5,188.85,0.78,0.66,0.12,-0.26,-0.35,-0.66,0.0,0.0,0.0,-0.66,10071.33,0.08,,2026-07-31
171,2026-07-31 22:15:00+00:00,DOGEUSDT,LONG,EXECUTED,MED_RISK__HIGH_QUAL__LOW_PROFIT,None,TIME_CLOSE_EXIT,75.53,2.5,188.84,0.24,0.38,0.0,-0.13,0.0,0.0,0.0,0.0,0.0,0.0,10071.33,0.08,,2026-07-31
172,2026-07-31 22:30:00+00:00,DOGEUSDT,SHORT,EXECUTED,MED_RISK__HIGH_QUAL__HIGH_PROFIT,None,TIME_CLOSE_EXIT,75.53,2.5,188.84,0.52,0.3,0.24,-0.16,0.09,0.17,0.0,0.0,0.0,0.17,10071.5,0.08,,2026-07-31
173,2026-08-01 00:30:00+00:00,DOGEUSDT,LONG,EXECUTED,MED_RISK__HIGH_QUAL__LOW_PROFIT,None,TAKE_PROFIT_HIT,75.54,2.5,188.84,0.37,0.56,0.56,-0.43,0.37,0.71,0.0,0.0,0.0,0.71,10072.21,0.07,,2026-08-01
174,2026-08-01 00:30:00+00:00,ETHUSDT,LONG,EXECUTED,LOW_RISK__LOW_QUAL__LOW_PROFIT,None,TIME_CLOSE_EXIT,50.36,5.0,251.81,0.29,0.15,0.26,-0.15,0.04,0.1,0.0,0.0,0.0,0.1,10072.31,0.07,,2026-08-01
175,2026-08-01 01:00:00+00:00,XRPUSDT,LONG,EXECUTED,MED_RISK__HIGH_QUAL__LOW_PROFIT,None,TAKE_PROFIT_HIT,75.54,2.5,188.86,0.2,0.3,0.26,-0.15,0.2,0.37,0.0,0.0,0.0,0.37,10072.68,0.07,,2026-08-01
176,2026-08-01 01:00:00+00:00,SOLUSDT,LONG,EXECUTED,MED_RISK__HIGH_QUAL__HIGH_PROFIT,None,TIME_CLOSE_EXIT,75.55,2.5,188.86,0.11,0.33,0.08,-0.16,-0.16,-0.3,0.0,0.0,0.0,-0.3,10072.38,0.07,,2026-08-01
177,2026-08-01 02:00:00+00:00,BTCUSDT,LONG,EXECUTED,MED_RISK__HIGH_QUAL__HIGH_PROFIT,None,TAKE_PROFIT_HIT,75.54,2.5,188.86,0.08,0.09,0.21,-0.08,0.08,0.15,0.0,0.0,0.0,0.15,10072.53,0.07,,2026-08-01
178,2026-08-01 03:15:00+00:00,SOLUSDT,SHORT,EXECUTED,LOW_RISK__HIGH_QUAL__LOW_PROFIT,None,TIME_CLOSE_EXIT,151.09,5.0,755.44,1.03,0.27,0.08,-0.11,-0.15,-1.13,0.0,0.0,0.0,-1.13,10071.39,0.08,,2026-08-01
179,2026-08-01 04:00:00+00:00,SOLUSDT,LONG,EXECUTED,MED_RISK__HIGH_QUAL__HIGH_PROFIT,None,TIME_CLOSE_EXIT,75.54,2.5,188.84,0.21,0.19,0.16,-0.1,-0.21,-0.4,0.0,0.0,0.0,-0.4,10071.0,0.09,,2026-08-01
180,2026-08-01 05:45:00+00:00,XRPUSDT,SHORT,EXECUTED,LOW_RISK__LOW_QUAL__LOW_PROFIT,None,TIME_CLOSE_EXIT,50.35,5.0,251.77,0.93,0.19,0.39,-0.11,0.07,0.18,0.0,0.0,0.0,0.18,10071.17,0.08,,2026-08-01
181,2026-08-01 05:45:00+00:00,SOLUSDT,SHORT,EXECUTED,LOW_RISK__HIGH_QUAL__LOW_PROFIT,None,TIME_CLOSE_EXIT,151.07,5.0,755.34,1.16,0.28,0.36,-0.25,0.0,0.0,0.0,0.0,0.0,0.0,10071.17,0.08,,2026-08-01
182,2026-08-01 06:30:00+00:00,DOGEUSDT,SHORT,EXECUTED,MED_RISK__HIGH_QUAL__HIGH_PROFIT,None,TAKE_PROFIT_HIT,75.53,2.5,188.83,0.44,0.34,0.57,-0.43,0.44,0.83,0.0,0.0,0.0,0.83,10072.01,0.08,,2026-08-01
183,2026-08-01 10:00:00+00:00,BTCUSDT,SHORT,EXECUTED,LOW_RISK__HIGH_QUAL__HIGH_PROFIT,None,TIME_CLOSE_EXIT,151.08,5.0,755.4,0.52,0.25,0.03,-0.17,-0.11,-0.83,0.0,0.0,0.0,-0.83,10071.18,0.08,,2026-08-01
184,2026-08-01 10:00:00+00:00,ETHUSDT,SHORT,EXECUTED,LOW_RISK__HIGH_QUAL__HIGH_PROFIT,None,TIME_CLOSE_EXIT,151.07,5.0,755.34,0.53,0.42,0.08,-0.24,-0.24,-1.81,0.0,0.0,0.0,-1.81,10069.36,0.1,,2026-08-01
185,2026-08-01 11:45:00+00:00,XRPUSDT,LONG,EXECUTED,MED_RISK__HIGH_QUAL__LOW_PROFIT,None,TIME_CLOSE_EXIT,75.52,2.5,188.8,0.25,0.25,0.24,-0.06,-0.08,-0.15,0.0,0.0,0.0,-0.15,10069.21,0.1,,2026-08-01
186,2026-08-01 12:00:00+00:00,BTCUSDT,LONG,EXECUTED,MED_RISK__HIGH_QUAL__HIGH_PROFIT,None,TIME_CLOSE_EXIT,75.52,2.5,188.8,0.17,0.1,0.04,-0.08,-0.06,-0.11,0.0,0.0,0.0,-0.11,10069.1,0.1,,2026-08-01
187,2026-08-01 13:00:00+00:00,DOGEUSDT,LONG,EXECUTED,MED_RISK__HIGH_QUAL__LOW_PROFIT,None,TIME_CLOSE_EXIT,75.52,2.5,188.8,0.53,0.59,0.23,-0.26,-0.29,-0.55,0.0,0.0,0.0,-0.55,10068.55,0.11,,2026-08-01
188,2026-08-01 13:00:00+00:00,ETHUSDT,LONG,EXECUTED,LOW_RISK__LOW_QUAL__LOW_PROFIT,None,TAKE_PROFIT_HIT,50.34,5.0,251.71,0.17,0.15,0.32,-0.1,0.17,0.43,0.0,0.0,0.0,0.43,10068.98,0.11,,2026-08-01
189,2026-08-01 13:00:00+00:00,SOLUSDT,LONG,EXECUTED,MED_RISK__HIGH_QUAL__HIGH_PROFIT,None,TIME_CLOSE_EXIT,75.52,2.5,188.79,0.17,0.29,0.1,-0.15,-0.19,-0.36,0.0,0.0,0.0,-0.36,10068.62,0.11,,2026-08-01
190,2026-08-01 15:30:00+00:00,SOLUSDT,SHORT,EXECUTED,LOW_RISK__HIGH_QUAL__LOW_PROFIT,None,TAKE_PROFIT_HIT,151.03,5.0,755.15,1.1,0.33,3.08,-0.16,1.1,8.32,0.0,0.0,0.0,8.32,10076.94,0.03,,2026-08-01
191,2026-08-01 15:30:00+00:00,BTCUSDT,SHORT,EXECUTED,LOW_RISK__HIGH_QUAL__HIGH_PROFIT,None,TAKE_PROFIT_HIT,151.15,5.0,755.77,0.41,0.14,1.23,-0.02,0.41,3.11,0.0,0.0,0.0,3.11,10080.05,0.0,,2026-08-01
192,2026-08-01 16:00:00+00:00,XRPUSDT,SHORT,EXECUTED,LOW_RISK__LOW_QUAL__LOW_PROFIT,None,TAKE_PROFIT_HIT,50.4,5.0,252.0,1.45,0.21,1.47,-0.16,1.45,3.66,0.0,0.0,0.0,3.66,10083.71,0.0,,2026-08-01
193,2026-08-01 16:45:00+00:00,ETHUSDT,SHORT,EXECUTED,LOW_RISK__HIGH_QUAL__HIGH_PROFIT,None,TAKE_PROFIT_HIT,151.26,5.0,756.28,0.67,0.09,2.5,-0.08,0.67,5.09,0.0,0.0,0.0,5.09,10088.8,0.0,,2026-08-01
194,2026-08-01 17:15:00+00:00,DOGEUSDT,SHORT,EXECUTED,MED_RISK__HIGH_QUAL__HIGH_PROFIT,None,TAKE_PROFIT_HIT,75.67,2.5,189.16,1.23,0.53,3.05,-0.19,1.23,2.32,0.0,0.0,0.0,2.32,10091.12,0.0,,2026-08-01
195,2026-08-01 21:30:00+00:00,XRPUSDT,LONG,EXECUTED,MED_RISK__HIGH_QUAL__LOW_PROFIT,None,TAKE_PROFIT_HIT,75.68,2.5,189.21,0.36,0.61,2.38,-0.24,0.36,0.68,0.0,0.0,0.0,0.68,10091.79,0.0,,2026-08-01
196,2026-08-01 21:30:00+00:00,BTCUSDT,LONG,EXECUTED,MED_RISK__HIGH_QUAL__HIGH_PROFIT,None,TAKE_PROFIT_HIT,75.69,2.5,189.22,0.24,0.35,1.33,-0.05,0.24,0.46,0.0,0.0,0.0,0.46,10092.25,0.0,,2026-08-01
197,2026-08-01 22:15:00+00:00,SOLUSDT,LONG,EXECUTED,MED_RISK__HIGH_QUAL__HIGH_PROFIT,None,TAKE_PROFIT_HIT,75.69,2.5,189.23,0.4,0.52,2.32,-0.24,0.4,0.76,0.0,0.0,0.0,0.76,10093.01,0.0,,2026-08-01
198,2026-08-01 22:30:00+00:00,DOGEUSDT,LONG,EXECUTED,MED_RISK__HIGH_QUAL__LOW_PROFIT,None,TIME_CLOSE_EXIT,75.7,2.5,189.24,0.37,0.22,0.07,-0.09,0.0,0.0,0.0,0.0,0.0,0.0,10093.01,0.0,,2026-08-01
199,2026-08-01 23:00:00+00:00,DOGEUSDT,LONG,EXECUTED,MED_RISK__HIGH_QUAL__LOW_PROFIT,None,TAKE_PROFIT_HIT,75.7,2.5,189.24,0.56,0.46,2.04,-0.25,0.56,1.06,0.0,0.0,0.0,1.06,10094.07,0.0,,2026-08-01
200,2026-08-01 23:00:00+00:00,ETHUSDT,LONG,EXECUTED,LOW_RISK__LOW_QUAL__HIGH_PROFIT,None,TIME_CLOSE_EXIT,50.47,5.0,252.35,0.32,0.14,0.14,-0.01,0.0,0.0,0.0,0.0,0.0,0.0,10094.07,0.0,,2026-08-01
201,2026-08-01 23:15:00+00:00,ETHUSDT,SHORT,EXECUTED,LOW_RISK__HIGH_QUAL__HIGH_PROFIT,None,TIME_CLOSE_EXIT,151.41,5.0,757.06,0.57,0.22,0.02,-0.15,-0.07,-0.53,0.0,0.0,0.0,-0.53,10093.54,0.01,,2026-08-01
202,2026-08-02 00:00:00+00:00,ETHUSDT,LONG,EXECUTED,LOW_RISK__LOW_QUAL__HIGH_PROFIT,None,TAKE_PROFIT_HIT,50.47,5.0,252.34,1.2,0.12,2.0,-0.22,1.2,3.03,0.0,0.0,0.0,3.03,10096.58,0.0,,2026-08-02
203,2026-08-02 08:30:00+00:00,BTCUSDT,SHORT,EXECUTED,LOW_RISK__HIGH_QUAL__LOW_PROFIT,None,TIME_CLOSE_EXIT,151.45,5.0,757.24,0.73,0.35,0.39,-0.26,0.01,0.08,0.0,0.0,0.0,0.08,10096.65,0.0,,2026-08-02
204,2026-08-02 08:30:00+00:00,ETHUSDT,SHORT,EXECUTED,LOW_RISK__HIGH_QUAL__HIGH_PROFIT,None,TAKE_PROFIT_HIT,151.45,5.0,757.25,0.87,0.59,1.07,-0.21,0.87,6.56,0.0,0.0,0.0,6.56,10103.21,0.0,,2026-08-02
205,2026-08-02 08:45:00+00:00,DOGEUSDT,SHORT,EXECUTED,MED_RISK__HIGH_QUAL__HIGH_PROFIT,None,TIME_CLOSE_EXIT,75.77,2.5,189.44,0.67,0.49,0.24,-0.19,-0.29,-0.55,0.0,0.0,0.0,-0.55,10102.66,0.01,,2026-08-02
206,2026-08-02 08:45:00+00:00,SOLUSDT,SHORT,EXECUTED,LOW_RISK__HIGH_QUAL__LOW_PROFIT,None,TIME_CLOSE_EXIT,151.54,5.0,757.7,1.13,0.44,0.66,-0.34,-0.04,-0.3,0.0,0.0,0.0,-0.3,10102.36,0.01,,2026-08-02
207,2026-08-02 10:30:00+00:00,XRPUSDT,SHORT,EXECUTED,LOW_RISK__LOW_QUAL__LOW_PROFIT,None,TIME_CLOSE_EXIT,50.51,5.0,252.56,0.42,0.29,0.31,-0.18,-0.03,-0.08,0.0,0.0,0.0,-0.08,10102.28,0.01,,2026-08-02
208,2026-08-02 13:30:00+00:00,DOGEUSDT,LONG,EXECUTED,MED_RISK__HIGH_QUAL__LOW_PROFIT,None,TAKE_PROFIT_HIT,75.77,2.5,189.42,0.52,0.22,1.94,-0.1,0.52,0.98,0.0,0.0,0.0,0.98,10103.27,0.0,,2026-08-02
209,2026-08-02 14:15:00+00:00,XRPUSDT,LONG,EXECUTED,MED_RISK__HIGH_QUAL__LOW_PROFIT,None,TIME_CLOSE_EXIT,75.77,2.5,189.44,0.54,0.38,0.07,-0.13,-0.21,-0.4,0.0,0.0,0.0,-0.4,10102.87,0.0,,2026-08-02
210,2026-08-02 15:15:00+00:00,SOLUSDT,LONG,EXECUTED,MED_RISK__HIGH_QUAL__HIGH_PROFIT,None,TIME_CLOSE_EXIT,75.77,2.5,189.43,0.72,0.19,0.11,-0.01,0.0,0.0,0.0,0.0,0.0,0.0,10102.87,0.0,,2026-08-02
211,2026-08-02 15:30:00+00:00,SOLUSDT,SHORT,EXECUTED,LOW_RISK__HIGH_QUAL__LOW_PROFIT,None,TIME_CLOSE_EXIT,151.54,5.0,757.72,0.54,0.28,0.22,-0.16,-0.21,-1.59,0.0,0.0,0.0,-1.59,10101.28,0.02,,2026-08-02
212,2026-08-02 16:00:00+00:00,XRPUSDT,SHORT,EXECUTED,LOW_RISK__LOW_QUAL__LOW_PROFIT,None,TIME_CLOSE_EXIT,50.51,5.0,252.53,0.45,0.5,0.07,-0.19,-0.28,-0.71,0.0,0.0,0.0,-0.71,10100.57,0.03,,2026-08-02
213,2026-08-02 16:30:00+00:00,ETHUSDT,LONG,EXECUTED,LOW_RISK__LOW_QUAL__HIGH_PROFIT,None,TAKE_PROFIT_HIT,50.5,5.0,252.51,0.87,0.43,1.8,-0.35,0.87,2.2,0.0,0.0,0.0,2.2,10102.77,0.0,,2026-08-02
214,2026-08-02 16:45:00+00:00,BTCUSDT,LONG,EXECUTED,MED_RISK__HIGH_QUAL__HIGH_PROFIT,None,TAKE_PROFIT_HIT,75.77,2.5,189.43,0.32,0.12,0.97,-0.04,0.32,0.6,0.0,0.0,0.0,0.6,10103.37,0.0,,2026-08-02
215,2026-08-02 16:45:00+00:00,SOLUSDT,LONG,EXECUTED,MED_RISK__HIGH_QUAL__HIGH_PROFIT,None,TIME_CLOSE_EXIT,75.78,2.5,189.44,2.08,0.22,1.63,-0.07,0.57,1.08,0.0,0.0,0.0,1.08,10104.45,0.0,,2026-08-02
216,2026-08-02 17:15:00+00:00,XRPUSDT,LONG,EXECUTED,MED_RISK__HIGH_QUAL__LOW_PROFIT,None,TIME_CLOSE_EXIT,75.78,2.5,189.46,0.58,0.25,0.46,-0.09,-0.01,-0.02,0.0,0.0,0.0,-0.02,10104.43,0.0,,2026-08-02
217,2026-08-02 20:15:00+00:00,XRPUSDT,SHORT,EXECUTED,LOW_RISK__LOW_QUAL__LOW_PROFIT,None,TIME_CLOSE_EXIT,50.52,5.0,252.61,0.31,0.29,0.02,-0.18,-0.09,-0.23,0.0,0.0,0.0,-0.23,10104.2,0.0,,2026-08-02
218,2026-08-02 21:00:00+00:00,XRPUSDT,LONG,EXECUTED,MED_RISK__HIGH_QUAL__LOW_PROFIT,None,TIME_CLOSE_EXIT,75.78,2.5,189.45,1.0,0.39,0.92,-0.18,0.06,0.11,0.0,0.0,0.0,0.11,10104.32,0.0,,2026-08-02
219,2026-08-02 23:45:00+00:00,SOLUSDT,SHORT,EXECUTED,LOW_RISK__HIGH_QUAL__LOW_PROFIT,None,TAKE_PROFIT_HIT,151.56,5.0,757.82,0.65,0.46,2.24,-0.05,0.65,4.96,0.0,0.0,0.0,4.96,10109.28,0.0,,2026-08-02
220,2026-08-03 00:15:00+00:00,ETHUSDT,SHORT,EXECUTED,LOW_RISK__HIGH_QUAL__HIGH_PROFIT,None,TAKE_PROFIT_HIT,151.64,5.0,758.2,1.41,0.56,2.43,-0.34,1.41,10.66,0.0,0.0,0.0,10.66,10119.94,0.0,,2026-08-03
221,2026-08-03 00:15:00+00:00,DOGEUSDT,SHORT,EXECUTED,HIGH_RISK__HIGH_QUAL__HIGH_PROFIT,None,TAKE_PROFIT_HIT,151.8,3.0,455.4,1.07,0.76,1.96,-0.43,1.07,4.86,0.0,0.0,0.0,4.86,10124.8,0.0,,2026-08-03
222,2026-08-03 00:15:00+00:00,XRPUSDT,SHORT,EXECUTED,LOW_RISK__LOW_QUAL__LOW_PROFIT,None,TAKE_PROFIT_HIT,50.62,5.0,253.12,1.1,0.36,1.76,-0.3,1.1,2.78,0.0,0.0,0.0,2.78,10127.58,0.0,,2026-08-03
223,2026-08-03 00:15:00+00:00,BTCUSDT,SHORT,EXECUTED,LOW_RISK__HIGH_QUAL__LOW_PROFIT,None,TAKE_PROFIT_HIT,151.91,5.0,759.57,1.01,0.34,1.52,-0.28,1.01,7.7,0.0,0.0,0.0,7.7,10135.28,0.0,,2026-08-03
224,2026-08-03 10:15:00+00:00,BTCUSDT,LONG,EXECUTED,MED_RISK__HIGH_QUAL__HIGH_PROFIT,None,TIME_CLOSE_EXIT,76.01,2.5,190.04,0.23,0.34,0.15,0.0,-0.07,-0.13,0.0,0.0,0.0,-0.13,10135.14,0.0,,2026-08-03
225,2026-08-03 10:30:00+00:00,DOGEUSDT,LONG,EXECUTED,MED_RISK__HIGH_QUAL__LOW_PROFIT,None,TIME_CLOSE_EXIT,76.01,2.5,190.03,0.35,0.39,0.04,-0.29,-0.07,-0.13,0.0,0.0,0.0,-0.13,10135.01,0.0,,2026-08-03
226,2026-08-03 10:45:00+00:00,XRPUSDT,LONG,EXECUTED,MED_RISK__HIGH_QUAL__LOW_PROFIT,None,TIME_CLOSE_EXIT,76.01,2.5,190.03,0.42,0.34,0.05,-0.14,-0.12,-0.23,0.0,0.0,0.0,-0.23,10134.78,0.0,,2026-08-03
227,2026-08-03 11:00:00+00:00,DOGEUSDT,SHORT,EXECUTED,MED_RISK__HIGH_QUAL__HIGH_PROFIT,None,TIME_CLOSE_EXIT,76.01,2.5,190.03,0.8,0.41,0.22,-0.35,-0.16,-0.3,0.0,0.0,0.0,-0.3,10134.48,0.01,,2026-08-03
228,2026-08-03 11:15:00+00:00,XRPUSDT,SHORT,EXECUTED,LOW_RISK__LOW_QUAL__LOW_PROFIT,None,TIME_CLOSE_EXIT,50.67,5.0,253.36,1.2,0.61,0.21,-0.3,-0.27,-0.68,0.0,0.0,0.0,-0.68,10133.79,0.01,,2026-08-03
229,2026-08-03 11:45:00+00:00,BTCUSDT,SHORT,EXECUTED,LOW_RISK__HIGH_QUAL__LOW_PROFIT,None,TIME_CLOSE_EXIT,152.01,5.0,760.03,0.82,0.37,0.18,-0.22,-0.22,-1.67,0.0,0.0,0.0,-1.67,10132.12,0.03,,2026-08-03
230,2026-08-03 12:30:00+00:00,DOGEUSDT,LONG,EXECUTED,MED_RISK__HIGH_QUAL__LOW_PROFIT,None,TAKE_PROFIT_HIT,75.99,2.5,189.98,0.73,0.31,1.44,-0.17,0.73,1.38,0.0,0.0,0.0,1.38,10133.5,0.02,,2026-08-03
231,2026-08-03 13:00:00+00:00,BTCUSDT,LONG,EXECUTED,MED_RISK__HIGH_QUAL__HIGH_PROFIT,None,TAKE_PROFIT_HIT,76.0,2.5,190.0,0.93,0.35,2.07,-0.35,0.93,1.76,0.0,0.0,0.0,1.76,10135.27,0.0,,2026-08-03
232,2026-08-03 13:30:00+00:00,SOLUSDT,LONG,EXECUTED,MED_RISK__HIGH_QUAL__HIGH_PROFIT,None,TAKE_PROFIT_HIT,76.01,2.5,190.04,1.65,0.66,2.02,-0.67,1.65,3.14,0.0,0.0,0.0,3.14,10138.4,0.0,,2026-08-03
233,2026-08-03 13:30:00+00:00,ETHUSDT,LONG,EXECUTED,MED_RISK__LOW_QUAL__HIGH_PROFIT,None,TAKE_PROFIT_HIT,25.35,2.5,63.37,0.9,0.59,1.46,-0.6,0.9,0.57,0.0,0.0,0.0,0.57,10138.98,0.0,,2026-08-03
234,2026-08-03 13:30:00+00:00,XRPUSDT,LONG,EXECUTED,MED_RISK__HIGH_QUAL__LOW_PROFIT,None,TAKE_PROFIT_HIT,76.04,2.5,190.11,1.05,0.58,1.5,-0.51,1.05,2.0,0.0,0.0,0.0,2.0,10140.98,0.0,,2026-08-03
235,2026-08-03 21:30:00+00:00,BTCUSDT,SHORT,EXECUTED,LOW_RISK__HIGH_QUAL__LOW_PROFIT,None,TIME_CLOSE_EXIT,152.11,5.0,760.57,0.58,0.4,0.56,-0.08,-0.2,-1.52,0.0,0.0,0.0,-1.52,10139.46,0.02,,2026-08-03
236,2026-08-03 21:45:00+00:00,ETHUSDT,SHORT,EXECUTED,LOW_RISK__HIGH_QUAL__HIGH_PROFIT,None,TIME_CLOSE_EXIT,152.09,5.0,760.46,0.89,0.5,0.82,-0.28,-0.22,-1.67,0.0,0.0,0.0,-1.67,10137.78,0.03,,2026-08-03
237,2026-08-03 22:00:00+00:00,SOLUSDT,SHORT,EXECUTED,LOW_RISK__HIGH_QUAL__LOW_PROFIT,None,TIME_CLOSE_EXIT,152.07,5.0,760.33,0.73,0.66,0.69,-0.24,-0.3,-2.28,0.0,0.0,0.0,-2.28,10135.5,0.05,,2026-08-03
238,2026-08-03 22:00:00+00:00,XRPUSDT,SHORT,EXECUTED,MED_RISK__LOW_QUAL__LOW_PROFIT,None,TIME_CLOSE_EXIT,25.34,2.5,63.35,0.94,0.74,0.56,-0.4,-0.03,-0.02,0.0,0.0,0.0,-0.02,10135.48,0.05,,2026-08-03
239,2026-08-03 22:15:00+00:00,DOGEUSDT,SHORT,EXECUTED,MED_RISK__HIGH_QUAL__HIGH_PROFIT,None,TAKE_PROFIT_HIT,76.02,2.5,190.04,0.43,0.45,0.48,-0.26,0.43,0.82,0.0,0.0,0.0,0.82,10136.3,0.05,,2026-08-03
240,2026-08-04 01:45:00+00:00,DOGEUSDT,LONG,EXECUTED,MED_RISK__HIGH_QUAL__LOW_PROFIT,None,TIME_CLOSE_EXIT,76.02,2.5,190.06,0.55,0.65,0.23,-0.37,-0.41,-0.78,0.0,0.0,0.0,-0.78,10135.52,0.05,,2026-08-04
241,2026-08-04 01:45:00+00:00,BTCUSDT,LONG,EXECUTED,MED_RISK__HIGH_QUAL__HIGH_PROFIT,None,TIME_CLOSE_EXIT,76.02,2.5,190.04,0.81,0.64,0.62,-0.31,-0.22,-0.42,0.0,0.0,0.0,-0.42,10135.11,0.06,,2026-08-04
242,2026-08-04 02:00:00+00:00,SOLUSDT,LONG,EXECUTED,MED_RISK__HIGH_QUAL__HIGH_PROFIT,None,TIME_CLOSE_EXIT,76.01,2.5,190.03,1.19,0.57,0.49,-0.12,-0.11,-0.21,0.0,0.0,0.0,-0.21,10134.9,0.06,,2026-08-04
243,2026-08-04 02:00:00+00:00,ETHUSDT,LONG,EXECUTED,MED_RISK__LOW_QUAL__HIGH_PROFIT,None,TAKE_PROFIT_HIT,25.34,2.5,63.34,0.69,0.53,0.91,-0.38,0.69,0.44,0.0,0.0,0.0,0.44,10135.34,0.06,,2026-08-04
244,2026-08-04 02:30:00+00:00,XRPUSDT,LONG,EXECUTED,MED_RISK__HIGH_QUAL__LOW_PROFIT,None,TIME_CLOSE_EXIT,76.02,2.5,190.04,0.61,0.53,0.28,-0.44,-0.29,-0.55,0.0,0.0,0.0,-0.55,10134.79,0.06,,2026-08-04
245,2026-08-04 05:15:00+00:00,DOGEUSDT,SHORT,EXECUTED,MED_RISK__HIGH_QUAL__HIGH_PROFIT,None,TAKE_PROFIT_HIT,76.01,2.5,190.03,0.25,0.29,0.37,-0.26,0.25,0.48,0.0,0.0,0.0,0.48,10135.26,0.06,,2026-08-04
246,2026-08-04 06:15:00+00:00,XRPUSDT,SHORT,EXECUTED,LOW_RISK__LOW_QUAL__LOW_PROFIT,None,TIME_CLOSE_EXIT,50.68,5.0,253.38,0.41,0.38,0.33,-0.19,-0.33,-0.84,0.0,0.0,0.0,-0.84,10134.43,0.06,,2026-08-04
247,2026-08-04 06:30:00+00:00,ETHUSDT,SHORT,EXECUTED,LOW_RISK__HIGH_QUAL__HIGH_PROFIT,None,TIME_CLOSE_EXIT,152.02,5.0,760.08,0.84,0.6,0.17,-0.5,-0.36,-2.74,0.0,0.0,0.0,-2.74,10131.69,0.09,,2026-08-04
248,2026-08-04 06:30:00+00:00,SOLUSDT,SHORT,EXECUTED,LOW_RISK__HIGH_QUAL__LOW_PROFIT,None,TIME_CLOSE_EXIT,151.98,5.0,759.88,0.63,0.61,0.46,-0.44,-0.22,-1.67,0.0,0.0,0.0,-1.67,10130.02,0.11,,2026-08-04
249,2026-08-04 06:45:00+00:00,BTCUSDT,SHORT,EXECUTED,LOW_RISK__HIGH_QUAL__LOW_PROFIT,None,TIME_CLOSE_EXIT,151.95,5.0,759.75,0.49,0.28,0.34,-0.15,-0.15,-1.14,0.0,0.0,0.0,-1.14,10128.88,0.12,,2026-08-04
250,2026-08-04 08:00:00+00:00,XRPUSDT,LONG,EXECUTED,MED_RISK__HIGH_QUAL__LOW_PROFIT,None,TIME_CLOSE_EXIT,75.97,2.5,189.92,0.56,0.28,0.24,-0.02,0.0,0.0,0.0,0.0,0.0,0.0,10128.88,0.12,,2026-08-04
251,2026-08-04 08:15:00+00:00,XRPUSDT,SHORT,EXECUTED,LOW_RISK__LOW_QUAL__LOW_PROFIT,None,TAKE_PROFIT_HIT,50.64,5.0,253.22,0.35,0.35,0.48,-0.15,0.35,0.89,0.0,0.0,0.0,0.89,10129.77,0.11,,2026-08-04
252,2026-08-04 10:45:00+00:00,DOGEUSDT,LONG,EXECUTED,MED_RISK__HIGH_QUAL__LOW_PROFIT,None,TIME_CLOSE_EXIT,75.97,2.5,189.93,0.76,0.62,0.48,-0.16,-0.3,-0.57,0.0,0.0,0.0,-0.57,10129.2,0.12,,2026-08-04
253,2026-08-04 10:45:00+00:00,ETHUSDT,LONG,EXECUTED,MED_RISK__LOW_QUAL__HIGH_PROFIT,None,TIME_CLOSE_EXIT,25.32,2.5,63.31,0.83,0.72,0.81,-0.23,0.35,0.22,0.0,0.0,0.0,0.22,10129.42,0.11,,2026-08-04
254,2026-08-04 11:00:00+00:00,BTCUSDT,LONG,EXECUTED,MED_RISK__HIGH_QUAL__HIGH_PROFIT,None,TAKE_PROFIT_HIT,75.97,2.5,189.93,0.54,0.41,1.26,-0.2,0.54,1.03,0.0,0.0,0.0,1.03,10130.45,0.1,,2026-08-04
255,2026-08-04 11:15:00+00:00,SOLUSDT,LONG,EXECUTED,MED_RISK__HIGH_QUAL__HIGH_PROFIT,None,TIME_CLOSE_EXIT,75.98,2.5,189.95,1.3,0.7,0.98,-0.54,0.68,1.29,0.0,0.0,0.0,1.29,10131.74,0.09,,2026-08-04
256,2026-08-04 11:30:00+00:00,XRPUSDT,LONG,EXECUTED,MED_RISK__HIGH_QUAL__LOW_PROFIT,None,TIME_CLOSE_EXIT,75.99,2.5,189.97,0.61,0.4,0.29,-0.2,0.1,0.19,0.0,0.0,0.0,0.19,10131.93,0.09,,2026-08-04
257,2026-08-04 13:45:00+00:00,XRPUSDT,SHORT,EXECUTED,LOW_RISK__LOW_QUAL__LOW_PROFIT,None,TIME_CLOSE_EXIT,50.66,5.0,253.3,0.78,0.65,0.1,-0.49,-0.4,-1.01,0.0,0.0,0.0,-1.01,10130.92,0.1,,2026-08-04
258,2026-08-04 14:00:00+00:00,DOGEUSDT,SHORT,EXECUTED,MED_RISK__HIGH_QUAL__HIGH_PROFIT,None,TIME_CLOSE_EXIT,75.98,2.5,189.95,0.64,0.65,0.41,-0.27,-0.41,-0.78,0.0,0.0,0.0,-0.78,10130.14,0.11,,2026-08-04
259,2026-08-04 14:45:00+00:00,XRPUSDT,LONG,EXECUTED,MED_RISK__HIGH_QUAL__LOW_PROFIT,None,TIME_CLOSE_EXIT,75.98,2.5,189.94,0.49,0.35,0.07,-0.11,0.0,0.0,0.0,0.0,0.0,0.0,10130.14,0.11,,2026-08-04
260,2026-08-04 15:00:00+00:00,XRPUSDT,SHORT,EXECUTED,LOW_RISK__LOW_QUAL__LOW_PROFIT,None,TIME_CLOSE_EXIT,50.65,5.0,253.25,0.47,0.34,0.21,-0.2,0.17,0.43,0.0,0.0,0.0,0.43,10130.57,0.1,,2026-08-04
261,2026-08-04 15:30:00+00:00,XRPUSDT,LONG,EXECUTED,MED_RISK__HIGH_QUAL__LOW_PROFIT,None,TIME_CLOSE_EXIT,75.98,2.5,189.95,0.49,0.41,0.33,-0.43,-0.22,-0.42,0.0,0.0,0.0,-0.42,10130.16,0.11,,2026-08-04
262,2026-08-04 16:45:00+00:00,XRPUSDT,SHORT,EXECUTED,LOW_RISK__LOW_QUAL__LOW_PROFIT,None,TIME_CLOSE_EXIT,50.65,5.0,253.25,0.36,0.44,0.09,-0.1,0.0,0.0,0.0,0.0,0.0,0.0,10130.16,0.11,,2026-08-04
263,2026-08-04 17:00:00+00:00,DOGEUSDT,LONG,EXECUTED,MED_RISK__HIGH_QUAL__LOW_PROFIT,None,TIME_CLOSE_EXIT,75.98,2.5,189.94,0.63,0.56,0.34,-0.33,-0.04,-0.08,0.0,0.0,0.0,-0.08,10130.08,0.11,,2026-08-04
264,2026-08-04 17:00:00+00:00,XRPUSDT,LONG,EXECUTED,MED_RISK__HIGH_QUAL__LOW_PROFIT,None,TIME_CLOSE_EXIT,75.98,2.5,189.94,0.48,0.35,0.17,-0.2,0.03,0.06,0.0,0.0,0.0,0.06,10130.14,0.11,,2026-08-04
265,2026-08-04 17:45:00+00:00,XRPUSDT,SHORT,EXECUTED,LOW_RISK__LOW_QUAL__LOW_PROFIT,None,TIME_CLOSE_EXIT,50.65,5.0,253.25,0.43,0.47,0.1,-0.3,0.0,0.0,0.0,0.0,0.0,0.0,10130.14,0.11,,2026-08-04
266,2026-08-04 18:00:00+00:00,XRPUSDT,LONG,EXECUTED,MED_RISK__HIGH_QUAL__LOW_PROFIT,None,TIME_CLOSE_EXIT,75.98,2.5,189.94,0.63,0.44,0.44,-0.4,-0.16,-0.3,0.0,0.0,0.0,-0.3,10129.83,0.11,,2026-08-04
267,2026-08-04 21:00:00+00:00,DOGEUSDT,SHORT,EXECUTED,MED_RISK__HIGH_QUAL__HIGH_PROFIT,None,TIME_CLOSE_EXIT,75.97,2.5,189.93,0.53,0.36,0.07,-0.21,-0.23,-0.44,0.0,0.0,0.0,-0.44,10129.4,0.11,,2026-08-04
268,2026-08-04 21:45:00+00:00,ETHUSDT,SHORT,EXECUTED,LOW_RISK__HIGH_QUAL__HIGH_PROFIT,None,TIME_CLOSE_EXIT,151.94,5.0,759.7,0.61,0.31,0.21,-0.09,-0.2,-1.52,0.0,0.0,0.0,-1.52,10127.88,0.13,,2026-08-04
269,2026-08-04 22:00:00+00:00,XRPUSDT,SHORT,EXECUTED,LOW_RISK__LOW_QUAL__LOW_PROFIT,None,TAKE_PROFIT_HIT,50.64,5.0,253.2,0.75,0.28,1.94,-0.29,0.75,1.9,0.0,0.0,0.0,1.9,10129.77,0.11,,2026-08-04
270,2026-08-04 22:30:00+00:00,ETHUSDT,LONG,EXECUTED,MED_RISK__LOW_QUAL__HIGH_PROFIT,None,TAKE_PROFIT_HIT,25.32,2.5,63.31,0.15,0.26,0.22,-0.09,0.15,0.1,0.0,0.0,0.0,0.1,10129.87,0.11,,2026-08-04
271,2026-08-04 23:00:00+00:00,DOGEUSDT,LONG,EXECUTED,MED_RISK__HIGH_QUAL__LOW_PROFIT,None,TIME_CLOSE_EXIT,75.97,2.5,189.94,0.42,0.6,0.04,-0.24,0.0,0.0,0.0,0.0,0.0,0.0,10129.87,0.11,,2026-08-04
272,2026-08-04 23:15:00+00:00,ETHUSDT,SHORT,EXECUTED,LOW_RISK__HIGH_QUAL__HIGH_PROFIT,None,TIME_CLOSE_EXIT,151.95,5.0,759.74,0.77,0.49,0.47,-0.6,-0.36,-2.74,0.0,0.0,0.0,-2.74,10127.14,0.14,,2026-08-04
273,2026-08-04 23:15:00+00:00,DOGEUSDT,SHORT,EXECUTED,MED_RISK__HIGH_QUAL__HIGH_PROFIT,None,TAKE_PROFIT_HIT,75.95,2.5,189.88,0.55,0.46,0.74,-0.44,0.55,1.05,0.0,0.0,0.0,1.05,10128.18,0.13,,2026-08-04
274,2026-08-04 23:15:00+00:00,SOLUSDT,SHORT,EXECUTED,LOW_RISK__HIGH_QUAL__LOW_PROFIT,None,TIME_CLOSE_EXIT,151.92,5.0,759.61,0.72,0.66,0.69,-0.54,-0.28,-2.13,0.0,0.0,0.0,-2.13,10126.05,0.15,,2026-08-04
275,2026-08-04 23:45:00+00:00,BTCUSDT,SHORT,EXECUTED,LOW_RISK__HIGH_QUAL__LOW_PROFIT,None,TIME_CLOSE_EXIT,151.89,5.0,759.45,0.4,0.41,0.24,-0.18,-0.35,-2.66,0.0,0.0,0.0,-2.66,10123.4,0.17,,2026-08-04
276,2026-08-05 02:00:00+00:00,SOLUSDT,LONG,EXECUTED,MED_RISK__HIGH_QUAL__HIGH_PROFIT,None,TIME_CLOSE_EXIT,75.93,2.5,189.81,1.12,0.75,0.35,-0.2,-0.59,-1.12,0.0,0.0,0.0,-1.12,10122.28,0.18,,2026-08-05
277,2026-08-05 02:00:00+00:00,BTCUSDT,LONG,EXECUTED,MED_RISK__HIGH_QUAL__HIGH_PROFIT,None,TIME_CLOSE_EXIT,75.92,2.5,189.79,1.06,0.57,0.07,-0.2,-0.5,-0.95,0.0,0.0,0.0,-0.95,10121.33,0.19,,2026-08-05
278,2026-08-05 02:15:00+00:00,ETHUSDT,LONG,EXECUTED,MED_RISK__LOW_QUAL__HIGH_PROFIT,None,TIME_CLOSE_EXIT,25.3,2.5,63.26,0.59,0.45,0.13,-0.1,-0.18,-0.11,0.0,0.0,0.0,-0.11,10121.21,0.19,,2026-08-05
279,2026-08-05 02:30:00+00:00,DOGEUSDT,LONG,EXECUTED,MED_RISK__HIGH_QUAL__LOW_PROFIT,None,TIME_CLOSE_EXIT,75.91,2.5,189.77,0.37,0.53,0.09,-0.24,-0.18,-0.34,0.0,0.0,0.0,-0.34,10120.87,0.2,,2026-08-05
280,2026-08-05 03:00:00+00:00,DOGEUSDT,SHORT,EXECUTED,MED_RISK__HIGH_QUAL__HIGH_PROFIT,None,TIME_CLOSE_EXIT,75.91,2.5,189.77,0.72,0.43,0.56,-0.46,0.1,0.19,0.0,0.0,0.0,0.19,10121.06,0.2,,2026-08-05
281,2026-08-05 03:15:00+00:00,ETHUSDT,SHORT,EXECUTED,LOW_RISK__HIGH_QUAL__HIGH_PROFIT,None,TIME_CLOSE_EXIT,151.82,5.0,759.08,0.75,0.47,0.07,-0.31,-0.37,-2.81,0.0,0.0,0.0,-2.81,10118.25,0.22,,2026-08-05
282,2026-08-05 03:45:00+00:00,BTCUSDT,SHORT,EXECUTED,LOW_RISK__HIGH_QUAL__LOW_PROFIT,None,TIME_CLOSE_EXIT,151.77,5.0,758.87,0.33,0.11,0.15,-0.03,0.01,0.08,0.0,0.0,0.0,0.08,10118.33,0.22,,2026-08-05
283,2026-08-05 03:45:00+00:00,SOLUSDT,SHORT,EXECUTED,LOW_RISK__HIGH_QUAL__LOW_PROFIT,None,TIME_CLOSE_EXIT,151.77,5.0,758.87,0.58,0.47,0.22,-0.05,-0.24,-1.82,0.0,0.0,0.0,-1.82,10116.51,0.24,,2026-08-05
284,2026-08-05 05:00:00+00:00,BTCUSDT,LONG,EXECUTED,MED_RISK__HIGH_QUAL__HIGH_PROFIT,None,TIME_CLOSE_EXIT,75.87,2.5,189.68,0.66,0.25,0.32,-0.24,-0.2,-0.38,0.0,0.0,0.0,-0.38,10116.13,0.25,,2026-08-05
285,2026-08-05 05:15:00+00:00,SOLUSDT,LONG,EXECUTED,MED_RISK__HIGH_QUAL__HIGH_PROFIT,None,TIME_CLOSE_EXIT,75.87,2.5,189.68,1.61,0.56,0.16,-0.35,-0.36,-0.68,0.0,0.0,0.0,-0.68,10115.45,0.25,,2026-08-05
286,2026-08-05 05:15:00+00:00,ETHUSDT,LONG,EXECUTED,LOW_RISK__LOW_QUAL__HIGH_PROFIT,None,TIME_CLOSE_EXIT,50.58,5.0,252.89,0.64,0.39,0.17,-0.16,-0.24,-0.61,0.0,0.0,0.0,-0.61,10114.84,0.26,,2026-08-05
287,2026-08-05 07:00:00+00:00,ETHUSDT,SHORT,EXECUTED,LOW_RISK__HIGH_QUAL__HIGH_PROFIT,None,TIME_CLOSE_EXIT,151.72,5.0,758.61,0.59,0.28,0.24,-0.13,-0.11,-0.83,0.0,0.0,0.0,-0.83,10114.0,0.27,,2026-08-05
288,2026-08-05 07:15:00+00:00,BTCUSDT,SHORT,EXECUTED,LOW_RISK__HIGH_QUAL__LOW_PROFIT,None,TIME_CLOSE_EXIT,151.71,5.0,758.55,0.44,0.41,0.12,-0.18,-0.21,-1.59,0.0,0.0,0.0,-1.59,10112.41,0.28,,2026-08-05
289,2026-08-05 07:15:00+00:00,SOLUSDT,SHORT,EXECUTED,LOW_RISK__HIGH_QUAL__LOW_PROFIT,None,TIME_CLOSE_EXIT,151.69,5.0,758.43,0.49,0.65,0.07,-0.24,-0.39,-2.96,0.0,0.0,0.0,-2.96,10109.45,0.31,,2026-08-05
290,2026-08-05 08:15:00+00:00,SOLUSDT,LONG,EXECUTED,MED_RISK__HIGH_QUAL__HIGH_PROFIT,None,TIME_CLOSE_EXIT,75.82,2.5,189.55,0.86,0.6,0.11,-0.26,-0.15,-0.28,0.0,0.0,0.0,-0.28,10109.17,0.31,,2026-08-05
291,2026-08-05 09:00:00+00:00,ETHUSDT,LONG,EXECUTED,LOW_RISK__LOW_QUAL__HIGH_PROFIT,None,TIME_CLOSE_EXIT,50.55,5.0,252.73,0.33,0.31,0.24,-0.14,-0.09,-0.23,0.0,0.0,0.0,-0.23,10108.94,0.32,,2026-08-05
292,2026-08-05 09:15:00+00:00,DOGEUSDT,LONG,EXECUTED,MED_RISK__HIGH_QUAL__LOW_PROFIT,None,TIME_CLOSE_EXIT,75.82,2.5,189.54,0.47,0.38,0.1,-0.04,-0.11,-0.21,0.0,0.0,0.0,-0.21,10108.73,0.32,,2026-08-05
293,2026-08-05 10:00:00+00:00,DOGEUSDT,SHORT,EXECUTED,MED_RISK__HIGH_QUAL__HIGH_PROFIT,None,TIME_CLOSE_EXIT,75.82,2.5,189.54,0.59,0.47,0.19,-0.24,-0.1,-0.19,0.0,0.0,0.0,-0.19,10108.54,0.32,,2026-08-05
294,2026-08-05 10:45:00+00:00,SOLUSDT,SHORT,EXECUTED,LOW_RISK__HIGH_QUAL__LOW_PROFIT,None,TIME_CLOSE_EXIT,151.63,5.0,758.14,0.63,0.53,0.16,-0.3,-0.6,-4.55,0.0,0.0,0.0,-4.55,10104.0,0.36,,2026-08-05
295,2026-08-05 11:15:00+00:00,ETHUSDT,SHORT,EXECUTED,LOW_RISK__HIGH_QUAL__HIGH_PROFIT,None,TIME_CLOSE_EXIT,151.56,5.0,757.8,0.54,0.26,0.07,-0.11,-0.19,-1.44,0.0,0.0,0.0,-1.44,10102.56,0.38,,2026-08-05
296,2026-08-05 12:00:00+00:00,DOGEUSDT,LONG,EXECUTED,MED_RISK__HIGH_QUAL__LOW_PROFIT,None,TAKE_PROFIT_HIT,75.77,2.5,189.42,0.35,0.48,0.5,-0.19,0.35,0.66,0.0,0.0,0.0,0.66,10103.22,0.37,,2026-08-05
297,2026-08-05 12:15:00+00:00,ETHUSDT,LONG,EXECUTED,MED_RISK__LOW_QUAL__HIGH_PROFIT,None,TAKE_PROFIT_HIT,25.26,2.5,63.15,0.65,1.17,2.4,-1.45,0.65,0.41,0.0,0.0,0.0,0.41,10103.63,0.37,,2026-08-05
298,2026-08-05 12:15:00+00:00,BTCUSDT,LONG,EXECUTED,HIGH_RISK__HIGH_QUAL__HIGH_PROFIT,None,TIME_CLOSE_EXIT,151.55,3.0,454.66,1.34,0.88,0.79,-0.99,0.34,1.55,0.0,0.0,0.0,1.55,10105.18,0.35,,2026-08-05
299,2026-08-05 12:30:00+00:00,SOLUSDT,LONG,EXECUTED,MED_RISK__HIGH_QUAL__HIGH_PROFIT,None,TIME_CLOSE_EXIT,75.79,2.5,189.47,1.42,0.65,0.24,-0.07,-0.35,-0.66,0.0,0.0,0.0,-0.66,10104.51,0.36,,2026-08-05
300,2026-08-05 13:15:00+00:00,SOLUSDT,SHORT,EXECUTED,LOW_RISK__HIGH_QUAL__LOW_PROFIT,None,TAKE_PROFIT_HIT,151.57,5.0,757.84,0.47,0.61,0.7,-0.16,0.47,3.53,0.0,0.0,0.0,3.53,10108.05,0.32,,2026-08-05
301,2026-08-05 13:30:00+00:00,DOGEUSDT,SHORT,EXECUTED,MED_RISK__HIGH_QUAL__HIGH_PROFIT,None,TIME_CLOSE_EXIT,75.81,2.5,189.53,0.86,0.61,0.55,-0.26,-0.26,-0.49,0.0,0.0,0.0,-0.49,10107.55,0.33,,2026-08-05
302,2026-08-05 14:00:00+00:00,DOGEUSDT,LONG,EXECUTED,MED_RISK__HIGH_QUAL__LOW_PROFIT,None,TIME_CLOSE_EXIT,75.81,2.5,189.52,0.35,0.51,0.06,-0.39,0.0,0.0,0.0,0.0,0.0,0.0,10107.55,0.33,,2026-08-05
303,2026-08-05 14:15:00+00:00,DOGEUSDT,SHORT,EXECUTED,MED_RISK__HIGH_QUAL__HIGH_PROFIT,None,TIME_CLOSE_EXIT,75.81,2.5,189.52,0.75,0.43,0.1,-0.36,-0.11,-0.21,0.0,0.0,0.0,-0.21,10107.34,0.33,,2026-08-05
304,2026-08-05 14:45:00+00:00,DOGEUSDT,LONG,EXECUTED,MED_RISK__HIGH_QUAL__LOW_PROFIT,None,TIME_CLOSE_EXIT,75.81,2.5,189.51,0.34,0.51,0.24,-0.24,-0.06,-0.11,0.0,0.0,0.0,-0.11,10107.23,0.33,,2026-08-05
305,2026-08-05 15:00:00+00:00,XRPUSDT,LONG,EXECUTED,MED_RISK__HIGH_QUAL__LOW_PROFIT,None,TAKE_PROFIT_HIT,75.8,2.5,189.51,0.27,0.46,0.28,-0.01,0.27,0.5,0.0,0.0,0.0,0.5,10107.73,0.33,,2026-08-05
306,2026-08-05 15:15:00+00:00,SOLUSDT,LONG,EXECUTED,MED_RISK__HIGH_QUAL__HIGH_PROFIT,None,TIME_CLOSE_EXIT,75.81,2.5,189.52,1.38,0.5,1.09,-0.23,0.43,0.81,0.0,0.0,0.0,0.81,10108.55,0.32,,2026-08-05
307,2026-08-05 15:45:00+00:00,XRPUSDT,SHORT,EXECUTED,LOW_RISK__LOW_QUAL__LOW_PROFIT,None,TIME_CLOSE_EXIT,50.54,5.0,252.71,1.33,0.49,0.02,-0.37,0.0,0.0,0.0,0.0,0.0,0.0,10108.55,0.32,,2026-08-05
308,2026-08-05 15:45:00+00:00,DOGEUSDT,SHORT,EXECUTED,MED_RISK__HIGH_QUAL__HIGH_PROFIT,None,TIME_CLOSE_EXIT,75.81,2.5,189.54,0.81,0.55,0.01,-0.37,-0.36,-0.68,0.0,0.0,0.0,-0.68,10107.87,0.33,,2026-08-05
309,2026-08-05 16:00:00+00:00,XRPUSDT,LONG,EXECUTED,MED_RISK__HIGH_QUAL__LOW_PROFIT,None,TAKE_PROFIT_HIT,75.81,2.5,189.52,0.54,0.39,0.8,-0.39,0.54,1.03,0.0,0.0,0.0,1.03,10108.9,0.32,,2026-08-05
310,2026-08-05 16:15:00+00:00,DOGEUSDT,LONG,EXECUTED,HIGH_RISK__HIGH_QUAL__LOW_PROFIT,None,TIME_CLOSE_EXIT,37.91,1.0,37.91,0.81,1.07,0.4,-0.51,-0.26,-0.1,0.0,0.0,0.0,-0.1,10108.8,0.32,,2026-08-05
311,2026-08-05 21:15:00+00:00,XRPUSDT,SHORT,EXECUTED,LOW_RISK__LOW_QUAL__LOW_PROFIT,None,TAKE_PROFIT_HIT,50.54,5.0,252.72,1.29,0.6,2.33,-0.39,1.29,3.25,0.0,0.0,0.0,3.25,10112.05,0.29,,2026-08-05
312,2026-08-05 21:15:00+00:00,SOLUSDT,SHORT,EXECUTED,LOW_RISK__HIGH_QUAL__LOW_PROFIT,None,TAKE_PROFIT_HIT,151.68,5.0,758.4,0.6,0.7,1.01,-0.28,0.6,4.56,0.0,0.0,0.0,4.56,10116.61,0.24,,2026-08-05
313,2026-08-05 21:45:00+00:00,DOGEUSDT,SHORT,EXECUTED,MED_RISK__HIGH_QUAL__HIGH_PROFIT,None,TAKE_PROFIT_HIT,75.87,2.5,189.69,0.42,0.39,0.86,-0.16,0.42,0.79,0.0,0.0,0.0,0.79,10117.41,0.23,,2026-08-05
314,2026-08-05 22:00:00+00:00,BTCUSDT,SHORT,EXECUTED,LOW_RISK__HIGH_QUAL__LOW_PROFIT,None,TAKE_PROFIT_HIT,151.76,5.0,758.81,0.33,0.28,0.38,-0.15,0.33,2.54,0.0,0.0,0.0,2.54,10119.94,0.21,,2026-08-05
315,2026-08-05 22:45:00+00:00,ETHUSDT,SHORT,EXECUTED,LOW_RISK__HIGH_QUAL__HIGH_PROFIT,None,TAKE_PROFIT_HIT,151.8,5.0,759.0,0.48,0.44,0.62,-0.38,0.48,3.61,0.0,0.0,0.0,3.61,10123.55,0.17,,2026-08-05
316,2026-08-06 04:30:00+00:00,BTCUSDT,LONG,EXECUTED,MED_RISK__HIGH_QUAL__HIGH_PROFIT,None,TIME_CLOSE_EXIT,75.93,2.5,189.82,0.83,0.11,0.52,-0.04,0.11,0.21,0.0,0.0,0.0,0.21,10123.76,0.17,,2026-08-06
317,2026-08-06 05:00:00+00:00,ETHUSDT,LONG,EXECUTED,MED_RISK__LOW_QUAL__HIGH_PROFIT,None,TIME_CLOSE_EXIT,25.31,2.5,63.27,1.16,0.75,0.29,-0.4,-0.32,-0.2,0.0,0.0,0.0,-0.2,10123.56,0.17,,2026-08-06
318,2026-08-06 05:00:00+00:00,SOLUSDT,LONG,EXECUTED,HIGH_RISK__HIGH_QUAL__HIGH_PROFIT,None,TIME_CLOSE_EXIT,151.85,3.0,455.56,1.57,0.78,0.16,-0.5,-0.48,-2.19,0.0,0.0,0.0,-2.19,10121.37,0.19,,2026-08-06
319,2026-08-06 06:45:00+00:00,XRPUSDT,LONG,EXECUTED,MED_RISK__HIGH_QUAL__LOW_PROFIT,None,TIME_CLOSE_EXIT,75.91,2.5,189.78,0.35,0.34,0.03,-0.08,-0.07,-0.13,0.0,0.0,0.0,-0.13,10121.24,0.19,,2026-08-06
320,2026-08-06 07:30:00+00:00,XRPUSDT,SHORT,EXECUTED,LOW_RISK__LOW_QUAL__LOW_PROFIT,None,TIME_CLOSE_EXIT,50.61,5.0,253.03,0.98,0.37,0.04,-0.23,-0.24,-0.61,0.0,0.0,0.0,-0.61,10120.63,0.2,,2026-08-06
321,2026-08-06 08:00:00+00:00,SOLUSDT,SHORT,EXECUTED,LOW_RISK__HIGH_QUAL__LOW_PROFIT,None,TAKE_PROFIT_HIT,151.81,5.0,759.05,1.15,0.44,1.25,-0.47,1.15,8.76,0.0,0.0,0.0,8.76,10129.39,0.11,,2026-08-06
322,2026-08-06 08:00:00+00:00,DOGEUSDT,SHORT,EXECUTED,MED_RISK__HIGH_QUAL__HIGH_PROFIT,None,TIME_CLOSE_EXIT,75.97,2.5,189.93,1.01,0.37,0.07,-0.17,-0.26,-0.49,0.0,0.0,0.0,-0.49,10128.89,0.12,,2026-08-06
323,2026-08-06 08:30:00+00:00,XRPUSDT,LONG,EXECUTED,HIGH_RISK__HIGH_QUAL__LOW_PROFIT,None,TIME_CLOSE_EXIT,37.98,1.0,37.98,0.46,0.94,0.26,-0.47,-0.59,-0.22,0.0,0.0,0.0,-0.22,10128.67,0.12,,2026-08-06
324,2026-08-06 08:45:00+00:00,DOGEUSDT,LONG,EXECUTED,MED_RISK__HIGH_QUAL__LOW_PROFIT,None,TIME_CLOSE_EXIT,75.97,2.5,189.91,0.17,0.5,0.13,-0.1,0.0,0.0,0.0,0.0,0.0,0.0,10128.67,0.12,,2026-08-06
325,2026-08-06 09:00:00+00:00,DOGEUSDT,SHORT,EXECUTED,HIGH_RISK__HIGH_QUAL__HIGH_PROFIT,None,TAKE_PROFIT_HIT,151.93,3.0,455.79,1.1,0.81,1.83,-0.72,1.1,5.03,0.0,0.0,0.0,5.03,10133.7,0.07,,2026-08-06
326,2026-08-06 09:15:00+00:00,XRPUSDT,SHORT,EXECUTED,LOW_RISK__LOW_QUAL__LOW_PROFIT,None,TIME_CLOSE_EXIT,50.67,5.0,253.34,1.26,0.61,0.54,-0.23,-0.31,-0.79,0.0,0.0,0.0,-0.79,10132.91,0.08,,2026-08-06
327,2026-08-06 09:30:00+00:00,BTCUSDT,SHORT,EXECUTED,LOW_RISK__HIGH_QUAL__LOW_PROFIT,None,TAKE_PROFIT_HIT,151.99,5.0,759.97,0.36,0.42,0.77,-0.1,0.36,2.7,0.0,0.0,0.0,2.7,10135.62,0.05,,2026-08-06
328,2026-08-06 09:30:00+00:00,ETHUSDT,SHORT,EXECUTED,LOW_RISK__HIGH_QUAL__HIGH_PROFIT,None,TAKE_PROFIT_HIT,152.03,5.0,760.17,0.42,0.42,0.73,-0.15,0.42,3.17,0.0,0.0,0.0,3.17,10138.79,0.02,,2026-08-06
329,2026-08-06 11:45:00+00:00,XRPUSDT,LONG,EXECUTED,MED_RISK__HIGH_QUAL__LOW_PROFIT,None,TIME_CLOSE_EXIT,76.04,2.5,190.1,0.33,0.41,0.08,-0.06,0.0,0.0,0.0,0.0,0.0,0.0,10138.79,0.02,,2026-08-06
330,2026-08-06 12:00:00+00:00,XRPUSDT,SHORT,EXECUTED,LOW_RISK__LOW_QUAL__LOW_PROFIT,None,TIME_CLOSE_EXIT,50.69,5.0,253.47,1.01,0.41,0.44,-0.32,-0.08,-0.2,0.0,0.0,0.0,-0.2,10138.58,0.02,,2026-08-06
331,2026-08-06 14:15:00+00:00,ETHUSDT,LONG,EXECUTED,MED_RISK__LOW_QUAL__HIGH_PROFIT,None,TIME_CLOSE_EXIT,25.35,2.5,63.37,0.94,0.52,0.67,-0.78,0.24,0.15,0.0,0.0,0.0,0.15,10138.74,0.02,,2026-08-06
332,2026-08-06 14:45:00+00:00,BTCUSDT,LONG,EXECUTED,MED_RISK__HIGH_QUAL__HIGH_PROFIT,None,TIME_CLOSE_EXIT,76.04,2.5,190.1,1.0,0.62,0.32,-0.15,-0.24,-0.46,0.0,0.0,0.0,-0.46,10138.28,0.03,,2026-08-06
333,2026-08-06 15:00:00+00:00,XRPUSDT,LONG,EXECUTED,MED_RISK__HIGH_QUAL__LOW_PROFIT,None,TIME_CLOSE_EXIT,76.04,2.5,190.09,0.41,0.73,0.36,-0.29,-0.12,-0.23,0.0,0.0,0.0,-0.23,10138.05,0.03,,2026-08-06
334,2026-08-06 15:00:00+00:00,SOLUSDT,LONG,EXECUTED,MED_RISK__HIGH_QUAL__HIGH_PROFIT,None,TIME_CLOSE_EXIT,76.04,2.5,190.09,0.54,0.66,0.16,-0.1,-0.29,-0.55,0.0,0.0,0.0,-0.55,10137.5,0.03,,2026-08-06
335,2026-08-06 15:30:00+00:00,DOGEUSDT,LONG,EXECUTED,MED_RISK__HIGH_QUAL__LOW_PROFIT,None,TIME_CLOSE_EXIT,76.03,2.5,190.08,0.32,0.49,0.26,-0.1,-0.09,-0.17,0.0,0.0,0.0,-0.17,10137.33,0.04,,2026-08-06
336,2026-08-06 16:00:00+00:00,DOGEUSDT,SHORT,EXECUTED,MED_RISK__HIGH_QUAL__HIGH_PROFIT,None,TIME_CLOSE_EXIT,76.03,2.5,190.07,0.81,0.38,0.03,-0.28,0.0,0.0,0.0,0.0,0.0,0.0,10137.33,0.04,,2026-08-06
337,2026-08-06 16:00:00+00:00,XRPUSDT,SHORT,EXECUTED,LOW_RISK__LOW_QUAL__LOW_PROFIT,None,TIME_CLOSE_EXIT,50.69,5.0,253.43,1.81,0.67,1.33,-0.67,0.63,1.6,0.0,0.0,0.0,1.6,10138.93,0.02,,2026-08-06
338,2026-08-06 16:00:00+00:00,SOLUSDT,SHORT,EXECUTED,LOW_RISK__HIGH_QUAL__LOW_PROFIT,None,TIME_CLOSE_EXIT,152.08,5.0,760.42,1.89,0.47,0.05,-0.34,-0.36,-2.74,0.0,0.0,0.0,-2.74,10136.19,0.05,,2026-08-06
339,2026-08-06 16:15:00+00:00,DOGEUSDT,LONG,EXECUTED,MED_RISK__HIGH_QUAL__LOW_PROFIT,None,TAKE_PROFIT_HIT,76.02,2.5,190.05,0.3,0.56,0.38,-0.26,0.3,0.57,0.0,0.0,0.0,0.57,10136.76,0.04,,2026-08-06
340,2026-08-06 16:45:00+00:00,SOLUSDT,LONG,EXECUTED,MED_RISK__HIGH_QUAL__HIGH_PROFIT,None,TIME_CLOSE_EXIT,76.03,2.5,190.06,0.19,0.66,0.14,-0.15,-0.15,-0.29,0.0,0.0,0.0,-0.29,10136.47,0.04,,2026-08-06
341,2026-08-06 17:30:00+00:00,SOLUSDT,SHORT,EXECUTED,LOW_RISK__HIGH_QUAL__LOW_PROFIT,None,TIME_CLOSE_EXIT,152.05,5.0,760.24,1.58,0.34,1.11,-0.33,0.66,5.02,0.0,0.0,0.0,5.02,10141.49,0.0,,2026-08-06
342,2026-08-06 18:00:00+00:00,BTCUSDT,SHORT,EXECUTED,LOW_RISK__HIGH_QUAL__LOW_PROFIT,None,TAKE_PROFIT_HIT,152.12,5.0,760.61,0.36,0.3,0.53,-0.13,0.36,2.76,0.0,0.0,0.0,2.76,10144.24,0.0,,2026-08-06
343,2026-08-06 18:30:00+00:00,ETHUSDT,SHORT,EXECUTED,LOW_RISK__HIGH_QUAL__HIGH_PROFIT,None,TAKE_PROFIT_HIT,152.16,5.0,760.82,0.45,0.57,0.6,-0.3,0.45,3.4,0.0,0.0,0.0,3.4,10147.65,0.0,,2026-08-06
344,2026-08-06 18:30:00+00:00,DOGEUSDT,SHORT,EXECUTED,MED_RISK__HIGH_QUAL__HIGH_PROFIT,None,TIME_CLOSE_EXIT,76.11,2.5,190.27,1.11,0.64,0.23,-0.36,-0.32,-0.61,0.0,0.0,0.0,-0.61,10147.04,0.01,,2026-08-06
345,2026-08-06 21:30:00+00:00,DOGEUSDT,LONG,EXECUTED,MED_RISK__HIGH_QUAL__LOW_PROFIT,None,TIME_CLOSE_EXIT,76.1,2.5,190.26,0.39,0.35,0.14,-0.19,-0.17,-0.32,0.0,0.0,0.0,-0.32,10146.71,0.01,,2026-08-06
346,2026-08-06 23:30:00+00:00,DOGEUSDT,SHORT,EXECUTED,MED_RISK__HIGH_QUAL__HIGH_PROFIT,None,TIME_CLOSE_EXIT,76.1,2.5,190.25,0.65,0.32,0.06,-0.07,0.0,0.0,0.0,0.0,0.0,0.0,10146.71,0.01,,2026-08-06
347,2026-08-06 23:45:00+00:00,DOGEUSDT,LONG,EXECUTED,MED_RISK__HIGH_QUAL__LOW_PROFIT,None,TAKE_PROFIT_HIT,76.1,2.5,190.25,0.27,0.46,0.58,-0.28,0.27,0.51,0.0,0.0,0.0,0.51,10147.22,0.0,,2026-08-06
348,2026-08-07 01:15:00+00:00,XRPUSDT,LONG,EXECUTED,HIGH_RISK__HIGH_QUAL__LOW_PROFIT,None,TIME_CLOSE_EXIT,38.05,1.0,38.05,0.09,0.89,0.06,-0.32,-0.25,-0.1,0.0,0.0,0.0,-0.1,10147.13,0.01,,2026-08-07
349,2026-08-07 02:00:00+00:00,BTCUSDT,LONG,EXECUTED,MED_RISK__HIGH_QUAL__HIGH_PROFIT,None,TIME_CLOSE_EXIT,76.1,2.5,190.26,0.32,0.09,0.06,-0.22,0.0,0.0,0.0,0.0,0.0,0.0,10147.13,0.01,,2026-08-07
350,2026-08-07 02:15:00+00:00,BTCUSDT,SHORT,EXECUTED,LOW_RISK__HIGH_QUAL__LOW_PROFIT,None,TIME_CLOSE_EXIT,152.21,5.0,761.03,0.34,0.2,0.01,-0.36,0.0,0.0,0.0,0.0,0.0,0.0,10147.13,0.01,,2026-08-07
351,2026-08-07 02:15:00+00:00,XRPUSDT,SHORT,EXECUTED,LOW_RISK__LOW_QUAL__LOW_PROFIT,None,TAKE_PROFIT_HIT,50.74,5.0,253.68,1.59,0.62,1.62,-0.62,1.59,4.04,0.0,0.0,0.0,4.04,10151.16,0.0,,2026-08-07
352,2026-08-07 02:30:00+00:00,BTCUSDT,LONG,EXECUTED,MED_RISK__HIGH_QUAL__HIGH_PROFIT,None,TIME_CLOSE_EXIT,76.13,2.5,190.33,0.24,0.16,0.09,-0.21,-0.12,-0.23,0.0,0.0,0.0,-0.23,10150.93,0.0,,2026-08-07
353,2026-08-07 03:15:00+00:00,BTCUSDT,SHORT,EXECUTED,LOW_RISK__HIGH_QUAL__LOW_PROFIT,None,TIME_CLOSE_EXIT,152.26,5.0,761.32,0.29,0.12,0.24,-0.08,-0.15,-1.14,0.0,0.0,0.0,-1.14,10149.79,0.01,,2026-08-07
354,2026-08-07 04:00:00+00:00,DOGEUSDT,SHORT,EXECUTED,MED_RISK__HIGH_QUAL__HIGH_PROFIT,None,TIME_CLOSE_EXIT,76.12,2.5,190.31,0.66,0.42,0.3,-0.26,-0.25,-0.48,0.0,0.0,0.0,-0.48,10149.32,0.02,,2026-08-07
355,2026-08-07 05:00:00+00:00,SOLUSDT,LONG,EXECUTED,MED_RISK__HIGH_QUAL__HIGH_PROFIT,None,TIME_CLOSE_EXIT,76.12,2.5,190.3,0.49,0.19,0.06,-0.08,0.0,0.0,0.0,0.0,0.0,0.0,10149.32,0.02,,2026-08-07
356,2026-08-07 05:15:00+00:00,SOLUSDT,SHORT,EXECUTED,LOW_RISK__HIGH_QUAL__LOW_PROFIT,None,TIME_CLOSE_EXIT,152.24,5.0,761.2,0.64,0.32,0.18,-0.22,-0.18,-1.37,0.0,0.0,0.0,-1.37,10147.95,0.03,,2026-08-07
357,2026-08-07 05:45:00+00:00,SOLUSDT,LONG,EXECUTED,MED_RISK__HIGH_QUAL__HIGH_PROFIT,None,TAKE_PROFIT_HIT,76.11,2.5,190.27,0.43,0.56,2.02,-0.25,0.43,0.82,0.0,0.0,0.0,0.82,10148.76,0.02,,2026-08-07
358,2026-08-07 06:00:00+00:00,DOGEUSDT,LONG,EXECUTED,MED_RISK__HIGH_QUAL__LOW_PROFIT,None,TAKE_PROFIT_HIT,76.12,2.5,190.29,0.3,0.59,1.47,-0.85,0.3,0.58,0.0,0.0,0.0,0.58,10149.34,0.02,,2026-08-07
359,2026-08-07 06:15:00+00:00,BTCUSDT,LONG,EXECUTED,MED_RISK__HIGH_QUAL__HIGH_PROFIT,None,TAKE_PROFIT_HIT,76.12,2.5,190.3,0.44,0.26,1.51,-0.24,0.44,0.84,0.0,0.0,0.0,0.84,10150.18,0.01,,2026-08-07
360,2026-08-07 06:15:00+00:00,ETHUSDT,LONG,EXECUTED,LOW_RISK__LOW_QUAL__HIGH_PROFIT,None,TAKE_PROFIT_HIT,50.75,5.0,253.75,0.69,0.47,1.96,-0.2,0.69,1.75,0.0,0.0,0.0,1.75,10151.93,0.0,,2026-08-07
361,2026-08-07 07:15:00+00:00,XRPUSDT,LONG,EXECUTED,MED_RISK__HIGH_QUAL__LOW_PROFIT,None,TAKE_PROFIT_HIT,76.14,2.5,190.35,0.36,0.57,1.48,-0.1,0.36,0.68,0.0,0.0,0.0,0.68,10152.61,0.0,,2026-08-07
362,2026-08-07 14:15:00+00:00,XRPUSDT,SHORT,EXECUTED,LOW_RISK__LOW_QUAL__LOW_PROFIT,None,TIME_CLOSE_EXIT,50.76,5.0,253.82,2.15,0.57,1.88,-0.19,0.75,1.9,0.0,0.0,0.0,1.9,10154.51,0.0,,2026-08-07
363,2026-08-07 14:45:00+00:00,ETHUSDT,SHORT,EXECUTED,MED_RISK__HIGH_QUAL__HIGH_PROFIT,None,TIME_CLOSE_EXIT,76.16,2.5,190.4,0.57,0.75,0.43,-0.6,-0.26,-0.5,0.0,0.0,0.0,-0.5,10154.02,0.0,,2026-08-07
364,2026-08-07 15:45:00+00:00,BTCUSDT,SHORT,EXECUTED,LOW_RISK__HIGH_QUAL__LOW_PROFIT,None,TAKE_PROFIT_HIT,152.31,5.0,761.55,0.32,0.43,0.6,-0.25,0.32,2.47,0.0,0.0,0.0,2.47,10156.49,0.0,,2026-08-07
365,2026-08-07 16:45:00+00:00,SOLUSDT,SHORT,EXECUTED,MED_RISK__HIGH_QUAL__LOW_PROFIT,None,TAKE_PROFIT_HIT,76.17,2.5,190.43,0.49,0.74,0.54,-0.35,0.49,0.93,0.0,0.0,0.0,0.93,10157.42,0.0,,2026-08-07
366,2026-08-07 17:00:00+00:00,DOGEUSDT,SHORT,EXECUTED,HIGH_RISK__HIGH_QUAL__HIGH_PROFIT,None,TIME_CLOSE_EXIT,152.36,3.0,457.08,0.46,0.87,0.13,-0.32,-0.53,-2.42,0.0,0.0,0.0,-2.42,10155.0,0.02,,2026-08-07
367,2026-08-07 19:30:00+00:00,DOGEUSDT,LONG,EXECUTED,MED_RISK__HIGH_QUAL__LOW_PROFIT,None,TIME_CLOSE_EXIT,76.16,2.5,190.41,0.48,0.28,0.09,-0.37,-0.1,-0.19,0.0,0.0,0.0,-0.19,10154.81,0.03,,2026-08-07
368,2026-08-07 19:30:00+00:00,SOLUSDT,LONG,EXECUTED,MED_RISK__HIGH_QUAL__HIGH_PROFIT,None,TIME_CLOSE_EXIT,76.16,2.5,190.4,2.22,0.48,0.37,-0.08,-0.19,-0.36,0.0,0.0,0.0,-0.36,10154.45,0.03,,2026-08-07
369,2026-08-07 19:45:00+00:00,BTCUSDT,LONG,EXECUTED,MED_RISK__HIGH_QUAL__HIGH_PROFIT,None,TIME_CLOSE_EXIT,76.16,2.5,190.4,0.66,0.23,0.22,-0.02,-0.13,-0.25,0.0,0.0,0.0,-0.25,10154.2,0.03,,2026-08-07
370,2026-08-07 19:45:00+00:00,ETHUSDT,LONG,EXECUTED,MED_RISK__LOW_QUAL__HIGH_PROFIT,None,TIME_CLOSE_EXIT,25.39,2.5,63.46,1.31,0.43,0.21,-0.32,-0.22,-0.14,0.0,0.0,0.0,-0.14,10154.06,0.03,,2026-08-07
371,2026-08-07 20:15:00+00:00,XRPUSDT,LONG,EXECUTED,MED_RISK__HIGH_QUAL__LOW_PROFIT,None,TIME_CLOSE_EXIT,76.16,2.5,190.39,0.27,0.71,0.2,-0.19,-0.22,-0.42,0.0,0.0,0.0,-0.42,10153.64,0.04,,2026-08-07
372,2026-08-07 21:45:00+00:00,DOGEUSDT,SHORT,EXECUTED,MED_RISK__HIGH_QUAL__HIGH_PROFIT,None,TIME_CLOSE_EXIT,76.15,2.5,190.38,0.3,0.27,0.2,-0.22,-0.06,-0.11,0.0,0.0,0.0,-0.11,10153.53,0.04,,2026-08-07
373,2026-08-07 22:15:00+00:00,SOLUSDT,SHORT,EXECUTED,LOW_RISK__HIGH_QUAL__LOW_PROFIT,None,TIME_CLOSE_EXIT,152.3,5.0,761.51,0.41,0.24,0.16,-0.12,-0.08,-0.61,0.0,0.0,0.0,-0.61,10152.92,0.04,,2026-08-07
374,2026-08-07 22:15:00+00:00,XRPUSDT,SHORT,EXECUTED,LOW_RISK__LOW_QUAL__LOW_PROFIT,None,TIME_CLOSE_EXIT,50.76,5.0,253.82,1.62,0.52,0.2,-0.28,-0.32,-0.81,0.0,0.0,0.0,-0.81,10152.11,0.05,,2026-08-07
375,2026-08-07 22:45:00+00:00,ETHUSDT,SHORT,EXECUTED,LOW_RISK__HIGH_QUAL__HIGH_PROFIT,None,TIME_CLOSE_EXIT,152.28,5.0,761.41,0.1,0.19,0.03,0.0,0.0,0.0,0.0,0.0,0.0,0.0,10152.11,0.05,,2026-08-07
376,2026-08-07 22:45:00+00:00,BTCUSDT,SHORT,EXECUTED,LOW_RISK__HIGH_QUAL__LOW_PROFIT,None,TIME_CLOSE_EXIT,152.28,5.0,761.41,0.27,0.13,0.16,-0.1,-0.06,-0.46,0.0,0.0,0.0,-0.46,10151.65,0.06,,2026-08-07
377,2026-08-07 23:00:00+00:00,ETHUSDT,LONG,EXECUTED,LOW_RISK__LOW_QUAL__LOW_PROFIT,None,TIME_CLOSE_EXIT,50.76,5.0,253.79,0.7,0.14,0.0,-0.06,0.0,0.0,0.0,0.0,0.0,0.0,10151.65,0.06,,2026-08-07
378,2026-08-07 23:15:00+00:00,ETHUSDT,SHORT,EXECUTED,LOW_RISK__HIGH_QUAL__HIGH_PROFIT,None,TIME_CLOSE_EXIT,152.27,5.0,761.37,0.1,0.16,0.01,-0.05,0.0,0.0,0.0,0.0,0.0,0.0,10151.65,0.06,,2026-08-07
379,2026-08-07 23:30:00+00:00,ETHUSDT,LONG,EXECUTED,LOW_RISK__LOW_QUAL__LOW_PROFIT,None,TIME_CLOSE_EXIT,50.76,5.0,253.79,0.72,0.14,0.0,-0.04,0.0,0.0,0.0,0.0,0.0,0.0,10151.65,0.06,,2026-08-07
380,2026-08-07 23:45:00+00:00,ETHUSDT,SHORT,EXECUTED,LOW_RISK__LOW_QUAL__HIGH_PROFIT,None,TIME_CLOSE_EXIT,50.76,5.0,253.79,0.15,0.2,0.1,-0.13,-0.12,-0.3,0.0,0.0,0.0,-0.3,10151.35,0.06,,2026-08-07
381,2026-08-08 00:30:00+00:00,XRPUSDT,LONG,EXECUTED,MED_RISK__HIGH_QUAL__LOW_PROFIT,None,TAKE_PROFIT_HIT,76.14,2.5,190.34,0.51,0.34,2.32,-0.15,0.51,0.96,0.0,0.0,0.0,0.96,10152.31,0.05,,2026-08-08
382,2026-08-08 01:00:00+00:00,DOGEUSDT,LONG,EXECUTED,MED_RISK__HIGH_QUAL__LOW_PROFIT,None,TAKE_PROFIT_HIT,76.14,2.5,190.36,0.61,0.29,2.43,-0.21,0.61,1.16,0.0,0.0,0.0,1.16,10153.47,0.04,,2026-08-08
383,2026-08-08 01:00:00+00:00,BTCUSDT,LONG,EXECUTED,MED_RISK__HIGH_QUAL__HIGH_PROFIT,None,TIME_CLOSE_EXIT,76.15,2.5,190.38,0.69,0.02,0.01,-0.07,-0.07,-0.13,0.0,0.0,0.0,-0.13,10153.34,0.04,,2026-08-08
384,2026-08-08 01:15:00+00:00,SOLUSDT,LONG,EXECUTED,MED_RISK__HIGH_QUAL__HIGH_PROFIT,None,TAKE_PROFIT_HIT,76.15,2.5,190.38,2.16,0.2,4.05,-0.14,2.16,4.11,0.0,0.0,0.0,4.11,10157.45,0.0,,2026-08-08
385,2026-08-08 02:00:00+00:00,BTCUSDT,SHORT,EXECUTED,LOW_RISK__HIGH_QUAL__HIGH_PROFIT,None,TIME_CLOSE_EXIT,152.36,5.0,761.81,0.14,0.04,0.02,-0.01,0.0,0.0,0.0,0.0,0.0,0.0,10157.45,0.0,,2026-08-08
386,2026-08-08 02:15:00+00:00,BTCUSDT,LONG,EXECUTED,MED_RISK__HIGH_QUAL__HIGH_PROFIT,None,TIME_CLOSE_EXIT,76.18,2.5,190.45,0.69,-0.02,0.22,-0.04,0.04,0.08,0.0,0.0,0.0,0.08,10157.52,0.0,,2026-08-08
387,2026-08-08 03:30:00+00:00,ETHUSDT,LONG,EXECUTED,LOW_RISK__LOW_QUAL__LOW_PROFIT,None,TIME_CLOSE_EXIT,50.79,5.0,253.94,0.77,0.26,0.12,-0.05,-0.09,-0.23,0.0,0.0,0.0,-0.23,10157.3,0.0,,2026-08-08
388,2026-08-08 07:30:00+00:00,ETHUSDT,SHORT,EXECUTED,LOW_RISK__HIGH_QUAL__LOW_PROFIT,None,TIME_CLOSE_EXIT,152.36,5.0,761.8,0.2,0.18,0.03,-0.06,-0.17,-1.3,0.0,0.0,0.0,-1.3,10156.0,0.01,,2026-08-08
389,2026-08-08 07:45:00+00:00,BTCUSDT,SHORT,EXECUTED,LOW_RISK__HIGH_QUAL__HIGH_PROFIT,None,TIME_CLOSE_EXIT,152.34,5.0,761.7,0.09,0.07,0.02,-0.01,-0.02,-0.15,0.0,0.0,0.0,-0.15,10155.85,0.02,,2026-08-08
390,2026-08-08 08:30:00+00:00,BTCUSDT,LONG,EXECUTED,MED_RISK__HIGH_QUAL__HIGH_PROFIT,None,TIME_CLOSE_EXIT,76.17,2.5,190.42,0.38,0.1,0.05,-0.06,-0.06,-0.11,0.0,0.0,0.0,-0.11,10155.73,0.02,,2026-08-08
391,2026-08-08 08:45:00+00:00,ETHUSDT,LONG,EXECUTED,LOW_RISK__LOW_QUAL__LOW_PROFIT,None,TIME_CLOSE_EXIT,50.78,5.0,253.89,0.58,0.13,0.51,-0.03,0.23,0.58,0.0,0.0,0.0,0.58,10156.32,0.01,,2026-08-08
392,2026-08-08 11:30:00+00:00,BTCUSDT,SHORT,EXECUTED,LOW_RISK__HIGH_QUAL__HIGH_PROFIT,None,TIME_CLOSE_EXIT,152.34,5.0,761.72,0.1,0.13,0.07,-0.06,-0.06,-0.46,0.0,0.0,0.0,-0.46,10155.86,0.02,,2026-08-08
393,2026-08-08 12:45:00+00:00,BTCUSDT,LONG,EXECUTED,MED_RISK__HIGH_QUAL__HIGH_PROFIT,None,TIME_CLOSE_EXIT,76.17,2.5,190.42,0.81,0.09,0.28,-0.01,0.06,0.11,0.0,0.0,0.0,0.11,10155.98,0.02,,2026-08-08
394,2026-08-08 18:45:00+00:00,BTCUSDT,SHORT,EXECUTED,LOW_RISK__HIGH_QUAL__HIGH_PROFIT,None,TIME_CLOSE_EXIT,152.34,5.0,761.7,0.1,0.1,0.04,-0.01,-0.05,-0.38,0.0,0.0,0.0,-0.38,10155.59,0.02,,2026-08-08
395,2026-08-08 18:45:00+00:00,XRPUSDT,SHORT,EXECUTED,LOW_RISK__LOW_QUAL__LOW_PROFIT,None,TIME_CLOSE_EXIT,50.78,5.0,253.89,0.79,0.34,0.77,-0.16,0.36,0.91,0.0,0.0,0.0,0.91,10156.51,0.01,,2026-08-08
396,2026-08-08 18:45:00+00:00,ETHUSDT,SHORT,EXECUTED,LOW_RISK__HIGH_QUAL__LOW_PROFIT,None,TAKE_PROFIT_HIT,152.35,5.0,761.74,0.05,0.14,0.45,-0.08,0.05,0.37,0.0,0.0,0.0,0.37,10156.87,0.01,,2026-08-08
397,2026-08-08 19:15:00+00:00,SOLUSDT,SHORT,EXECUTED,LOW_RISK__HIGH_QUAL__LOW_PROFIT,None,TIME_CLOSE_EXIT,152.35,5.0,761.77,0.05,0.44,0.03,-0.16,-0.22,-1.68,0.0,0.0,0.0,-1.68,10155.2,0.02,,2026-08-08
398,2026-08-08 19:15:00+00:00,DOGEUSDT,SHORT,EXECUTED,MED_RISK__HIGH_QUAL__HIGH_PROFIT,None,TAKE_PROFIT_HIT,76.16,2.5,190.41,0.3,0.35,1.48,-0.3,0.3,0.58,0.0,0.0,0.0,0.58,10155.78,0.02,,2026-08-08
399,2026-08-08 20:00:00+00:00,SOLUSDT,LONG,EXECUTED,MED_RISK__HIGH_QUAL__HIGH_PROFIT,None,TIME_CLOSE_EXIT,76.17,2.5,190.42,0.48,0.34,0.16,-0.13,-0.14,-0.27,0.0,0.0,0.0,-0.27,10155.51,0.02,,2026-08-08
400,2026-08-08 20:45:00+00:00,BTCUSDT,LONG,EXECUTED,MED_RISK__HIGH_QUAL__HIGH_PROFIT,None,TIME_CLOSE_EXIT,76.17,2.5,190.42,0.43,0.19,0.03,-0.03,0.0,0.0,0.0,0.0,0.0,0.0,10155.51,0.02,,2026-08-08
401,2026-08-08 21:00:00+00:00,BTCUSDT,SHORT,EXECUTED,LOW_RISK__HIGH_QUAL__HIGH_PROFIT,None,TAKE_PROFIT_HIT,152.33,5.0,761.66,0.11,0.05,0.49,-0.06,0.11,0.85,0.0,0.0,0.0,0.85,10156.36,0.01,,2026-08-08
402,2026-08-08 22:45:00+00:00,SOLUSDT,SHORT,EXECUTED,MED_RISK__HIGH_QUAL__LOW_PROFIT,None,TIME_CLOSE_EXIT,76.17,2.5,190.43,0.31,0.86,0.24,-0.29,-0.11,-0.21,0.0,0.0,0.0,-0.21,10156.15,0.01,,2026-08-08
403,2026-08-09 04:00:00+00:00,SOLUSDT,LONG,EXECUTED,MED_RISK__HIGH_QUAL__HIGH_PROFIT,None,TAKE_PROFIT_HIT,76.17,2.5,190.43,1.58,0.24,2.29,-0.29,1.58,3.01,0.0,0.0,0.0,3.01,10159.17,0.0,,2026-08-09
404,2026-08-09 06:15:00+00:00,XRPUSDT,LONG,EXECUTED,MED_RISK__HIGH_QUAL__LOW_PROFIT,None,TIME_CLOSE_EXIT,76.19,2.5,190.48,0.35,0.34,0.22,-0.13,-0.2,-0.38,0.0,0.0,0.0,-0.38,10158.78,0.0,,2026-08-09
405,2026-08-09 06:30:00+00:00,ETHUSDT,LONG,EXECUTED,LOW_RISK__LOW_QUAL__LOW_PROFIT,None,TIME_CLOSE_EXIT,50.79,5.0,253.97,0.6,0.2,0.37,-0.05,-0.14,-0.36,0.0,0.0,0.0,-0.36,10158.43,0.01,,2026-08-09
406,2026-08-09 06:45:00+00:00,DOGEUSDT,LONG,EXECUTED,LOW_RISK__HIGH_QUAL__LOW_PROFIT,None,TIME_CLOSE_EXIT,152.38,5.0,761.88,0.54,0.37,0.14,-0.19,-0.04,-0.3,0.0,0.0,0.0,-0.3,10158.12,0.01,,2026-08-09
407,2026-08-09 07:00:00+00:00,BTCUSDT,LONG,EXECUTED,MED_RISK__HIGH_QUAL__HIGH_PROFIT,None,TIME_CLOSE_EXIT,76.19,2.5,190.46,0.44,0.03,0.16,-0.04,-0.05,-0.1,0.0,0.0,0.0,-0.1,10158.03,0.01,,2026-08-09
408,2026-08-09 08:00:00+00:00,XRPUSDT,SHORT,EXECUTED,LOW_RISK__LOW_QUAL__LOW_PROFIT,None,TIME_CLOSE_EXIT,50.79,5.0,253.95,0.72,0.19,0.6,-0.18,0.05,0.13,0.0,0.0,0.0,0.13,10158.16,0.01,,2026-08-09
409,2026-08-09 09:00:00+00:00,BTCUSDT,SHORT,EXECUTED,LOW_RISK__HIGH_QUAL__HIGH_PROFIT,None,TIME_CLOSE_EXIT,152.37,5.0,761.86,0.1,0.03,0.02,-0.01,0.01,0.08,0.0,0.0,0.0,0.08,10158.23,0.01,,2026-08-09
410,2026-08-09 09:15:00+00:00,ETHUSDT,SHORT,EXECUTED,LOW_RISK__HIGH_QUAL__HIGH_PROFIT,None,TIME_CLOSE_EXIT,152.37,5.0,761.87,0.16,0.29,0.04,-0.07,-0.12,-0.91,0.0,0.0,0.0,-0.91,10157.32,0.02,,2026-08-09
411,2026-08-09 09:15:00+00:00,DOGEUSDT,SHORT,EXECUTED,MED_RISK__HIGH_QUAL__HIGH_PROFIT,None,TIME_CLOSE_EXIT,76.18,2.5,190.45,0.33,0.36,0.03,-0.11,-0.14,-0.27,0.0,0.0,0.0,-0.27,10157.05,0.02,,2026-08-09
412,2026-08-09 09:45:00+00:00,ETHUSDT,LONG,EXECUTED,LOW_RISK__LOW_QUAL__LOW_PROFIT,None,TIME_CLOSE_EXIT,50.79,5.0,253.93,0.79,0.38,0.08,-0.26,-0.21,-0.53,0.0,0.0,0.0,-0.53,10156.52,0.03,,2026-08-09
413,2026-08-09 09:45:00+00:00,BTCUSDT,LONG,EXECUTED,MED_RISK__HIGH_QUAL__HIGH_PROFIT,None,TAKE_PROFIT_HIT,76.17,2.5,190.43,0.5,0.12,0.65,-0.1,0.5,0.94,0.0,0.0,0.0,0.94,10157.46,0.02,,2026-08-09
414,2026-08-09 10:00:00+00:00,DOGEUSDT,LONG,EXECUTED,MED_RISK__HIGH_QUAL__LOW_PROFIT,None,TAKE_PROFIT_HIT,76.18,2.5,190.45,0.35,0.39,0.87,-0.16,0.35,0.66,0.0,0.0,0.0,0.66,10158.12,0.01,,2026-08-09
415,2026-08-09 11:45:00+00:00,XRPUSDT,LONG,EXECUTED,MED_RISK__HIGH_QUAL__LOW_PROFIT,None,TAKE_PROFIT_HIT,76.19,2.5,190.46,0.35,0.26,0.86,-0.16,0.35,0.67,0.0,0.0,0.0,0.67,10158.79,0.0,,2026-08-09
416,2026-08-09 12:45:00+00:00,ETHUSDT,SHORT,EXECUTED,LOW_RISK__HIGH_QUAL__LOW_PROFIT,None,TIME_CLOSE_EXIT,152.38,5.0,761.91,0.13,0.25,0.01,-0.02,0.0,0.0,0.0,0.0,0.0,0.0,10158.79,0.0,,2026-08-09
417,2026-08-09 13:00:00+00:00,ETHUSDT,LONG,EXECUTED,LOW_RISK__LOW_QUAL__LOW_PROFIT,None,TIME_CLOSE_EXIT,50.79,5.0,253.97,0.67,0.1,0.38,-0.13,0.14,0.36,0.0,0.0,0.0,0.36,10159.15,0.0,,2026-08-09
418,2026-08-09 18:15:00+00:00,ETHUSDT,SHORT,EXECUTED,LOW_RISK__HIGH_QUAL__HIGH_PROFIT,None,TAKE_PROFIT_HIT,152.39,5.0,761.94,0.13,0.17,0.22,-0.03,0.13,0.96,0.0,0.0,0.0,0.96,10160.11,0.0,,2026-08-09
419,2026-08-09 18:45:00+00:00,XRPUSDT,SHORT,EXECUTED,LOW_RISK__LOW_QUAL__LOW_PROFIT,None,TIME_CLOSE_EXIT,50.8,5.0,254.0,0.68,0.22,0.08,-0.06,-0.12,-0.3,0.0,0.0,0.0,-0.3,10159.81,0.0,,2026-08-09
420,2026-08-09 19:00:00+00:00,DOGEUSDT,SHORT,EXECUTED,MED_RISK__HIGH_QUAL__HIGH_PROFIT,None,TIME_CLOSE_EXIT,76.2,2.5,190.5,0.4,0.42,0.09,-0.18,-0.13,-0.25,0.0,0.0,0.0,-0.25,10159.56,0.01,,2026-08-09
421,2026-08-09 20:00:00+00:00,BTCUSDT,SHORT,EXECUTED,LOW_RISK__HIGH_QUAL__HIGH_PROFIT,None,TIME_CLOSE_EXIT,152.39,5.0,761.97,0.41,0.3,0.04,-0.17,-0.18,-1.37,0.0,0.0,0.0,-1.37,10158.19,0.02,,2026-08-09
422,2026-08-09 21:15:00+00:00,DOGEUSDT,LONG,EXECUTED,LOW_RISK__HIGH_QUAL__LOW_PROFIT,None,TAKE_PROFIT_HIT,152.37,5.0,761.86,0.09,0.62,0.47,-0.21,0.09,0.66,0.0,0.0,0.0,0.66,10158.84,0.01,,2026-08-09
423,2026-08-09 21:15:00+00:00,XRPUSDT,LONG,EXECUTED,MED_RISK__HIGH_QUAL__LOW_PROFIT,None,TAKE_PROFIT_HIT,76.19,2.5,190.48,0.09,0.67,0.34,-0.29,0.09,0.16,0.0,0.0,0.0,0.16,10159.01,0.01,,2026-08-09
424,2026-08-09 21:30:00+00:00,ETHUSDT,LONG,EXECUTED,LOW_RISK__LOW_QUAL__LOW_PROFIT,None,TAKE_PROFIT_HIT,50.8,5.0,253.98,0.19,0.31,0.66,-0.09,0.19,0.49,0.0,0.0,0.0,0.49,10159.49,0.01,,2026-08-09
425,2026-08-09 22:00:00+00:00,BTCUSDT,LONG,EXECUTED,MED_RISK__HIGH_QUAL__HIGH_PROFIT,None,TIME_CLOSE_EXIT,76.2,2.5,190.49,0.5,0.54,0.1,-0.33,-0.27,-0.51,0.0,0.0,0.0,-0.51,10158.98,0.01,,2026-08-09
426,2026-08-09 22:30:00+00:00,DOGEUSDT,SHORT,EXECUTED,HIGH_RISK__HIGH_QUAL__HIGH_PROFIT,None,TAKE_PROFIT_HIT,152.38,3.0,457.15,1.46,0.8,1.53,-0.77,1.46,6.66,0.0,0.0,0.0,6.66,10165.63,0.0,,2026-08-09
427,2026-08-09 22:30:00+00:00,BTCUSDT,SHORT,EXECUTED,LOW_RISK__HIGH_QUAL__LOW_PROFIT,None,TIME_CLOSE_EXIT,152.48,5.0,762.42,0.43,0.42,0.31,-0.45,0.11,0.84,0.0,0.0,0.0,0.84,10166.47,0.0,,2026-08-09
428,2026-08-09 22:45:00+00:00,XRPUSDT,SHORT,EXECUTED,LOW_RISK__LOW_QUAL__LOW_PROFIT,None,TIME_CLOSE_EXIT,50.83,5.0,254.16,1.5,0.49,0.91,-0.11,0.28,0.71,0.0,0.0,0.0,0.71,10167.18,0.0,,2026-08-09
429,2026-08-09 22:45:00+00:00,SOLUSDT,SHORT,EXECUTED,MED_RISK__HIGH_QUAL__LOW_PROFIT,None,TAKE_PROFIT_HIT,76.25,2.5,190.63,0.69,0.9,0.79,-0.3,0.69,1.31,0.0,0.0,0.0,1.31,10168.5,0.0,,2026-08-09
430,2026-08-09 23:00:00+00:00,ETHUSDT,SHORT,EXECUTED,LOW_RISK__HIGH_QUAL__HIGH_PROFIT,None,TIME_CLOSE_EXIT,152.53,5.0,762.64,0.62,0.41,0.6,-0.55,-0.39,-2.97,0.0,0.0,0.0,-2.97,10165.52,0.03,,2026-08-09
431,2026-08-10 02:00:00+00:00,ETHUSDT,LONG,EXECUTED,MED_RISK__LOW_QUAL__HIGH_PROFIT,None,TIME_CLOSE_EXIT,25.41,2.5,63.53,1.16,0.32,0.23,-0.04,0.0,0.0,0.0,0.0,0.0,0.0,10165.52,0.03,,2026-08-10
432,2026-08-10 02:15:00+00:00,ETHUSDT,SHORT,EXECUTED,LOW_RISK__HIGH_QUAL__HIGH_PROFIT,None,TIME_CLOSE_EXIT,152.48,5.0,762.41,0.58,0.33,0.14,-0.33,0.0,0.0,0.0,0.0,0.0,0.0,10165.52,0.03,,2026-08-10
433,2026-08-10 02:30:00+00:00,ETHUSDT,LONG,EXECUTED,MED_RISK__LOW_QUAL__HIGH_PROFIT,None,TIME_CLOSE_EXIT,25.41,2.5,63.53,1.13,0.58,0.04,-0.54,-0.48,-0.3,0.0,0.0,0.0,-0.3,10165.22,0.03,,2026-08-10
434,2026-08-10 02:30:00+00:00,BTCUSDT,LONG,EXECUTED,MED_RISK__HIGH_QUAL__HIGH_PROFIT,None,TIME_CLOSE_EXIT,76.24,2.5,190.6,0.68,0.36,0.03,-0.38,-0.15,-0.29,0.0,0.0,0.0,-0.29,10164.93,0.04,,2026-08-10
435,2026-08-10 03:00:00+00:00,BTCUSDT,SHORT,EXECUTED,LOW_RISK__HIGH_QUAL__LOW_PROFIT,None,TIME_CLOSE_EXIT,152.47,5.0,762.37,0.33,0.33,0.09,-0.32,-0.19,-1.45,0.0,0.0,0.0,-1.45,10163.48,0.05,,2026-08-10
436,2026-08-10 04:45:00+00:00,ETHUSDT,SHORT,EXECUTED,LOW_RISK__HIGH_QUAL__HIGH_PROFIT,None,TIME_CLOSE_EXIT,152.45,5.0,762.26,0.39,0.47,0.07,-0.14,-0.23,-1.75,0.0,0.0,0.0,-1.75,10161.73,0.07,,2026-08-10
437,2026-08-10 05:30:00+00:00,ETHUSDT,LONG,EXECUTED,MED_RISK__LOW_QUAL__HIGH_PROFIT,None,TIME_CLOSE_EXIT,25.4,2.5,63.51,1.36,0.3,0.49,-0.1,0.08,0.05,0.0,0.0,0.0,0.05,10161.78,0.07,,2026-08-10
438,2026-08-10 05:30:00+00:00,SOLUSDT,LONG,EXECUTED,MED_RISK__HIGH_QUAL__HIGH_PROFIT,None,TIME_CLOSE_EXIT,76.21,2.5,190.53,1.64,0.3,0.44,-0.12,-0.1,-0.19,0.0,0.0,0.0,-0.19,10161.59,0.07,,2026-08-10
439,2026-08-10 05:30:00+00:00,DOGEUSDT,LONG,EXECUTED,MED_RISK__HIGH_QUAL__LOW_PROFIT,None,TIME_CLOSE_EXIT,76.21,2.5,190.53,0.58,0.49,0.33,-0.27,0.01,0.02,0.0,0.0,0.0,0.02,10161.61,0.07,,2026-08-10
440,2026-08-10 05:45:00+00:00,BTCUSDT,LONG,EXECUTED,MED_RISK__HIGH_QUAL__HIGH_PROFIT,None,TIME_CLOSE_EXIT,76.21,2.5,190.53,0.96,0.23,0.38,-0.12,0.05,0.1,0.0,0.0,0.0,0.1,10161.71,0.07,,2026-08-10
441,2026-08-10 05:45:00+00:00,XRPUSDT,LONG,EXECUTED,MED_RISK__HIGH_QUAL__LOW_PROFIT,None,TIME_CLOSE_EXIT,76.21,2.5,190.53,0.57,0.51,0.48,-0.12,-0.13,-0.25,0.0,0.0,0.0,-0.25,10161.46,0.07,,2026-08-10
442,2026-08-10 09:00:00+00:00,XRPUSDT,SHORT,EXECUTED,LOW_RISK__LOW_QUAL__LOW_PROFIT,None,TAKE_PROFIT_HIT,50.81,5.0,254.04,0.9,0.24,2.81,-0.15,0.9,2.28,0.0,0.0,0.0,2.28,10163.74,0.05,,2026-08-10
443,2026-08-10 09:30:00+00:00,BTCUSDT,SHORT,EXECUTED,LOW_RISK__HIGH_QUAL__LOW_PROFIT,None,TAKE_PROFIT_HIT,152.46,5.0,762.28,0.42,0.37,1.92,-0.28,0.42,3.17,0.0,0.0,0.0,3.17,10166.91,0.02,,2026-08-10
444,2026-08-10 09:30:00+00:00,ETHUSDT,SHORT,EXECUTED,LOW_RISK__HIGH_QUAL__HIGH_PROFIT,None,TAKE_PROFIT_HIT,152.5,5.0,762.52,0.49,0.62,2.62,-0.26,0.49,3.74,0.0,0.0,0.0,3.74,10170.65,0.0,,2026-08-10
445,2026-08-10 09:45:00+00:00,SOLUSDT,SHORT,EXECUTED,MED_RISK__HIGH_QUAL__LOW_PROFIT,None,TIME_CLOSE_EXIT,76.28,2.5,190.7,0.71,0.99,0.05,-0.22,-0.35,-0.67,0.0,0.0,0.0,-0.67,10169.98,0.01,,2026-08-10
446,2026-08-10 11:00:00+00:00,DOGEUSDT,SHORT,EXECUTED,MED_RISK__HIGH_QUAL__HIGH_PROFIT,None,TIME_CLOSE_EXIT,76.27,2.5,190.69,0.43,0.38,0.04,-0.07,0.0,0.0,0.0,0.0,0.0,0.0,10169.98,0.01,,2026-08-10
447,2026-08-10 11:15:00+00:00,DOGEUSDT,LONG,EXECUTED,MED_RISK__HIGH_QUAL__LOW_PROFIT,None,TIME_CLOSE_EXIT,76.27,2.5,190.69,0.43,0.48,0.13,-0.19,-0.1,-0.19,0.0,0.0,0.0,-0.19,10169.79,0.01,,2026-08-10
448,2026-08-10 11:45:00+00:00,SOLUSDT,LONG,EXECUTED,MED_RISK__HIGH_QUAL__HIGH_PROFIT,None,TIME_CLOSE_EXIT,76.27,2.5,190.68,1.6,0.57,0.1,-0.27,-0.25,-0.48,0.0,0.0,0.0,-0.48,10169.31,0.01,,2026-08-10
449,2026-08-10 12:45:00+00:00,SOLUSDT,SHORT,EXECUTED,LOW_RISK__HIGH_QUAL__LOW_PROFIT,None,TAKE_PROFIT_HIT,152.54,5.0,762.7,1.03,0.5,1.38,-0.3,1.03,7.82,0.0,0.0,0.0,7.82,10177.14,0.0,,2026-08-10
450,2026-08-10 12:45:00+00:00,DOGEUSDT,SHORT,EXECUTED,MED_RISK__HIGH_QUAL__HIGH_PROFIT,None,TIME_CLOSE_EXIT,76.33,2.5,190.82,0.78,0.47,0.64,-0.3,0.07,0.13,0.0,0.0,0.0,0.13,10177.27,0.0,,2026-08-10
451,2026-08-10 19:15:00+00:00,DOGEUSDT,LONG,EXECUTED,MED_RISK__HIGH_QUAL__LOW_PROFIT,None,TIME_CLOSE_EXIT,76.33,2.5,190.82,0.47,0.37,0.16,-0.14,-0.27,-0.52,0.0,0.0,0.0,-0.52,10176.76,0.01,,2026-08-10
452,2026-08-10 20:00:00+00:00,SOLUSDT,LONG,EXECUTED,MED_RISK__HIGH_QUAL__HIGH_PROFIT,None,TIME_CLOSE_EXIT,76.33,2.5,190.81,0.78,0.53,0.29,-0.13,-0.12,-0.23,0.0,0.0,0.0,-0.23,10176.53,0.01,,2026-08-10
453,2026-08-10 22:00:00+00:00,DOGEUSDT,SHORT,EXECUTED,MED_RISK__HIGH_QUAL__HIGH_PROFIT,None,TIME_CLOSE_EXIT,76.32,2.5,190.81,0.61,0.3,0.34,-0.03,-0.07,-0.13,0.0,0.0,0.0,-0.13,10176.39,0.01,,2026-08-10
454,2026-08-10 23:00:00+00:00,DOGEUSDT,LONG,EXECUTED,MED_RISK__HIGH_QUAL__LOW_PROFIT,None,TIME_CLOSE_EXIT,76.32,2.5,190.81,0.37,0.39,0.07,-0.17,-0.11,-0.21,0.0,0.0,0.0,-0.21,10176.18,0.01,,2026-08-10
455,2026-08-10 23:15:00+00:00,SOLUSDT,SHORT,EXECUTED,LOW_RISK__HIGH_QUAL__LOW_PROFIT,None,TIME_CLOSE_EXIT,152.64,5.0,763.21,0.62,0.39,0.55,-0.09,-0.01,-0.08,0.0,0.0,0.0,-0.08,10176.11,0.01,,2026-08-10
456,2026-08-10 23:45:00+00:00,DOGEUSDT,SHORT,EXECUTED,MED_RISK__HIGH_QUAL__HIGH_PROFIT,None,TIME_CLOSE_EXIT,76.32,2.5,190.8,0.64,0.4,0.13,-0.14,-0.14,-0.27,0.0,0.0,0.0,-0.27,10175.84,0.01,,2026-08-10
457,2026-08-11 00:45:00+00:00,DOGEUSDT,LONG,EXECUTED,MED_RISK__HIGH_QUAL__LOW_PROFIT,None,TAKE_PROFIT_HIT,76.32,2.5,190.8,0.31,0.32,0.7,-0.14,0.31,0.6,0.0,0.0,0.0,0.6,10176.44,0.01,,2026-08-11
458,2026-08-11 01:15:00+00:00,ETHUSDT,LONG,EXECUTED,LOW_RISK__LOW_QUAL__HIGH_PROFIT,None,TAKE_PROFIT_HIT,50.88,5.0,254.41,0.2,0.26,0.22,-0.22,0.2,0.5,0.0,0.0,0.0,0.5,10176.94,0.0,,2026-08-11
459,2026-08-11 01:15:00+00:00,BTCUSDT,LONG,EXECUTED,MED_RISK__HIGH_QUAL__HIGH_PROFIT,None,TIME_CLOSE_EXIT,76.33,2.5,190.82,0.22,0.18,0.01,-0.15,0.0,0.0,0.0,0.0,0.0,0.0,10176.94,0.0,,2026-08-11
460,2026-08-11 01:30:00+00:00,BTCUSDT,SHORT,EXECUTED,LOW_RISK__HIGH_QUAL__LOW_PROFIT,None,TIME_CLOSE_EXIT,152.65,5.0,763.27,0.38,0.04,0.05,-0.13,0.0,0.0,0.0,0.0,0.0,0.0,10176.94,0.0,,2026-08-11
461,2026-08-11 01:45:00+00:00,BTCUSDT,LONG,EXECUTED,MED_RISK__HIGH_QUAL__HIGH_PROFIT,None,TAKE_PROFIT_HIT,76.33,2.5,190.82,0.06,0.12,0.18,-0.12,0.06,0.12,0.0,0.0,0.0,0.12,10177.06,0.0,,2026-08-11
462,2026-08-11 03:15:00+00:00,SOLUSDT,LONG,EXECUTED,MED_RISK__HIGH_QUAL__HIGH_PROFIT,None,TIME_CLOSE_EXIT,76.33,2.5,190.82,0.96,0.32,0.08,-0.11,-0.17,-0.32,0.0,0.0,0.0,-0.32,10176.74,0.01,,2026-08-11
463,2026-08-11 04:00:00+00:00,XRPUSDT,LONG,EXECUTED,MED_RISK__HIGH_QUAL__LOW_PROFIT,None,TIME_CLOSE_EXIT,76.33,2.5,190.81,0.13,0.41,0.08,-0.02,-0.05,-0.1,0.0,0.0,0.0,-0.1,10176.64,0.01,,2026-08-11
464,2026-08-11 04:30:00+00:00,XRPUSDT,SHORT,EXECUTED,LOW_RISK__LOW_QUAL__LOW_PROFIT,None,TIME_CLOSE_EXIT,50.88,5.0,254.42,1.18,0.22,1.18,-0.06,0.52,1.32,0.0,0.0,0.0,1.32,10177.96,0.0,,2026-08-11
465,2026-08-11 05:15:00+00:00,ETHUSDT,SHORT,EXECUTED,LOW_RISK__HIGH_QUAL__HIGH_PROFIT,None,TIME_CLOSE_EXIT,152.67,5.0,763.35,0.57,0.24,0.19,-0.16,-0.17,-1.3,0.0,0.0,0.0,-1.3,10176.67,0.01,,2026-08-11
466,2026-08-11 05:15:00+00:00,SOLUSDT,SHORT,EXECUTED,LOW_RISK__HIGH_QUAL__LOW_PROFIT,None,TIME_CLOSE_EXIT,152.65,5.0,763.25,0.68,0.63,0.5,-0.38,-0.03,-0.23,0.0,0.0,0.0,-0.23,10176.44,0.01,,2026-08-11
467,2026-08-11 05:15:00+00:00,BTCUSDT,SHORT,EXECUTED,LOW_RISK__HIGH_QUAL__HIGH_PROFIT,None,TIME_CLOSE_EXIT,152.65,5.0,763.23,0.7,0.14,0.19,-0.12,-0.12,-0.92,0.0,0.0,0.0,-0.92,10175.52,0.02,,2026-08-11
468,2026-08-11 05:15:00+00:00,DOGEUSDT,SHORT,EXECUTED,MED_RISK__HIGH_QUAL__HIGH_PROFIT,None,TIME_CLOSE_EXIT,76.32,2.5,190.79,0.34,0.36,0.04,-0.24,0.0,0.0,0.0,0.0,0.0,0.0,10175.52,0.02,,2026-08-11
469,2026-08-11 05:30:00+00:00,DOGEUSDT,LONG,EXECUTED,MED_RISK__HIGH_QUAL__LOW_PROFIT,None,TAKE_PROFIT_HIT,76.32,2.5,190.79,0.46,0.37,1.71,-0.34,0.46,0.88,0.0,0.0,0.0,0.88,10176.4,0.02,,2026-08-11
470,2026-08-11 08:15:00+00:00,BTCUSDT,LONG,EXECUTED,MED_RISK__HIGH_QUAL__HIGH_PROFIT,None,TAKE_PROFIT_HIT,76.32,2.5,190.81,0.23,0.12,0.71,-0.02,0.23,0.44,0.0,0.0,0.0,0.44,10176.83,0.01,,2026-08-11
471,2026-08-11 08:30:00+00:00,ETHUSDT,LONG,EXECUTED,LOW_RISK__LOW_QUAL__LOW_PROFIT,None,TAKE_PROFIT_HIT,50.88,5.0,254.42,0.59,0.27,1.03,-0.1,0.59,1.51,0.0,0.0,0.0,1.51,10178.34,0.0,,2026-08-11
472,2026-08-11 10:15:00+00:00,SOLUSDT,LONG,EXECUTED,MED_RISK__HIGH_QUAL__HIGH_PROFIT,None,TIME_CLOSE_EXIT,76.34,2.5,190.84,1.55,0.46,0.51,-0.28,0.07,0.13,0.0,0.0,0.0,0.13,10178.48,0.0,,2026-08-11
473,2026-08-11 11:30:00+00:00,XRPUSDT,LONG,EXECUTED,MED_RISK__HIGH_QUAL__LOW_PROFIT,None,TIME_CLOSE_EXIT,76.34,2.5,190.85,0.3,0.46,0.15,-0.03,-0.15,-0.29,0.0,0.0,0.0,-0.29,10178.19,0.0,,2026-08-11
474,2026-08-11 12:45:00+00:00,XRPUSDT,SHORT,EXECUTED,LOW_RISK__LOW_QUAL__LOW_PROFIT,None,TIME_CLOSE_EXIT,50.89,5.0,254.45,1.37,0.47,0.12,-0.39,-0.29,-0.74,0.0,0.0,0.0,-0.74,10177.45,0.01,,2026-08-11
475,2026-08-11 13:45:00+00:00,XRPUSDT,LONG,EXECUTED,MED_RISK__HIGH_QUAL__LOW_PROFIT,None,TAKE_PROFIT_HIT,76.33,2.5,190.83,0.22,0.61,0.24,-0.28,0.22,0.41,0.0,0.0,0.0,0.41,10177.87,0.01,,2026-08-11
476,2026-08-11 13:45:00+00:00,BTCUSDT,SHORT,EXECUTED,LOW_RISK__HIGH_QUAL__LOW_PROFIT,None,TAKE_PROFIT_HIT,152.67,5.0,763.34,1.12,0.26,1.5,-0.1,1.12,8.56,0.0,0.0,0.0,8.56,10186.42,0.0,,2026-08-11
477,2026-08-11 14:15:00+00:00,SOLUSDT,SHORT,EXECUTED,LOW_RISK__HIGH_QUAL__LOW_PROFIT,None,TIME_CLOSE_EXIT,152.8,5.0,763.98,1.51,0.64,1.34,-0.69,0.46,3.51,0.0,0.0,0.0,3.51,10189.94,0.0,,2026-08-11
478,2026-08-11 14:30:00+00:00,ETHUSDT,SHORT,EXECUTED,LOW_RISK__HIGH_QUAL__HIGH_PROFIT,None,TIME_CLOSE_EXIT,152.85,5.0,764.25,1.44,0.67,1.26,-0.21,0.3,2.29,0.0,0.0,0.0,2.29,10192.23,0.0,,2026-08-11
479,2026-08-11 14:30:00+00:00,XRPUSDT,SHORT,EXECUTED,LOW_RISK__LOW_QUAL__LOW_PROFIT,None,TIME_CLOSE_EXIT,50.96,5.0,254.81,1.83,0.48,1.32,-0.19,-0.25,-0.64,0.0,0.0,0.0,-0.64,10191.59,0.01,,2026-08-11
480,2026-08-11 15:00:00+00:00,DOGEUSDT,SHORT,EXECUTED,HIGH_RISK__HIGH_QUAL__HIGH_PROFIT,None,TIME_CLOSE_EXIT,152.87,3.0,458.62,0.5,1.2,0.24,-0.7,-1.0,-4.59,0.0,0.0,0.0,-4.59,10187.01,0.05,,2026-08-11
481,2026-08-11 16:15:00+00:00,DOGEUSDT,LONG,EXECUTED,MED_RISK__HIGH_QUAL__LOW_PROFIT,None,TIME_CLOSE_EXIT,76.4,2.5,191.01,1.13,0.57,0.34,-0.03,0.0,0.0,0.0,0.0,0.0,0.0,10187.01,0.05,,2026-08-11
482,2026-08-11 16:30:00+00:00,XRPUSDT,LONG,EXECUTED,MED_RISK__HIGH_QUAL__LOW_PROFIT,None,TAKE_PROFIT_HIT,76.4,2.5,191.01,0.73,0.7,1.87,-0.12,0.73,1.4,0.0,0.0,0.0,1.4,10188.41,0.04,,2026-08-11
483,2026-08-11 16:30:00+00:00,DOGEUSDT,SHORT,EXECUTED,HIGH_RISK__LOW_QUAL__HIGH_PROFIT,None,TIME_CLOSE_EXIT,12.74,1.0,12.74,0.32,0.78,0.09,-0.47,-0.07,-0.01,0.0,0.0,0.0,-0.01,10188.4,0.04,,2026-08-11
484,2026-08-11 17:15:00+00:00,DOGEUSDT,LONG,EXECUTED,MED_RISK__HIGH_QUAL__LOW_PROFIT,None,TAKE_PROFIT_HIT,76.41,2.5,191.03,1.29,0.7,3.2,-0.58,1.29,2.46,0.0,0.0,0.0,2.46,10190.86,0.01,,2026-08-11
485,2026-08-11 19:30:00+00:00,SOLUSDT,LONG,EXECUTED,MED_RISK__HIGH_QUAL__HIGH_PROFIT,None,TAKE_PROFIT_HIT,76.43,2.5,191.08,0.94,0.51,1.52,-0.3,0.94,1.79,0.0,0.0,0.0,1.79,10192.65,0.0,,2026-08-11
486,2026-08-11 19:45:00+00:00,ETHUSDT,LONG,EXECUTED,HIGH_RISK__LOW_QUAL__HIGH_PROFIT,None,TAKE_PROFIT_HIT,12.74,1.0,12.74,0.56,1.01,2.29,-0.58,0.56,0.07,0.0,0.0,0.0,0.07,10192.72,0.0,,2026-08-11
487,2026-08-11 20:45:00+00:00,BTCUSDT,LONG,EXECUTED,MED_RISK__HIGH_QUAL__HIGH_PROFIT,None,TIME_CLOSE_EXIT,76.45,2.5,191.11,0.26,0.49,0.04,-0.14,-0.16,-0.31,0.0,0.0,0.0,-0.31,10192.41,0.0,,2026-08-11
488,2026-08-11 23:45:00+00:00,BTCUSDT,SHORT,EXECUTED,LOW_RISK__HIGH_QUAL__LOW_PROFIT,None,TIME_CLOSE_EXIT,152.89,5.0,764.43,0.58,0.03,0.1,-0.08,-0.01,-0.08,0.0,0.0,0.0,-0.08,10192.34,0.0,,2026-08-11
489,2026-08-12 00:15:00+00:00,BTCUSDT,LONG,EXECUTED,MED_RISK__HIGH_QUAL__HIGH_PROFIT,None,TAKE_PROFIT_HIT,76.44,2.5,191.11,0.14,0.11,0.38,-0.14,0.14,0.27,0.0,0.0,0.0,0.27,10192.6,0.0,,2026-08-12
490,2026-08-12 03:15:00+00:00,XRPUSDT,SHORT,EXECUTED,LOW_RISK__LOW_QUAL__LOW_PROFIT,None,TIME_CLOSE_EXIT,50.96,5.0,254.82,0.62,0.27,0.11,-0.22,-0.17,-0.43,0.0,0.0,0.0,-0.43,10192.17,0.01,,2026-08-12
491,2026-08-12 04:30:00+00:00,DOGEUSDT,SHORT,EXECUTED,MED_RISK__HIGH_QUAL__HIGH_PROFIT,None,TAKE_PROFIT_HIT,76.44,2.5,191.1,0.26,0.46,0.93,-0.25,0.26,0.49,0.0,0.0,0.0,0.49,10192.66,0.0,,2026-08-12
492,2026-08-12 04:45:00+00:00,SOLUSDT,SHORT,EXECUTED,LOW_RISK__HIGH_QUAL__LOW_PROFIT,None,TIME_CLOSE_EXIT,152.89,5.0,764.45,0.47,0.4,0.47,-0.12,0.14,1.07,0.0,0.0,0.0,1.07,10193.73,0.0,,2026-08-12
493,2026-08-12 05:30:00+00:00,XRPUSDT,LONG,EXECUTED,MED_RISK__HIGH_QUAL__LOW_PROFIT,None,TIME_CLOSE_EXIT,76.45,2.5,191.13,0.28,0.37,0.03,-0.07,-0.08,-0.15,0.0,0.0,0.0,-0.15,10193.58,0.0,,2026-08-12
494,2026-08-12 06:00:00+00:00,XRPUSDT,SHORT,EXECUTED,LOW_RISK__LOW_QUAL__LOW_PROFIT,None,TIME_CLOSE_EXIT,50.97,5.0,254.84,0.62,0.3,0.25,-0.27,-0.01,-0.03,0.0,0.0,0.0,-0.03,10193.55,0.0,,2026-08-12
495,2026-08-12 06:15:00+00:00,BTCUSDT,SHORT,EXECUTED,LOW_RISK__HIGH_QUAL__LOW_PROFIT,None,TIME_CLOSE_EXIT,152.9,5.0,764.52,0.64,0.37,0.05,-0.18,-0.32,-2.45,0.0,0.0,0.0,-2.45,10191.11,0.03,,2026-08-12
496,2026-08-12 08:00:00+00:00,BTCUSDT,LONG,EXECUTED,MED_RISK__HIGH_QUAL__HIGH_PROFIT,None,TAKE_PROFIT_HIT,76.43,2.5,191.08,0.39,0.12,1.11,-0.04,0.39,0.75,0.0,0.0,0.0,0.75,10191.85,0.02,,2026-08-12
497,2026-08-12 09:00:00+00:00,SOLUSDT,LONG,EXECUTED,MED_RISK__HIGH_QUAL__HIGH_PROFIT,None,TIME_CLOSE_EXIT,76.44,2.5,191.1,1.98,0.29,1.31,-0.25,0.2,0.38,0.0,0.0,0.0,0.38,10192.23,0.01,,2026-08-12
498,2026-08-12 09:15:00+00:00,XRPUSDT,LONG,EXECUTED,MED_RISK__HIGH_QUAL__LOW_PROFIT,None,TIME_CLOSE_EXIT,76.44,2.5,191.1,0.59,0.7,0.14,-0.51,-0.62,-1.18,0.0,0.0,0.0,-1.18,10191.05,0.03,,2026-08-12
499,2026-08-12 09:45:00+00:00,DOGEUSDT,LONG,EXECUTED,MED_RISK__HIGH_QUAL__LOW_PROFIT,None,TIME_CLOSE_EXIT,76.43,2.5,191.08,1.36,0.56,0.28,-0.31,-0.72,-1.38,0.0,0.0,0.0,-1.38,10189.67,0.04,,2026-08-12
500,2026-08-12 12:45:00+00:00,DOGEUSDT,SHORT,EXECUTED,MED_RISK__HIGH_QUAL__HIGH_PROFIT,None,TAKE_PROFIT_HIT,76.42,2.5,191.06,0.97,0.59,3.88,-0.06,0.97,1.86,0.0,0.0,0.0,1.86,10191.53,0.02,,2026-08-12
501,2026-08-12 12:45:00+00:00,XRPUSDT,SHORT,EXECUTED,LOW_RISK__LOW_QUAL__LOW_PROFIT,None,TAKE_PROFIT_HIT,50.96,5.0,254.79,1.35,0.58,1.62,-0.19,1.35,3.44,0.0,0.0,0.0,3.44,10194.97,0.0,,2026-08-12
502,2026-08-12 13:15:00+00:00,SOLUSDT,SHORT,EXECUTED,LOW_RISK__HIGH_QUAL__LOW_PROFIT,None,TAKE_PROFIT_HIT,152.92,5.0,764.62,1.1,0.49,1.45,-0.13,1.1,8.41,0.0,0.0,0.0,8.41,10203.38,0.0,,2026-08-12
503,2026-08-12 13:45:00+00:00,BTCUSDT,SHORT,EXECUTED,LOW_RISK__HIGH_QUAL__LOW_PROFIT,None,TIME_CLOSE_EXIT,153.05,5.0,765.25,1.29,0.47,0.83,-0.36,0.38,2.91,0.0,0.0,0.0,2.91,10206.29,0.0,,2026-08-12
504,2026-08-12 14:00:00+00:00,ETHUSDT,SHORT,EXECUTED,LOW_RISK__HIGH_QUAL__HIGH_PROFIT,None,TAKE_PROFIT_HIT,153.09,5.0,765.47,1.0,0.63,1.4,-0.2,1.0,7.68,0.0,0.0,0.0,7.68,10213.97,0.0,,2026-08-12
505,2026-08-12 21:00:00+00:00,BTCUSDT,LONG,EXECUTED,MED_RISK__HIGH_QUAL__HIGH_PROFIT,None,TIME_CLOSE_EXIT,76.6,2.5,191.51,0.27,0.29,0.12,-0.04,-0.15,-0.29,0.0,0.0,0.0,-0.29,10213.69,0.0,,2026-08-12
506,2026-08-12 22:30:00+00:00,BTCUSDT,SHORT,EXECUTED,LOW_RISK__HIGH_QUAL__LOW_PROFIT,None,TIME_CLOSE_EXIT,153.21,5.0,766.03,0.74,0.23,0.06,-0.14,-0.12,-0.92,0.0,0.0,0.0,-0.92,10212.77,0.01,,2026-08-12
507,2026-08-13 00:00:00+00:00,BTCUSDT,LONG,EXECUTED,MED_RISK__HIGH_QUAL__HIGH_PROFIT,None,TIME_CLOSE_EXIT,76.6,2.5,191.49,0.32,0.27,0.18,-0.22,-0.29,-0.56,0.0,0.0,0.0,-0.56,10212.21,0.02,,2026-08-13
508,2026-08-13 01:30:00+00:00,BTCUSDT,SHORT,EXECUTED,LOW_RISK__HIGH_QUAL__LOW_PROFIT,None,TIME_CLOSE_EXIT,153.18,5.0,765.92,0.54,0.2,0.05,-0.2,-0.14,-1.07,0.0,0.0,0.0,-1.07,10211.14,0.03,,2026-08-13
509,2026-08-13 02:15:00+00:00,DOGEUSDT,LONG,EXECUTED,LOW_RISK__HIGH_QUAL__LOW_PROFIT,None,TAKE_PROFIT_HIT,153.17,5.0,765.84,0.43,0.23,1.26,-0.17,0.43,3.28,0.0,0.0,0.0,3.28,10214.42,0.0,,2026-08-13
510,2026-08-13 02:30:00+00:00,SOLUSDT,LONG,EXECUTED,MED_RISK__HIGH_QUAL__HIGH_PROFIT,None,TIME_CLOSE_EXIT,76.61,2.5,191.52,1.77,0.26,1.18,-0.26,0.63,1.21,0.0,0.0,0.0,1.21,10215.63,0.0,,2026-08-13
511,2026-08-13 02:45:00+00:00,BTCUSDT,LONG,EXECUTED,MED_RISK__HIGH_QUAL__HIGH_PROFIT,None,TAKE_PROFIT_HIT,76.62,2.5,191.54,0.16,0.14,0.72,-0.11,0.16,0.31,0.0,0.0,0.0,0.31,10215.93,0.0,,2026-08-13
512,2026-08-13 03:00:00+00:00,XRPUSDT,LONG,EXECUTED,MED_RISK__HIGH_QUAL__LOW_PROFIT,None,TAKE_PROFIT_HIT,76.62,2.5,191.55,0.41,0.66,0.6,-0.23,0.41,0.79,0.0,0.0,0.0,0.79,10216.72,0.0,,2026-08-13
513,2026-08-13 03:00:00+00:00,ETHUSDT,LONG,EXECUTED,LOW_RISK__LOW_QUAL__HIGH_PROFIT,None,TAKE_PROFIT_HIT,51.08,5.0,255.42,0.53,0.33,0.88,-0.09,0.53,1.34,0.0,0.0,0.0,1.34,10218.07,0.0,,2026-08-13
514,2026-08-13 09:00:00+00:00,BTCUSDT,SHORT,EXECUTED,LOW_RISK__HIGH_QUAL__LOW_PROFIT,None,TIME_CLOSE_EXIT,153.27,5.0,766.36,0.76,0.33,0.42,-0.31,0.02,0.15,0.0,0.0,0.0,0.15,10218.22,0.0,,2026-08-13
515,2026-08-13 09:00:00+00:00,SOLUSDT,SHORT,EXECUTED,LOW_RISK__HIGH_QUAL__LOW_PROFIT,None,TIME_CLOSE_EXIT,153.27,5.0,766.37,1.0,0.69,0.53,-0.34,-0.24,-1.84,0.0,0.0,0.0,-1.84,10216.38,0.02,,2026-08-13
516,2026-08-13 09:00:00+00:00,ETHUSDT,SHORT,EXECUTED,LOW_RISK__HIGH_QUAL__HIGH_PROFIT,None,TIME_CLOSE_EXIT,153.25,5.0,766.23,0.8,0.58,0.4,-0.4,-0.32,-2.45,0.0,0.0,0.0,-2.45,10213.93,0.04,,2026-08-13
517,2026-08-13 09:15:00+00:00,XRPUSDT,SHORT,EXECUTED,LOW_RISK__LOW_QUAL__LOW_PROFIT,None,TIME_CLOSE_EXIT,51.07,5.0,255.35,1.13,0.19,0.81,-0.17,0.26,0.66,0.0,0.0,0.0,0.66,10214.59,0.04,,2026-08-13
518,2026-08-13 10:00:00+00:00,DOGEUSDT,SHORT,EXECUTED,MED_RISK__HIGH_QUAL__HIGH_PROFIT,None,TAKE_PROFIT_HIT,76.61,2.5,191.52,0.91,0.66,0.97,-0.53,0.91,1.75,0.0,0.0,0.0,1.75,10216.34,0.02,,2026-08-13
519,2026-08-13 13:00:00+00:00,SOLUSDT,LONG,EXECUTED,MED_RISK__HIGH_QUAL__HIGH_PROFIT,None,TIME_CLOSE_EXIT,76.62,2.5,191.56,0.83,0.55,0.55,-0.14,-0.09,-0.17,0.0,0.0,0.0,-0.17,10216.17,0.02,,2026-08-13
520,2026-08-13 13:00:00+00:00,ETHUSDT,LONG,EXECUTED,LOW_RISK__LOW_QUAL__HIGH_PROFIT,None,TIME_CLOSE_EXIT,51.08,5.0,255.4,0.45,0.67,0.27,-0.27,-0.07,-0.18,0.0,0.0,0.0,-0.18,10215.99,0.02,,2026-08-13
521,2026-08-13 13:30:00+00:00,BTCUSDT,LONG,EXECUTED,MED_RISK__HIGH_QUAL__HIGH_PROFIT,None,TIME_CLOSE_EXIT,76.62,2.5,191.55,0.45,0.57,0.3,-0.38,-0.13,-0.25,0.0,0.0,0.0,-0.25,10215.74,0.02,,2026-08-13
522,2026-08-13 14:45:00+00:00,XRPUSDT,LONG,EXECUTED,MED_RISK__HIGH_QUAL__LOW_PROFIT,None,TIME_CLOSE_EXIT,76.62,2.5,191.55,0.26,0.66,0.17,-0.19,-0.27,-0.52,0.0,0.0,0.0,-0.52,10215.22,0.03,,2026-08-13
523,2026-08-13 15:45:00+00:00,ETHUSDT,SHORT,EXECUTED,LOW_RISK__HIGH_QUAL__HIGH_PROFIT,None,TIME_CLOSE_EXIT,153.23,5.0,766.14,1.13,0.64,0.87,-0.58,-0.44,-3.37,0.0,0.0,0.0,-3.37,10211.85,0.06,,2026-08-13
524,2026-08-13 15:45:00+00:00,BTCUSDT,SHORT,EXECUTED,LOW_RISK__HIGH_QUAL__LOW_PROFIT,None,TIME_CLOSE_EXIT,153.18,5.0,765.89,1.09,0.53,0.97,-0.48,0.01,0.08,0.0,0.0,0.0,0.08,10211.93,0.06,,2026-08-13
525,2026-08-13 15:45:00+00:00,SOLUSDT,SHORT,EXECUTED,MED_RISK__HIGH_QUAL__LOW_PROFIT,None,TIME_CLOSE_EXIT,76.59,2.5,191.47,0.99,0.82,0.71,-0.61,-0.49,-0.94,0.0,0.0,0.0,-0.94,10210.99,0.07,,2026-08-13
526,2026-08-13 15:45:00+00:00,XRPUSDT,SHORT,EXECUTED,LOW_RISK__LOW_QUAL__LOW_PROFIT,None,TIME_CLOSE_EXIT,51.05,5.0,255.27,1.19,0.63,0.49,-0.42,-0.36,-0.92,0.0,0.0,0.0,-0.92,10210.07,0.08,,2026-08-13
527,2026-08-13 18:00:00+00:00,XRPUSDT,LONG,EXECUTED,MED_RISK__HIGH_QUAL__LOW_PROFIT,None,TIME_CLOSE_EXIT,76.58,2.5,191.44,0.52,0.27,0.21,-0.01,0.0,0.0,0.0,0.0,0.0,0.0,10210.07,0.08,,2026-08-13
528,2026-08-13 18:15:00+00:00,XRPUSDT,SHORT,EXECUTED,LOW_RISK__LOW_QUAL__LOW_PROFIT,None,TIME_CLOSE_EXIT,51.05,5.0,255.25,0.58,0.28,0.0,-0.24,0.0,0.0,0.0,0.0,0.0,0.0,10210.07,0.08,,2026-08-13
529,2026-08-13 18:30:00+00:00,XRPUSDT,LONG,EXECUTED,MED_RISK__HIGH_QUAL__LOW_PROFIT,None,TAKE_PROFIT_HIT,76.58,2.5,191.44,0.5,0.33,0.67,-0.28,0.5,0.95,0.0,0.0,0.0,0.95,10211.02,0.07,,2026-08-13
530,2026-08-13 19:00:00+00:00,DOGEUSDT,LONG,EXECUTED,MED_RISK__HIGH_QUAL__LOW_PROFIT,None,TIME_CLOSE_EXIT,76.58,2.5,191.46,0.49,0.43,0.33,-0.16,-0.16,-0.31,0.0,0.0,0.0,-0.31,10210.72,0.07,,2026-08-13
531,2026-08-13 19:00:00+00:00,SOLUSDT,LONG,EXECUTED,MED_RISK__HIGH_QUAL__HIGH_PROFIT,None,TIME_CLOSE_EXIT,76.58,2.5,191.45,1.39,0.41,0.43,-0.18,0.05,0.1,0.0,0.0,0.0,0.1,10210.81,0.07,,2026-08-13
532,2026-08-13 19:15:00+00:00,ETHUSDT,LONG,EXECUTED,MED_RISK__LOW_QUAL__HIGH_PROFIT,None,TIME_CLOSE_EXIT,25.53,2.5,63.82,0.47,0.54,0.27,-0.14,-0.09,-0.06,0.0,0.0,0.0,-0.06,10210.76,0.07,,2026-08-13
533,2026-08-13 20:15:00+00:00,BTCUSDT,LONG,EXECUTED,MED_RISK__HIGH_QUAL__HIGH_PROFIT,None,TAKE_PROFIT_HIT,76.58,2.5,191.45,0.19,0.3,0.29,-0.11,0.19,0.37,0.0,0.0,0.0,0.37,10211.12,0.07,,2026-08-13
534,2026-08-14 00:15:00+00:00,ETHUSDT,SHORT,EXECUTED,LOW_RISK__LOW_QUAL__HIGH_PROFIT,None,TIME_CLOSE_EXIT,51.06,5.0,255.28,0.51,0.17,0.06,-0.14,0.0,0.0,0.0,0.0,0.0,0.0,10211.12,0.07,,2026-08-14
535,2026-08-14 00:30:00+00:00,DOGEUSDT,LONG,EXECUTED,MED_RISK__HIGH_QUAL__LOW_PROFIT,None,TAKE_PROFIT_HIT,76.58,2.5,191.46,0.18,0.3,0.23,-0.14,0.18,0.34,0.0,0.0,0.0,0.34,10211.46,0.07,,2026-08-14
536,2026-08-14 00:30:00+00:00,ETHUSDT,LONG,EXECUTED,LOW_RISK__LOW_QUAL__LOW_PROFIT,None,TIME_CLOSE_EXIT,51.06,5.0,255.29,0.05,0.21,0.02,-0.29,-0.15,-0.38,0.0,0.0,0.0,-0.38,10211.08,0.07,,2026-08-14
537,2026-08-14 00:45:00+00:00,SOLUSDT,SHORT,EXECUTED,LOW_RISK__HIGH_QUAL__LOW_PROFIT,None,TAKE_PROFIT_HIT,153.17,5.0,765.83,0.74,0.35,1.34,-0.16,0.74,5.68,0.0,0.0,0.0,5.68,10216.76,0.01,,2026-08-14
538,2026-08-14 01:15:00+00:00,ETHUSDT,SHORT,EXECUTED,LOW_RISK__HIGH_QUAL__HIGH_PROFIT,None,TIME_CLOSE_EXIT,153.25,5.0,766.26,0.52,0.13,0.08,-0.16,0.0,0.0,0.0,0.0,0.0,0.0,10216.76,0.01,,2026-08-14
539,2026-08-14 01:30:00+00:00,ETHUSDT,LONG,EXECUTED,LOW_RISK__LOW_QUAL__LOW_PROFIT,None,TAKE_PROFIT_HIT,51.08,5.0,255.42,0.06,0.23,0.09,-0.2,0.06,0.16,0.0,0.0,0.0,0.16,10216.92,0.01,,2026-08-14
540,2026-08-14 03:00:00+00:00,ETHUSDT,SHORT,EXECUTED,LOW_RISK__HIGH_QUAL__HIGH_PROFIT,None,TAKE_PROFIT_HIT,153.25,5.0,766.27,0.73,0.17,0.87,-0.18,0.73,5.56,0.0,0.0,0.0,5.56,10222.47,0.0,,2026-08-14
541,2026-08-14 03:00:00+00:00,DOGEUSDT,SHORT,EXECUTED,MED_RISK__HIGH_QUAL__HIGH_PROFIT,None,TAKE_PROFIT_HIT,76.67,2.5,191.67,0.47,0.49,1.16,-0.19,0.47,0.9,0.0,0.0,0.0,0.9,10223.37,0.0,,2026-08-14
542,2026-08-14 03:15:00+00:00,BTCUSDT,SHORT,EXECUTED,LOW_RISK__HIGH_QUAL__LOW_PROFIT,None,TAKE_PROFIT_HIT,153.35,5.0,766.75,0.61,0.09,1.46,-0.18,0.61,4.64,0.0,0.0,0.0,4.64,10228.01,0.0,,2026-08-14
543,2026-08-14 04:45:00+00:00,XRPUSDT,SHORT,EXECUTED,LOW_RISK__LOW_QUAL__LOW_PROFIT,None,TAKE_PROFIT_HIT,51.14,5.0,255.7,0.88,0.26,0.9,-0.18,0.88,2.24,0.0,0.0,0.0,2.24,10230.25,0.0,,2026-08-14
544,2026-08-14 11:30:00+00:00,ETHUSDT,LONG,EXECUTED,LOW_RISK__LOW_QUAL__LOW_PROFIT,None,TIME_CLOSE_EXIT,51.15,5.0,255.76,0.32,0.39,0.09,-0.12,-0.24,-0.61,0.0,0.0,0.0,-0.61,10229.64,0.01,,2026-08-14
545,2026-08-14 12:45:00+00:00,ETHUSDT,SHORT,EXECUTED,LOW_RISK__HIGH_QUAL__HIGH_PROFIT,None,TAKE_PROFIT_HIT,153.44,5.0,767.22,0.41,0.38,0.49,-0.18,0.41,3.13,0.0,0.0,0.0,3.13,10232.77,0.0,,2026-08-14
546,2026-08-14 15:00:00+00:00,DOGEUSDT,LONG,EXECUTED,MED_RISK__HIGH_QUAL__LOW_PROFIT,None,TAKE_PROFIT_HIT,76.75,2.5,191.86,0.67,0.46,0.75,-0.22,0.67,1.29,0.0,0.0,0.0,1.29,10234.06,0.0,,2026-08-14
547,2026-08-14 15:15:00+00:00,XRPUSDT,LONG,EXECUTED,MED_RISK__HIGH_QUAL__LOW_PROFIT,None,TIME_CLOSE_EXIT,76.76,2.5,191.89,0.41,0.62,0.3,-0.48,-0.25,-0.48,0.0,0.0,0.0,-0.48,10233.58,0.0,,2026-08-14
548,2026-08-14 15:30:00+00:00,BTCUSDT,LONG,EXECUTED,MED_RISK__HIGH_QUAL__HIGH_PROFIT,None,TIME_CLOSE_EXIT,76.75,2.5,191.88,0.41,0.7,0.38,-0.34,-0.23,-0.44,0.0,0.0,0.0,-0.44,10233.14,0.01,,2026-08-14
549,2026-08-14 15:30:00+00:00,SOLUSDT,LONG,EXECUTED,MED_RISK__HIGH_QUAL__HIGH_PROFIT,None,TIME_CLOSE_EXIT,76.75,2.5,191.87,0.82,0.66,0.05,-0.4,-0.38,-0.73,0.0,0.0,0.0,-0.73,10232.41,0.02,,2026-08-14
550,2026-08-14 15:30:00+00:00,ETHUSDT,LONG,EXECUTED,HIGH_RISK__LOW_QUAL__HIGH_PROFIT,None,TIME_CLOSE_EXIT,12.79,1.0,12.79,0.43,0.87,0.23,-0.42,-0.35,-0.04,0.0,0.0,0.0,-0.04,10232.36,0.02,,2026-08-14
551,2026-08-14 17:30:00+00:00,XRPUSDT,SHORT,EXECUTED,LOW_RISK__LOW_QUAL__LOW_PROFIT,None,TAKE_PROFIT_HIT,51.16,5.0,255.81,1.05,0.23,1.68,-0.16,1.05,2.67,0.0,0.0,0.0,2.67,10235.04,0.0,,2026-08-14
552,2026-08-14 17:45:00+00:00,SOLUSDT,SHORT,EXECUTED,LOW_RISK__HIGH_QUAL__LOW_PROFIT,None,TIME_CLOSE_EXIT,153.53,5.0,767.63,1.7,0.41,0.81,-0.27,0.08,0.61,0.0,0.0,0.0,0.61,10235.65,0.0,,2026-08-14
553,2026-08-14 18:45:00+00:00,ETHUSDT,SHORT,EXECUTED,LOW_RISK__HIGH_QUAL__HIGH_PROFIT,None,TIME_CLOSE_EXIT,153.53,5.0,767.67,0.51,0.28,0.11,-0.11,-0.22,-1.69,0.0,0.0,0.0,-1.69,10233.96,0.02,,2026-08-14
554,2026-08-14 19:15:00+00:00,DOGEUSDT,SHORT,EXECUTED,MED_RISK__HIGH_QUAL__HIGH_PROFIT,None,TIME_CLOSE_EXIT,76.75,2.5,191.89,0.44,0.37,0.16,-0.06,-0.11,-0.21,0.0,0.0,0.0,-0.21,10233.75,0.02,,2026-08-14
555,2026-08-14 19:15:00+00:00,BTCUSDT,SHORT,EXECUTED,LOW_RISK__HIGH_QUAL__LOW_PROFIT,None,TIME_CLOSE_EXIT,153.51,5.0,767.53,0.67,0.08,0.21,-0.15,-0.03,-0.23,0.0,0.0,0.0,-0.23,10233.52,0.02,,2026-08-14
556,2026-08-14 19:45:00+00:00,ETHUSDT,LONG,EXECUTED,LOW_RISK__LOW_QUAL__HIGH_PROFIT,None,TIME_CLOSE_EXIT,51.17,5.0,255.84,0.18,0.24,0.06,-0.08,-0.08,-0.2,0.0,0.0,0.0,-0.2,10233.32,0.02,,2026-08-14
557,2026-08-14 19:45:00+00:00,DOGEUSDT,LONG,EXECUTED,MED_RISK__HIGH_QUAL__LOW_PROFIT,None,TIME_CLOSE_EXIT,76.75,2.5,191.87,0.37,0.28,0.09,-0.1,-0.07,-0.13,0.0,0.0,0.0,-0.13,10233.18,0.02,,2026-08-14
558,2026-08-14 21:30:00+00:00,DOGEUSDT,SHORT,EXECUTED,MED_RISK__HIGH_QUAL__HIGH_PROFIT,None,TIME_CLOSE_EXIT,76.75,2.5,191.87,0.36,0.33,0.03,-0.13,-0.14,-0.27,0.0,0.0,0.0,-0.27,10232.91,0.03,,2026-08-14
559,2026-08-14 22:00:00+00:00,DOGEUSDT,LONG,EXECUTED,MED_RISK__HIGH_QUAL__LOW_PROFIT,None,TIME_CLOSE_EXIT,76.75,2.5,191.87,0.51,0.27,0.11,-0.11,0.0,0.0,0.0,0.0,0.0,0.0,10232.91,0.03,,2026-08-14
560,2026-08-14 22:00:00+00:00,ETHUSDT,SHORT,EXECUTED,LOW_RISK__HIGH_QUAL__HIGH_PROFIT,None,TIME_CLOSE_EXIT,153.49,5.0,767.47,0.52,0.19,0.08,-0.19,-0.12,-0.92,0.0,0.0,0.0,-0.92,10231.99,0.04,,2026-08-14
561,2026-08-14 22:15:00+00:00,DOGEUSDT,SHORT,EXECUTED,MED_RISK__HIGH_QUAL__HIGH_PROFIT,None,TIME_CLOSE_EXIT,76.74,2.5,191.85,0.37,0.42,0.0,-0.23,-0.23,-0.44,0.0,0.0,0.0,-0.44,10231.55,0.04,,2026-08-14
562,2026-08-14 23:00:00+00:00,ETHUSDT,LONG,EXECUTED,LOW_RISK__LOW_QUAL__LOW_PROFIT,None,TAKE_PROFIT_HIT,51.16,5.0,255.79,0.13,0.22,0.3,-0.12,0.13,0.34,0.0,0.0,0.0,0.34,10231.89,0.04,,2026-08-14
563,2026-08-14 23:00:00+00:00,DOGEUSDT,LONG,EXECUTED,LOW_RISK__HIGH_QUAL__LOW_PROFIT,None,TAKE_PROFIT_HIT,153.48,5.0,767.39,0.47,0.43,0.83,-0.2,0.47,3.61,0.0,0.0,0.0,3.61,10235.51,0.0,,2026-08-14
564,2026-08-14 23:15:00+00:00,SOLUSDT,LONG,EXECUTED,MED_RISK__HIGH_QUAL__HIGH_PROFIT,None,TAKE_PROFIT_HIT,76.77,2.5,191.92,0.46,0.41,0.5,-0.17,0.46,0.88,0.0,0.0,0.0,0.88,10236.39,0.0,,2026-08-14
565,2026-08-14 23:30:00+00:00,BTCUSDT,LONG,EXECUTED,MED_RISK__HIGH_QUAL__HIGH_PROFIT,None,TAKE_PROFIT_HIT,76.77,2.5,191.93,0.26,0.21,0.28,-0.16,0.26,0.5,0.0,0.0,0.0,0.5,10236.88,0.0,,2026-08-14
566,2026-08-15 00:15:00+00:00,XRPUSDT,LONG,EXECUTED,MED_RISK__HIGH_QUAL__LOW_PROFIT,None,TAKE_PROFIT_HIT,76.78,2.5,191.94,0.36,0.29,0.89,-0.08,0.36,0.69,0.0,0.0,0.0,0.69,10237.57,0.0,,2026-08-15
567,2026-08-15 05:30:00+00:00,ETHUSDT,SHORT,EXECUTED,LOW_RISK__HIGH_QUAL__LOW_PROFIT,None,TIME_CLOSE_EXIT,153.56,5.0,767.82,0.31,0.13,0.29,-0.12,0.14,1.07,0.0,0.0,0.0,1.07,10238.64,0.0,,2026-08-15
568,2026-08-15 05:45:00+00:00,SOLUSDT,SHORT,EXECUTED,LOW_RISK__HIGH_QUAL__LOW_PROFIT,None,TIME_CLOSE_EXIT,153.58,5.0,767.9,0.91,0.26,0.41,-0.19,0.11,0.84,0.0,0.0,0.0,0.84,10239.49,0.0,,2026-08-15
569,2026-08-15 06:00:00+00:00,DOGEUSDT,SHORT,EXECUTED,MED_RISK__HIGH_QUAL__HIGH_PROFIT,None,TIME_CLOSE_EXIT,76.8,2.5,191.99,0.46,0.43,0.21,-0.23,-0.06,-0.12,0.0,0.0,0.0,-0.12,10239.37,0.0,,2026-08-15
570,2026-08-15 06:15:00+00:00,BTCUSDT,SHORT,EXECUTED,LOW_RISK__HIGH_QUAL__HIGH_PROFIT,None,TIME_CLOSE_EXIT,153.59,5.0,767.95,0.59,0.05,0.01,-0.05,-0.05,-0.38,0.0,0.0,0.0,-0.38,10238.99,0.0,,2026-08-15
571,2026-08-15 06:45:00+00:00,BTCUSDT,LONG,EXECUTED,MED_RISK__HIGH_QUAL__HIGH_PROFIT,None,TIME_CLOSE_EXIT,76.79,2.5,191.98,0.09,0.1,0.03,-0.07,-0.06,-0.12,0.0,0.0,0.0,-0.12,10238.87,0.01,,2026-08-15
572,2026-08-15 07:45:00+00:00,XRPUSDT,SHORT,EXECUTED,LOW_RISK__LOW_QUAL__LOW_PROFIT,None,TIME_CLOSE_EXIT,51.19,5.0,255.97,0.72,0.27,0.2,-0.1,-0.02,-0.05,0.0,0.0,0.0,-0.05,10238.82,0.01,,2026-08-15
573,2026-08-15 08:00:00+00:00,BTCUSDT,SHORT,EXECUTED,LOW_RISK__HIGH_QUAL__HIGH_PROFIT,None,TIME_CLOSE_EXIT,153.58,5.0,767.91,0.46,0.04,0.22,-0.04,-0.02,-0.15,0.0,0.0,0.0,-0.15,10238.67,0.01,,2026-08-15
574,2026-08-15 11:30:00+00:00,XRPUSDT,LONG,EXECUTED,MED_RISK__HIGH_QUAL__LOW_PROFIT,None,TIME_CLOSE_EXIT,76.79,2.5,191.98,0.25,0.26,0.0,-0.09,0.0,0.0,0.0,0.0,0.0,0.0,10238.67,0.01,,2026-08-15
575,2026-08-15 11:45:00+00:00,XRPUSDT,SHORT,EXECUTED,LOW_RISK__LOW_QUAL__LOW_PROFIT,None,TIME_CLOSE_EXIT,51.19,5.0,255.97,0.65,0.24,0.25,-0.12,0.05,0.13,0.0,0.0,0.0,0.13,10238.8,0.01,,2026-08-15
576,2026-08-15 12:45:00+00:00,ETHUSDT,LONG,EXECUTED,LOW_RISK__LOW_QUAL__LOW_PROFIT,None,TIME_CLOSE_EXIT,51.19,5.0,255.97,0.36,0.26,0.14,-0.3,-0.05,-0.13,0.0,0.0,0.0,-0.13,10238.67,0.01,,2026-08-15
577,2026-08-15 12:45:00+00:00,SOLUSDT,LONG,EXECUTED,MED_RISK__HIGH_QUAL__HIGH_PROFIT,None,TIME_CLOSE_EXIT,76.79,2.5,191.98,0.7,0.41,0.34,-0.24,0.05,0.1,0.0,0.0,0.0,0.1,10238.77,0.01,,2026-08-15
578,2026-08-15 13:15:00+00:00,BTCUSDT,LONG,EXECUTED,MED_RISK__HIGH_QUAL__HIGH_PROFIT,None,TIME_CLOSE_EXIT,76.79,2.5,191.98,0.15,0.08,0.14,-0.06,0.02,0.04,0.0,0.0,0.0,0.04,10238.8,0.01,,2026-08-15
579,2026-08-15 13:15:00+00:00,DOGEUSDT,LONG,EXECUTED,LOW_RISK__HIGH_QUAL__LOW_PROFIT,None,TIME_CLOSE_EXIT,153.58,5.0,767.91,0.32,0.22,0.11,-0.01,-0.01,-0.08,0.0,0.0,0.0,-0.08,10238.73,0.01,,2026-08-15
580,2026-08-15 14:15:00+00:00,DOGEUSDT,SHORT,EXECUTED,MED_RISK__HIGH_QUAL__HIGH_PROFIT,None,TIME_CLOSE_EXIT,76.79,2.5,191.98,0.33,0.48,0.04,-0.16,-0.13,-0.25,0.0,0.0,0.0,-0.25,10238.48,0.01,,2026-08-15
581,2026-08-15 15:30:00+00:00,DOGEUSDT,LONG,EXECUTED,LOW_RISK__HIGH_QUAL__LOW_PROFIT,None,TIME_CLOSE_EXIT,153.58,5.0,767.89,0.38,0.27,0.0,-0.1,-0.07,-0.54,0.0,0.0,0.0,-0.54,10237.94,0.02,,2026-08-15
582,2026-08-15 16:30:00+00:00,DOGEUSDT,SHORT,EXECUTED,MED_RISK__HIGH_QUAL__HIGH_PROFIT,None,TIME_CLOSE_EXIT,76.78,2.5,191.96,0.38,0.31,0.37,-0.11,0.0,0.0,0.0,0.0,0.0,0.0,10237.94,0.02,,2026-08-15
583,2026-08-15 16:45:00+00:00,XRPUSDT,LONG,EXECUTED,MED_RISK__HIGH_QUAL__LOW_PROFIT,None,TIME_CLOSE_EXIT,76.78,2.5,191.96,0.36,0.21,0.11,-0.06,-0.03,-0.06,0.0,0.0,0.0,-0.06,10237.88,0.02,,2026-08-15
584,2026-08-15 18:15:00+00:00,XRPUSDT,SHORT,EXECUTED,LOW_RISK__LOW_QUAL__LOW_PROFIT,None,TIME_CLOSE_EXIT,51.19,5.0,255.95,0.54,0.27,0.07,-0.12,-0.12,-0.31,0.0,0.0,0.0,-0.31,10237.58,0.02,,2026-08-15
585,2026-08-15 18:45:00+00:00,ETHUSDT,SHORT,EXECUTED,LOW_RISK__HIGH_QUAL__LOW_PROFIT,None,TIME_CLOSE_EXIT,153.56,5.0,767.82,0.03,0.09,0.0,-0.01,-0.06,-0.46,0.0,0.0,0.0,-0.46,10237.11,0.02,,2026-08-15
586,2026-08-15 18:45:00+00:00,BTCUSDT,SHORT,EXECUTED,LOW_RISK__HIGH_QUAL__HIGH_PROFIT,None,TIME_CLOSE_EXIT,153.56,5.0,767.78,0.41,0.03,0.02,0.0,0.0,0.0,0.0,0.0,0.0,0.0,10237.11,0.02,,2026-08-15
587,2026-08-15 19:00:00+00:00,XRPUSDT,LONG,EXECUTED,MED_RISK__HIGH_QUAL__LOW_PROFIT,None,TAKE_PROFIT_HIT,76.78,2.5,191.95,0.32,0.22,0.4,-0.05,0.32,0.61,0.0,0.0,0.0,0.61,10237.72,0.02,,2026-08-15
588,2026-08-15 19:00:00+00:00,BTCUSDT,LONG,EXECUTED,MED_RISK__HIGH_QUAL__HIGH_PROFIT,None,TAKE_PROFIT_HIT,76.78,2.5,191.96,0.12,0.23,0.14,-0.05,0.12,0.23,0.0,0.0,0.0,0.23,10237.95,0.01,,2026-08-15
589,2026-08-15 19:30:00+00:00,ETHUSDT,LONG,EXECUTED,LOW_RISK__LOW_QUAL__LOW_PROFIT,None,TIME_CLOSE_EXIT,51.19,5.0,255.95,0.04,0.05,0.04,-0.01,-0.02,-0.05,0.0,0.0,0.0,-0.05,10237.9,0.02,,2026-08-15
590,2026-08-15 20:15:00+00:00,ETHUSDT,SHORT,EXECUTED,LOW_RISK__HIGH_QUAL__LOW_PROFIT,None,TIME_CLOSE_EXIT,153.57,5.0,767.84,0.21,0.04,0.02,-0.04,-0.05,-0.38,0.0,0.0,0.0,-0.38,10237.52,0.02,,2026-08-15
591,2026-08-15 20:30:00+00:00,SOLUSDT,SHORT,EXECUTED,LOW_RISK__HIGH_QUAL__LOW_PROFIT,None,TIME_CLOSE_EXIT,153.56,5.0,767.81,0.94,0.17,0.07,-0.01,-0.04,-0.31,0.0,0.0,0.0,-0.31,10237.21,0.02,,2026-08-15
592,2026-08-15 21:00:00+00:00,SOLUSDT,LONG,EXECUTED,MED_RISK__HIGH_QUAL__HIGH_PROFIT,None,TAKE_PROFIT_HIT,76.78,2.5,191.95,0.12,0.31,0.2,-0.08,0.12,0.24,0.0,0.0,0.0,0.24,10237.45,0.02,,2026-08-15
593,2026-08-15 21:15:00+00:00,ETHUSDT,LONG,EXECUTED,LOW_RISK__LOW_QUAL__LOW_PROFIT,None,TAKE_PROFIT_HIT,51.19,5.0,255.94,-0.08,0.09,0.06,-0.03,-0.08,-0.22,0.0,0.0,0.0,-0.22,10237.23,0.02,,2026-08-15
594,2026-08-15 21:15:00+00:00,DOGEUSDT,LONG,EXECUTED,LOW_RISK__HIGH_QUAL__LOW_PROFIT,None,TIME_CLOSE_EXIT,153.56,5.0,767.79,0.16,0.42,0.01,-0.11,-0.24,-1.84,0.0,0.0,0.0,-1.84,10235.39,0.04,,2026-08-15
595,2026-08-15 22:45:00+00:00,DOGEUSDT,SHORT,EXECUTED,MED_RISK__HIGH_QUAL__HIGH_PROFIT,None,TIME_CLOSE_EXIT,76.77,2.5,191.91,0.71,0.37,0.52,-0.19,-0.06,-0.12,0.0,0.0,0.0,-0.12,10235.28,0.04,,2026-08-15
596,2026-08-15 23:00:00+00:00,SOLUSDT,SHORT,EXECUTED,LOW_RISK__HIGH_QUAL__LOW_PROFIT,None,TIME_CLOSE_EXIT,153.53,5.0,767.65,0.83,0.42,0.21,-0.21,-0.24,-1.84,0.0,0.0,0.0,-1.84,10233.43,0.06,,2026-08-15
597,2026-08-15 23:15:00+00:00,XRPUSDT,SHORT,EXECUTED,LOW_RISK__LOW_QUAL__LOW_PROFIT,None,TIME_CLOSE_EXIT,51.17,5.0,255.84,0.73,0.22,0.25,-0.15,-0.03,-0.08,0.0,0.0,0.0,-0.08,10233.36,0.06,,2026-08-15
598,2026-08-15 23:30:00+00:00,ETHUSDT,SHORT,EXECUTED,LOW_RISK__HIGH_QUAL__LOW_PROFIT,None,TAKE_PROFIT_HIT,153.5,5.0,767.5,0.3,0.11,0.33,-0.03,0.3,2.31,0.0,0.0,0.0,2.31,10235.66,0.04,,2026-08-15
599,2026-08-16 00:00:00+00:00,BTCUSDT,SHORT,EXECUTED,LOW_RISK__HIGH_QUAL__HIGH_PROFIT,None,TIME_CLOSE_EXIT,153.53,5.0,767.67,0.45,0.0,0.09,-0.02,-0.07,-0.54,0.0,0.0,0.0,-0.54,10235.13,0.04,,2026-08-16
600,2026-08-16 02:30:00+00:00,SOLUSDT,LONG,EXECUTED,MED_RISK__HIGH_QUAL__HIGH_PROFIT,None,TIME_CLOSE_EXIT,76.76,2.5,191.91,0.76,0.28,0.01,-0.08,-0.19,-0.36,0.0,0.0,0.0,-0.36,10234.76,0.05,,2026-08-16
601,2026-08-16 02:30:00+00:00,BTCUSDT,LONG,EXECUTED,MED_RISK__HIGH_QUAL__HIGH_PROFIT,None,TIME_CLOSE_EXIT,76.76,2.5,191.9,0.11,0.06,0.01,-0.06,-0.09,-0.17,0.0,0.0,0.0,-0.17,10234.59,0.05,,2026-08-16
602,2026-08-16 02:45:00+00:00,DOGEUSDT,LONG,EXECUTED,MED_RISK__HIGH_QUAL__LOW_PROFIT,None,TIME_CLOSE_EXIT,76.76,2.5,191.9,0.42,0.23,0.17,-0.06,-0.14,-0.27,0.0,0.0,0.0,-0.27,10234.32,0.05,,2026-08-16
603,2026-08-16 03:00:00+00:00,ETHUSDT,LONG,EXECUTED,LOW_RISK__LOW_QUAL__LOW_PROFIT,None,TIME_CLOSE_EXIT,51.17,5.0,255.86,0.09,0.07,0.03,-0.07,-0.07,-0.18,0.0,0.0,0.0,-0.18,10234.14,0.05,,2026-08-16
604,2026-08-16 04:45:00+00:00,ETHUSDT,SHORT,EXECUTED,LOW_RISK__HIGH_QUAL__LOW_PROFIT,None,TIME_CLOSE_EXIT,153.51,5.0,767.56,0.18,0.04,0.14,-0.05,-0.02,-0.15,0.0,0.0,0.0,-0.15,10233.99,0.05,,2026-08-16
605,2026-08-16 05:15:00+00:00,BTCUSDT,SHORT,EXECUTED,LOW_RISK__HIGH_QUAL__HIGH_PROFIT,None,TIME_CLOSE_EXIT,153.51,5.0,767.55,0.53,-0.01,0.16,-0.04,0.01,0.08,0.0,0.0,0.0,0.08,10234.06,0.05,,2026-08-16
606,2026-08-16 05:15:00+00:00,SOLUSDT,SHORT,EXECUTED,LOW_RISK__HIGH_QUAL__LOW_PROFIT,None,TIME_CLOSE_EXIT,153.51,5.0,767.55,0.52,0.38,0.27,-0.21,-0.05,-0.38,0.0,0.0,0.0,-0.38,10233.68,0.06,,2026-08-16
607,2026-08-16 05:30:00+00:00,DOGEUSDT,SHORT,EXECUTED,MED_RISK__HIGH_QUAL__HIGH_PROFIT,None,TIME_CLOSE_EXIT,76.75,2.5,191.88,0.45,0.3,0.22,-0.04,-0.16,-0.31,0.0,0.0,0.0,-0.31,10233.37,0.06,,2026-08-16
608,2026-08-16 07:30:00+00:00,XRPUSDT,LONG,EXECUTED,MED_RISK__HIGH_QUAL__LOW_PROFIT,None,TIME_CLOSE_EXIT,76.75,2.5,191.88,0.23,0.25,0.07,-0.01,-0.1,-0.19,0.0,0.0,0.0,-0.19,10233.18,0.06,,2026-08-16
609,2026-08-16 07:30:00+00:00,DOGEUSDT,LONG,EXECUTED,LOW_RISK__HIGH_QUAL__LOW_PROFIT,None,TIME_CLOSE_EXIT,153.5,5.0,767.49,0.36,0.27,0.17,-0.04,-0.04,-0.31,0.0,0.0,0.0,-0.31,10232.87,0.06,,2026-08-16
610,2026-08-16 09:15:00+00:00,ETHUSDT,LONG,EXECUTED,LOW_RISK__LOW_QUAL__LOW_PROFIT,None,TIME_CLOSE_EXIT,51.16,5.0,255.82,0.38,0.13,0.04,0.0,0.0,0.0,0.0,0.0,0.0,0.0,10232.87,0.06,,2026-08-16
611,2026-08-16 09:30:00+00:00,ETHUSDT,SHORT,EXECUTED,LOW_RISK__HIGH_QUAL__LOW_PROFIT,None,TIME_CLOSE_EXIT,153.49,5.0,767.47,0.18,0.16,0.04,-0.1,-0.04,-0.31,0.0,0.0,0.0,-0.31,10232.57,0.07,,2026-08-16
612,2026-08-16 09:45:00+00:00,XRPUSDT,SHORT,EXECUTED,LOW_RISK__LOW_QUAL__LOW_PROFIT,None,TIME_CLOSE_EXIT,51.16,5.0,255.81,0.87,0.18,0.32,-0.07,-0.01,-0.03,0.0,0.0,0.0,-0.03,10232.54,0.07,,2026-08-16
613,2026-08-16 10:00:00+00:00,DOGEUSDT,SHORT,EXECUTED,MED_RISK__HIGH_QUAL__HIGH_PROFIT,None,TIME_CLOSE_EXIT,76.74,2.5,191.86,0.4,0.29,0.03,-0.1,-0.13,-0.25,0.0,0.0,0.0,-0.25,10232.29,0.07,,2026-08-16
614,2026-08-16 11:45:00+00:00,DOGEUSDT,LONG,EXECUTED,LOW_RISK__HIGH_QUAL__LOW_PROFIT,None,TIME_CLOSE_EXIT,153.48,5.0,767.42,0.29,0.24,0.03,-0.06,0.0,0.0,0.0,0.0,0.0,0.0,10232.29,0.07,,2026-08-16
615,2026-08-16 12:00:00+00:00,DOGEUSDT,SHORT,EXECUTED,MED_RISK__HIGH_QUAL__HIGH_PROFIT,None,TIME_CLOSE_EXIT,76.74,2.5,191.86,0.22,0.32,0.03,-0.11,0.0,0.0,0.0,0.0,0.0,0.0,10232.29,0.07,,2026-08-16
616,2026-08-16 12:15:00+00:00,DOGEUSDT,LONG,EXECUTED,LOW_RISK__HIGH_QUAL__LOW_PROFIT,None,TAKE_PROFIT_HIT,153.48,5.0,767.42,0.32,0.26,0.46,-0.14,0.32,2.45,0.0,0.0,0.0,2.45,10234.75,0.05,,2026-08-16
617,2026-08-16 13:15:00+00:00,BTCUSDT,LONG,EXECUTED,MED_RISK__HIGH_QUAL__HIGH_PROFIT,None,TAKE_PROFIT_HIT,76.76,2.5,191.9,0.13,0.09,0.52,-0.01,0.13,0.24,0.0,0.0,0.0,0.24,10234.99,0.04,,2026-08-16
618,2026-08-16 13:30:00+00:00,ETHUSDT,LONG,EXECUTED,LOW_RISK__LOW_QUAL__LOW_PROFIT,None,TAKE_PROFIT_HIT,51.17,5.0,255.87,0.25,0.14,0.57,-0.04,0.25,0.64,0.0,0.0,0.0,0.64,10235.63,0.04,,2026-08-16
619,2026-08-16 13:30:00+00:00,SOLUSDT,LONG,EXECUTED,MED_RISK__HIGH_QUAL__HIGH_PROFIT,None,TIME_CLOSE_EXIT,76.77,2.5,191.92,0.75,0.22,0.04,-0.07,-0.11,-0.21,0.0,0.0,0.0,-0.21,10235.42,0.04,,2026-08-16
620,2026-08-16 14:00:00+00:00,SOLUSDT,SHORT,EXECUTED,LOW_RISK__HIGH_QUAL__LOW_PROFIT,None,TIME_CLOSE_EXIT,153.53,5.0,767.66,0.35,0.35,0.03,-0.08,-0.04,-0.31,0.0,0.0,0.0,-0.31,10235.11,0.04,,2026-08-16
621,2026-08-16 14:30:00+00:00,XRPUSDT,LONG,EXECUTED,MED_RISK__HIGH_QUAL__LOW_PROFIT,None,TIME_CLOSE_EXIT,76.76,2.5,191.91,0.29,0.27,0.28,-0.05,0.01,0.02,0.0,0.0,0.0,0.02,10235.13,0.04,,2026-08-16
622,2026-08-16 14:30:00+00:00,SOLUSDT,LONG,EXECUTED,MED_RISK__HIGH_QUAL__HIGH_PROFIT,None,TIME_CLOSE_EXIT,76.76,2.5,191.91,0.9,0.23,0.45,-0.09,-0.07,-0.13,0.0,0.0,0.0,-0.13,10235.0,0.04,,2026-08-16
623,2026-08-16 17:45:00+00:00,SOLUSDT,SHORT,EXECUTED,LOW_RISK__HIGH_QUAL__LOW_PROFIT,None,TAKE_PROFIT_HIT,153.52,5.0,767.62,0.91,0.31,1.57,-0.12,0.91,6.96,0.0,0.0,0.0,6.96,10241.95,0.0,,2026-08-16
624,2026-08-16 18:00:00+00:00,XRPUSDT,SHORT,EXECUTED,LOW_RISK__LOW_QUAL__LOW_PROFIT,None,TIME_CLOSE_EXIT,51.21,5.0,256.05,0.97,0.42,0.09,-0.22,-0.22,-0.56,0.0,0.0,0.0,-0.56,10241.39,0.01,,2026-08-16
625,2026-08-16 19:45:00+00:00,DOGEUSDT,SHORT,EXECUTED,MED_RISK__HIGH_QUAL__HIGH_PROFIT,None,TAKE_PROFIT_HIT,76.81,2.5,192.03,0.55,0.4,1.27,-0.16,0.55,1.06,0.0,0.0,0.0,1.06,10242.45,0.0,,2026-08-16
626,2026-08-16 20:00:00+00:00,BTCUSDT,SHORT,EXECUTED,LOW_RISK__HIGH_QUAL__HIGH_PROFIT,None,STOP_LOSS_HIT,153.64,5.0,768.18,0.73,-0.06,0.67,-0.01,0.06,0.45,0.0,0.0,0.0,0.45,10242.9,0.0,,2026-08-16
627,2026-08-16 20:00:00+00:00,XRPUSDT,LONG,EXECUTED,MED_RISK__HIGH_QUAL__LOW_PROFIT,None,TIME_CLOSE_EXIT,76.82,2.5,192.05,0.09,0.37,0.05,-0.05,0.0,0.0,0.0,0.0,0.0,0.0,10242.9,0.0,,2026-08-16
628,2026-08-16 20:30:00+00:00,XRPUSDT,SHORT,EXECUTED,LOW_RISK__LOW_QUAL__LOW_PROFIT,None,TIME_CLOSE_EXIT,51.21,5.0,256.07,1.5,0.21,1.17,-0.19,0.06,0.15,0.0,0.0,0.0,0.15,10243.05,0.0,,2026-08-16
629,2026-08-16 20:45:00+00:00,ETHUSDT,SHORT,EXECUTED,LOW_RISK__HIGH_QUAL__HIGH_PROFIT,None,TAKE_PROFIT_HIT,153.65,5.0,768.23,0.55,0.17,0.68,-0.12,0.55,4.24,0.0,0.0,0.0,4.24,10247.29,0.0,,2026-08-16
630,2026-08-17 01:00:00+00:00,ETHUSDT,LONG,EXECUTED,MED_RISK__LOW_QUAL__HIGH_PROFIT,None,TIME_CLOSE_EXIT,25.62,2.5,64.05,1.88,0.75,1.22,-0.6,0.33,0.21,0.0,0.0,0.0,0.21,10247.5,0.0,,2026-08-17
631,2026-08-17 01:00:00+00:00,DOGEUSDT,LONG,EXECUTED,MED_RISK__HIGH_QUAL__LOW_PROFIT,None,TAKE_PROFIT_HIT,76.86,2.5,192.14,0.64,0.55,0.77,-0.33,0.64,1.23,0.0,0.0,0.0,1.23,10248.73,0.0,,2026-08-17
632,2026-08-17 01:15:00+00:00,SOLUSDT,LONG,EXECUTED,MED_RISK__HIGH_QUAL__HIGH_PROFIT,None,TIME_CLOSE_EXIT,76.87,2.5,192.16,1.14,0.75,1.01,-0.45,0.09,0.17,0.0,0.0,0.0,0.17,10248.91,0.0,,2026-08-17
633,2026-08-17 01:15:00+00:00,BTCUSDT,LONG,EXECUTED,MED_RISK__HIGH_QUAL__HIGH_PROFIT,None,TAKE_PROFIT_HIT,76.87,2.5,192.17,0.69,0.32,0.94,-0.15,0.69,1.33,0.0,0.0,0.0,1.33,10250.23,0.0,,2026-08-17
634,2026-08-17 01:30:00+00:00,XRPUSDT,LONG,EXECUTED,MED_RISK__HIGH_QUAL__LOW_PROFIT,None,TAKE_PROFIT_HIT,76.88,2.5,192.19,0.43,0.71,0.7,-0.26,0.43,0.82,0.0,0.0,0.0,0.82,10251.05,0.0,,2026-08-17
635,2026-08-17 08:15:00+00:00,ETHUSDT,SHORT,EXECUTED,MED_RISK__HIGH_QUAL__HIGH_PROFIT,None,TIME_CLOSE_EXIT,76.88,2.5,192.21,0.33,0.86,0.2,-0.07,-0.18,-0.35,0.0,0.0,0.0,-0.35,10250.71,0.0,,2026-08-17
636,2026-08-17 08:30:00+00:00,XRPUSDT,SHORT,EXECUTED,LOW_RISK__LOW_QUAL__LOW_PROFIT,None,TIME_CLOSE_EXIT,51.25,5.0,256.27,1.19,0.32,0.35,-0.14,-0.04,-0.1,0.0,0.0,0.0,-0.1,10250.6,0.0,,2026-08-17
637,2026-08-17 08:30:00+00:00,BTCUSDT,SHORT,EXECUTED,LOW_RISK__HIGH_QUAL__LOW_PROFIT,None,TIME_CLOSE_EXIT,153.76,5.0,768.8,0.31,0.37,0.13,-0.09,-0.11,-0.85,0.0,0.0,0.0,-0.85,10249.76,0.01,,2026-08-17
638,2026-08-17 08:45:00+00:00,DOGEUSDT,SHORT,EXECUTED,MED_RISK__HIGH_QUAL__HIGH_PROFIT,None,TIME_CLOSE_EXIT,76.87,2.5,192.18,0.59,0.44,0.07,-0.11,-0.27,-0.52,0.0,0.0,0.0,-0.52,10249.24,0.02,,2026-08-17
639,2026-08-17 08:45:00+00:00,SOLUSDT,SHORT,EXECUTED,LOW_RISK__HIGH_QUAL__LOW_PROFIT,None,TIME_CLOSE_EXIT,153.74,5.0,768.69,0.95,0.71,0.09,-0.11,-0.37,-2.84,0.0,0.0,0.0,-2.84,10246.39,0.05,,2026-08-17
640,2026-08-17 09:30:00+00:00,DOGEUSDT,LONG,EXECUTED,MED_RISK__HIGH_QUAL__LOW_PROFIT,None,TIME_CLOSE_EXIT,76.85,2.5,192.12,0.42,0.32,0.31,-0.09,-0.09,-0.17,0.0,0.0,0.0,-0.17,10246.22,0.05,,2026-08-17
641,2026-08-17 10:30:00+00:00,BTCUSDT,LONG,EXECUTED,MED_RISK__HIGH_QUAL__HIGH_PROFIT,None,TAKE_PROFIT_HIT,76.85,2.5,192.12,1.06,0.57,1.52,-0.31,1.06,2.05,0.0,0.0,0.0,2.05,10248.27,0.03,,2026-08-17
642,2026-08-17 10:30:00+00:00,ETHUSDT,LONG,EXECUTED,LOW_RISK__LOW_QUAL__HIGH_PROFIT,None,TIME_CLOSE_EXIT,51.24,5.0,256.21,1.6,0.7,0.12,-0.47,-0.42,-1.08,0.0,0.0,0.0,-1.08,10247.19,0.04,,2026-08-17
643,2026-08-17 10:30:00+00:00,SOLUSDT,LONG,EXECUTED,MED_RISK__HIGH_QUAL__HIGH_PROFIT,None,TIME_CLOSE_EXIT,76.85,2.5,192.13,1.17,0.6,0.25,-0.34,-0.48,-0.92,0.0,0.0,0.0,-0.92,10246.27,0.05,,2026-08-17
644,2026-08-17 12:00:00+00:00,DOGEUSDT,SHORT,EXECUTED,MED_RISK__HIGH_QUAL__HIGH_PROFIT,None,TIME_CLOSE_EXIT,76.85,2.5,192.12,0.27,0.5,0.23,-0.1,-0.04,-0.08,0.0,0.0,0.0,-0.08,10246.19,0.05,,2026-08-17
645,2026-08-17 12:00:00+00:00,XRPUSDT,LONG,EXECUTED,MED_RISK__HIGH_QUAL__LOW_PROFIT,None,TIME_CLOSE_EXIT,76.85,2.5,192.12,0.77,0.27,0.04,-0.15,0.0,0.0,0.0,0.0,0.0,0.0,10246.19,0.05,,2026-08-17
646,2026-08-17 12:15:00+00:00,XRPUSDT,SHORT,EXECUTED,LOW_RISK__LOW_QUAL__LOW_PROFIT,None,TIME_CLOSE_EXIT,51.23,5.0,256.15,0.33,0.37,0.28,-0.16,-0.07,-0.18,0.0,0.0,0.0,-0.18,10246.01,0.05,,2026-08-17
647,2026-08-17 12:30:00+00:00,SOLUSDT,SHORT,EXECUTED,LOW_RISK__HIGH_QUAL__LOW_PROFIT,None,TIME_CLOSE_EXIT,153.69,5.0,768.45,0.52,0.62,0.15,-0.52,-0.32,-2.46,0.0,0.0,0.0,-2.46,10243.55,0.07,,2026-08-17
648,2026-08-17 13:00:00+00:00,ETHUSDT,SHORT,EXECUTED,LOW_RISK__HIGH_QUAL__HIGH_PROFIT,None,TIME_CLOSE_EXIT,153.65,5.0,768.27,0.24,0.37,0.16,-0.08,0.03,0.23,0.0,0.0,0.0,0.23,10243.78,0.07,,2026-08-17
649,2026-08-17 13:30:00+00:00,ETHUSDT,LONG,EXECUTED,LOW_RISK__LOW_QUAL__HIGH_PROFIT,None,TIME_CLOSE_EXIT,51.22,5.0,256.09,1.88,0.5,0.58,-0.37,0.19,0.49,0.0,0.0,0.0,0.49,10244.27,0.07,,2026-08-17
650,2026-08-17 14:00:00+00:00,SOLUSDT,LONG,EXECUTED,MED_RISK__HIGH_QUAL__HIGH_PROFIT,None,TIME_CLOSE_EXIT,76.83,2.5,192.08,1.98,0.44,0.74,-0.2,0.34,0.65,0.0,0.0,0.0,0.65,10244.92,0.06,,2026-08-17
651,2026-08-17 14:30:00+00:00,XRPUSDT,LONG,EXECUTED,MED_RISK__HIGH_QUAL__LOW_PROFIT,None,TIME_CLOSE_EXIT,76.84,2.5,192.09,0.78,0.36,0.7,-0.17,-0.05,-0.1,0.0,0.0,0.0,-0.1,10244.83,0.06,,2026-08-17
652,2026-08-17 14:45:00+00:00,DOGEUSDT,LONG,EXECUTED,MED_RISK__HIGH_QUAL__LOW_PROFIT,None,TIME_CLOSE_EXIT,76.84,2.5,192.09,0.91,0.52,0.31,-0.3,-0.07,-0.13,0.0,0.0,0.0,-0.13,10244.69,0.06,,2026-08-17
653,2026-08-17 17:45:00+00:00,XRPUSDT,SHORT,EXECUTED,LOW_RISK__LOW_QUAL__LOW_PROFIT,None,TIME_CLOSE_EXIT,51.22,5.0,256.12,0.67,0.15,0.21,-0.18,0.0,0.0,0.0,0.0,0.0,0.0,10244.69,0.06,,2026-08-17
654,2026-08-17 19:45:00+00:00,DOGEUSDT,SHORT,EXECUTED,MED_RISK__HIGH_QUAL__HIGH_PROFIT,None,TAKE_PROFIT_HIT,76.84,2.5,192.09,0.13,0.2,0.27,-0.03,0.13,0.25,0.0,0.0,0.0,0.25,10244.94,0.06,,2026-08-17
655,2026-08-17 19:45:00+00:00,SOLUSDT,SHORT,EXECUTED,LOW_RISK__HIGH_QUAL__LOW_PROFIT,None,TIME_CLOSE_EXIT,153.67,5.0,768.37,0.61,0.36,0.24,-0.13,0.0,0.0,0.0,0.0,0.0,0.0,10244.94,0.06,,2026-08-17
656,2026-08-17 20:30:00+00:00,XRPUSDT,LONG,EXECUTED,MED_RISK__HIGH_QUAL__LOW_PROFIT,None,TIME_CLOSE_EXIT,76.84,2.5,192.09,0.51,0.46,0.1,-0.29,-0.22,-0.42,0.0,0.0,0.0,-0.42,10244.52,0.06,,2026-08-17
657,2026-08-17 20:30:00+00:00,SOLUSDT,LONG,EXECUTED,MED_RISK__HIGH_QUAL__HIGH_PROFIT,None,TIME_CLOSE_EXIT,76.83,2.5,192.08,1.08,0.58,0.07,-0.37,-0.24,-0.46,0.0,0.0,0.0,-0.46,10244.06,0.07,,2026-08-17
658,2026-08-17 21:00:00+00:00,DOGEUSDT,LONG,EXECUTED,MED_RISK__HIGH_QUAL__LOW_PROFIT,None,TIME_CLOSE_EXIT,76.83,2.5,192.08,0.58,0.4,0.11,-0.13,-0.2,-0.38,0.0,0.0,0.0,-0.38,10243.68,0.07,,2026-08-17
659,2026-08-17 21:15:00+00:00,ETHUSDT,SHORT,EXECUTED,LOW_RISK__HIGH_QUAL__HIGH_PROFIT,None,TAKE_PROFIT_HIT,153.66,5.0,768.28,0.1,0.28,0.14,-0.12,0.1,0.79,0.0,0.0,0.0,0.79,10244.47,0.06,,2026-08-17
660,2026-08-17 22:15:00+00:00,XRPUSDT,SHORT,EXECUTED,LOW_RISK__LOW_QUAL__LOW_PROFIT,None,TIME_CLOSE_EXIT,51.22,5.0,256.11,0.53,0.26,0.07,-0.11,-0.27,-0.69,0.0,0.0,0.0,-0.69,10243.78,0.07,,2026-08-17
661,2026-08-17 22:15:00+00:00,SOLUSDT,SHORT,EXECUTED,LOW_RISK__HIGH_QUAL__LOW_PROFIT,None,TIME_CLOSE_EXIT,153.66,5.0,768.28,0.34,0.4,0.13,-0.12,-0.21,-1.61,0.0,0.0,0.0,-1.61,10242.16,0.09,,2026-08-17
662,2026-08-17 22:30:00+00:00,DOGEUSDT,SHORT,EXECUTED,MED_RISK__HIGH_QUAL__HIGH_PROFIT,None,TIME_CLOSE_EXIT,76.82,2.5,192.04,0.24,0.41,0.04,-0.06,-0.23,-0.44,0.0,0.0,0.0,-0.44,10241.72,0.09,,2026-08-17
663,2026-08-17 23:15:00+00:00,ETHUSDT,LONG,EXECUTED,LOW_RISK__LOW_QUAL__LOW_PROFIT,None,TIME_CLOSE_EXIT,51.21,5.0,256.04,1.27,0.55,0.18,-0.38,-0.42,-1.08,0.0,0.0,0.0,-1.08,10240.65,0.1,,2026-08-17
664,2026-08-17 23:30:00+00:00,XRPUSDT,LONG,EXECUTED,MED_RISK__HIGH_QUAL__LOW_PROFIT,None,TIME_CLOSE_EXIT,76.8,2.5,192.01,0.46,0.39,0.13,-0.12,-0.08,-0.15,0.0,0.0,0.0,-0.15,10240.49,0.1,,2026-08-17
665,2026-08-17 23:30:00+00:00,SOLUSDT,LONG,EXECUTED,MED_RISK__HIGH_QUAL__HIGH_PROFIT,None,TIME_CLOSE_EXIT,76.8,2.5,192.01,1.34,0.38,0.21,-0.03,-0.11,-0.21,0.0,0.0,0.0,-0.21,10240.28,0.11,,2026-08-17
666,2026-08-17 23:45:00+00:00,DOGEUSDT,LONG,EXECUTED,MED_RISK__HIGH_QUAL__LOW_PROFIT,None,TIME_CLOSE_EXIT,76.8,2.5,192.01,0.49,0.34,0.11,-0.01,-0.13,-0.25,0.0,0.0,0.0,-0.25,10240.03,0.11,,2026-08-17
667,2026-08-18 00:30:00+00:00,DOGEUSDT,SHORT,EXECUTED,MED_RISK__HIGH_QUAL__HIGH_PROFIT,None,TIME_CLOSE_EXIT,76.8,2.5,192.0,0.62,0.33,0.11,-0.03,0.0,0.0,0.0,0.0,0.0,0.0,10240.03,0.11,,2026-08-18
668,2026-08-18 00:45:00+00:00,DOGEUSDT,LONG,EXECUTED,MED_RISK__HIGH_QUAL__LOW_PROFIT,None,TIME_CLOSE_EXIT,76.8,2.5,192.0,0.23,0.34,0.03,-0.13,0.0,0.0,0.0,0.0,0.0,0.0,10240.03,0.11,,2026-08-18
669,2026-08-18 01:00:00+00:00,DOGEUSDT,SHORT,EXECUTED,MED_RISK__HIGH_QUAL__HIGH_PROFIT,None,TAKE_PROFIT_HIT,76.8,2.5,192.0,0.63,0.25,1.02,-0.07,0.63,1.21,0.0,0.0,0.0,1.21,10241.25,0.1,,2026-08-18
670,2026-08-18 01:00:00+00:00,XRPUSDT,SHORT,EXECUTED,LOW_RISK__LOW_QUAL__LOW_PROFIT,None,TAKE_PROFIT_HIT,51.21,5.0,256.03,1.04,0.23,1.24,-0.18,1.04,2.67,0.0,0.0,0.0,2.67,10243.92,0.07,,2026-08-18
671,2026-08-18 01:30:00+00:00,SOLUSDT,SHORT,EXECUTED,LOW_RISK__HIGH_QUAL__LOW_PROFIT,None,TIME_CLOSE_EXIT,153.66,5.0,768.29,0.98,0.32,0.77,-0.13,-0.04,-0.31,0.0,0.0,0.0,-0.31,10243.61,0.07,,2026-08-18
672,2026-08-18 01:30:00+00:00,BTCUSDT,SHORT,EXECUTED,LOW_RISK__HIGH_QUAL__LOW_PROFIT,None,TAKE_PROFIT_HIT,153.65,5.0,768.27,0.36,0.23,0.37,-0.1,0.36,2.79,0.0,0.0,0.0,2.79,10246.4,0.05,,2026-08-18
673,2026-08-18 01:30:00+00:00,ETHUSDT,SHORT,EXECUTED,LOW_RISK__HIGH_QUAL__HIGH_PROFIT,None,TAKE_PROFIT_HIT,153.7,5.0,768.48,0.76,0.14,1.02,-0.15,0.76,5.87,0.0,0.0,0.0,5.87,10252.27,0.0,,2026-08-18
674,2026-08-18 04:45:00+00:00,SOLUSDT,LONG,EXECUTED,MED_RISK__HIGH_QUAL__HIGH_PROFIT,None,TIME_CLOSE_EXIT,76.89,2.5,192.23,1.54,0.43,0.57,-0.33,0.08,0.15,0.0,0.0,0.0,0.15,10252.42,0.0,,2026-08-18
675,2026-08-18 05:45:00+00:00,BTCUSDT,LONG,EXECUTED,MED_RISK__HIGH_QUAL__HIGH_PROFIT,None,TIME_CLOSE_EXIT,76.89,2.5,192.23,0.98,0.03,0.32,-0.11,-0.07,-0.13,0.0,0.0,0.0,-0.13,10252.29,0.0,,2026-08-18
676,2026-08-18 06:15:00+00:00,XRPUSDT,LONG,EXECUTED,MED_RISK__HIGH_QUAL__LOW_PROFIT,None,TIME_CLOSE_EXIT,76.89,2.5,192.23,0.4,0.6,0.15,-0.31,-0.48,-0.92,0.0,0.0,0.0,-0.92,10251.36,0.01,,2026-08-18
677,2026-08-18 06:30:00+00:00,ETHUSDT,LONG,EXECUTED,LOW_RISK__LOW_QUAL__HIGH_PROFIT,None,TIME_CLOSE_EXIT,51.26,5.0,256.28,0.62,0.54,0.08,-0.28,-0.44,-1.13,0.0,0.0,0.0,-1.13,10250.24,0.02,,2026-08-18
678,2026-08-18 08:00:00+00:00,BTCUSDT,SHORT,EXECUTED,LOW_RISK__HIGH_QUAL__LOW_PROFIT,None,TIME_CLOSE_EXIT,153.75,5.0,768.77,0.27,0.33,0.11,-0.08,-0.2,-1.54,0.0,0.0,0.0,-1.54,10248.7,0.04,,2026-08-18
679,2026-08-18 08:15:00+00:00,XRPUSDT,SHORT,EXECUTED,LOW_RISK__LOW_QUAL__LOW_PROFIT,None,TIME_CLOSE_EXIT,51.24,5.0,256.22,0.59,0.23,0.15,-0.09,0.0,0.0,0.0,0.0,0.0,0.0,10248.7,0.04,,2026-08-18
680,2026-08-18 08:15:00+00:00,ETHUSDT,SHORT,EXECUTED,LOW_RISK__HIGH_QUAL__HIGH_PROFIT,None,TIME_CLOSE_EXIT,153.73,5.0,768.65,0.32,0.25,0.03,-0.14,0.0,0.0,0.0,0.0,0.0,0.0,10248.7,0.04,,2026-08-18
681,2026-08-18 08:30:00+00:00,XRPUSDT,LONG,EXECUTED,MED_RISK__HIGH_QUAL__LOW_PROFIT,None,TIME_CLOSE_EXIT,76.87,2.5,192.16,0.47,0.28,0.08,-0.16,-0.04,-0.08,0.0,0.0,0.0,-0.08,10248.62,0.04,,2026-08-18
682,2026-08-18 08:30:00+00:00,ETHUSDT,LONG,EXECUTED,LOW_RISK__LOW_QUAL__HIGH_PROFIT,None,TIME_CLOSE_EXIT,51.24,5.0,256.22,0.59,0.19,0.1,-0.14,-0.05,-0.13,0.0,0.0,0.0,-0.13,10248.49,0.04,,2026-08-18
683,2026-08-18 08:45:00+00:00,BTCUSDT,LONG,EXECUTED,MED_RISK__HIGH_QUAL__HIGH_PROFIT,None,TIME_CLOSE_EXIT,76.86,2.5,192.16,0.68,0.17,0.0,-0.08,-0.08,-0.15,0.0,0.0,0.0,-0.15,10248.34,0.04,,2026-08-18
684,2026-08-18 09:15:00+00:00,ETHUSDT,SHORT,EXECUTED,LOW_RISK__HIGH_QUAL__HIGH_PROFIT,None,TIME_CLOSE_EXIT,153.73,5.0,768.63,0.33,0.37,0.06,-0.15,-0.09,-0.69,0.0,0.0,0.0,-0.69,10247.65,0.05,,2026-08-18
685,2026-08-18 09:15:00+00:00,BTCUSDT,SHORT,EXECUTED,LOW_RISK__HIGH_QUAL__LOW_PROFIT,None,TIME_CLOSE_EXIT,153.71,5.0,768.57,0.28,0.31,0.06,-0.13,-0.25,-1.92,0.0,0.0,0.0,-1.92,10245.73,0.07,,2026-08-18
686,2026-08-18 09:15:00+00:00,XRPUSDT,SHORT,EXECUTED,LOW_RISK__LOW_QUAL__LOW_PROFIT,None,TIME_CLOSE_EXIT,51.23,5.0,256.14,0.63,0.3,0.04,-0.2,-0.11,-0.28,0.0,0.0,0.0,-0.28,10245.44,0.07,,2026-08-18
687,2026-08-18 10:15:00+00:00,SOLUSDT,SHORT,EXECUTED,LOW_RISK__HIGH_QUAL__LOW_PROFIT,None,TIME_CLOSE_EXIT,153.68,5.0,768.41,0.41,0.52,0.03,-0.16,-0.03,-0.23,0.0,0.0,0.0,-0.23,10245.21,0.07,,2026-08-18
688,2026-08-18 10:30:00+00:00,DOGEUSDT,LONG,EXECUTED,LOW_RISK__HIGH_QUAL__LOW_PROFIT,None,TIME_CLOSE_EXIT,153.68,5.0,768.39,0.35,0.34,0.11,-0.09,-0.09,-0.69,0.0,0.0,0.0,-0.69,10244.52,0.08,,2026-08-18
689,2026-08-18 11:00:00+00:00,ETHUSDT,LONG,EXECUTED,LOW_RISK__LOW_QUAL__LOW_PROFIT,None,TIME_CLOSE_EXIT,51.22,5.0,256.11,0.56,0.41,0.19,-0.23,-0.2,-0.51,0.0,0.0,0.0,-0.51,10244.01,0.08,,2026-08-18
690,2026-08-18 11:00:00+00:00,SOLUSDT,LONG,EXECUTED,MED_RISK__HIGH_QUAL__HIGH_PROFIT,None,TIME_CLOSE_EXIT,76.83,2.5,192.08,2.04,0.49,1.76,-0.32,1.08,2.07,0.0,0.0,0.0,2.07,10246.08,0.06,,2026-08-18
691,2026-08-18 11:00:00+00:00,XRPUSDT,LONG,EXECUTED,MED_RISK__HIGH_QUAL__LOW_PROFIT,None,TAKE_PROFIT_HIT,76.85,2.5,192.11,0.43,0.38,0.91,-0.17,0.43,0.83,0.0,0.0,0.0,0.83,10246.92,0.05,,2026-08-18
692,2026-08-18 11:15:00+00:00,BTCUSDT,LONG,EXECUTED,MED_RISK__HIGH_QUAL__HIGH_PROFIT,None,TIME_CLOSE_EXIT,76.85,2.5,192.13,0.97,0.4,0.04,-0.08,-0.28,-0.54,0.0,0.0,0.0,-0.54,10246.38,0.06,,2026-08-18
693,2026-08-18 12:45:00+00:00,DOGEUSDT,SHORT,EXECUTED,MED_RISK__HIGH_QUAL__HIGH_PROFIT,None,TIME_CLOSE_EXIT,76.85,2.5,192.12,0.2,0.37,0.13,-0.11,0.04,0.08,0.0,0.0,0.0,0.08,10246.45,0.06,,2026-08-18
694,2026-08-18 13:15:00+00:00,BTCUSDT,SHORT,EXECUTED,LOW_RISK__HIGH_QUAL__HIGH_PROFIT,None,TIME_CLOSE_EXIT,153.7,5.0,768.48,0.4,0.7,0.07,-0.28,-0.29,-2.23,0.0,0.0,0.0,-2.23,10244.23,0.08,,2026-08-18
695,2026-08-18 13:15:00+00:00,ETHUSDT,SHORT,EXECUTED,LOW_RISK__LOW_QUAL__HIGH_PROFIT,None,TIME_CLOSE_EXIT,51.22,5.0,256.11,0.26,0.48,0.09,-0.22,-0.11,-0.28,0.0,0.0,0.0,-0.28,10243.94,0.08,,2026-08-18
696,2026-08-18 14:15:00+00:00,BTCUSDT,LONG,EXECUTED,HIGH_RISK__HIGH_QUAL__HIGH_PROFIT,None,TIME_CLOSE_EXIT,153.66,3.0,460.98,2.27,1.15,0.1,-1.13,-0.54,-2.49,0.0,0.0,0.0,-2.49,10241.45,0.11,,2026-08-18
697,2026-08-18 14:15:00+00:00,ETHUSDT,LONG,EXECUTED,HIGH_RISK__LOW_QUAL__HIGH_PROFIT,None,TIME_CLOSE_EXIT,12.8,1.0,12.8,1.58,1.3,0.26,-1.09,-0.24,-0.03,0.0,0.0,0.0,-0.03,10241.42,0.11,,2026-08-18
698,2026-08-18 14:15:00+00:00,DOGEUSDT,LONG,EXECUTED,HIGH_RISK__HIGH_QUAL__LOW_PROFIT,None,TIME_CLOSE_EXIT,38.41,1.0,38.41,0.86,1.08,0.28,-0.8,-0.16,-0.06,0.0,0.0,0.0,-0.06,10241.36,0.11,,2026-08-18
699,2026-08-18 20:00:00+00:00,BTCUSDT,SHORT,EXECUTED,LOW_RISK__HIGH_QUAL__LOW_PROFIT,None,TIME_CLOSE_EXIT,153.62,5.0,768.1,0.3,0.19,0.14,0.0,-0.07,-0.54,0.0,0.0,0.0,-0.54,10240.82,0.11,,2026-08-18
700,2026-08-18 20:30:00+00:00,XRPUSDT,SHORT,EXECUTED,LOW_RISK__LOW_QUAL__LOW_PROFIT,None,TIME_CLOSE_EXIT,51.2,5.0,256.02,0.62,0.24,0.15,-0.23,-0.03,-0.08,0.0,0.0,0.0,-0.08,10240.75,0.11,,2026-08-18
701,2026-08-18 21:00:00+00:00,SOLUSDT,SHORT,EXECUTED,LOW_RISK__HIGH_QUAL__LOW_PROFIT,None,TIME_CLOSE_EXIT,153.61,5.0,768.06,0.28,0.41,0.16,-0.27,0.08,0.61,0.0,0.0,0.0,0.61,10241.36,0.11,,2026-08-18
702,2026-08-18 21:00:00+00:00,DOGEUSDT,SHORT,EXECUTED,MED_RISK__HIGH_QUAL__HIGH_PROFIT,None,TAKE_PROFIT_HIT,76.81,2.5,192.03,0.26,0.3,0.54,-0.09,0.26,0.5,0.0,0.0,0.0,0.5,10241.86,0.1,,2026-08-18
703,2026-08-18 21:15:00+00:00,ETHUSDT,SHORT,EXECUTED,LOW_RISK__LOW_QUAL__HIGH_PROFIT,None,TAKE_PROFIT_HIT,51.21,5.0,256.05,0.12,0.18,0.13,-0.04,0.12,0.3,0.0,0.0,0.0,0.3,10242.17,0.1,,2026-08-18
704,2026-08-18 23:00:00+00:00,XRPUSDT,LONG,EXECUTED,MED_RISK__HIGH_QUAL__LOW_PROFIT,None,TIME_CLOSE_EXIT,76.82,2.5,192.04,0.4,0.38,0.09,-0.23,-0.08,-0.15,0.0,0.0,0.0,-0.15,10242.01,0.1,,2026-08-18
705,2026-08-18 23:00:00+00:00,ETHUSDT,LONG,EXECUTED,LOW_RISK__LOW_QUAL__LOW_PROFIT,None,TIME_CLOSE_EXIT,51.21,5.0,256.05,0.7,0.39,0.18,-0.19,-0.14,-0.36,0.0,0.0,0.0,-0.36,10241.66,0.11,,2026-08-18
706,2026-08-18 23:00:00+00:00,SOLUSDT,LONG,EXECUTED,MED_RISK__HIGH_QUAL__HIGH_PROFIT,None,TIME_CLOSE_EXIT,76.81,2.5,192.03,1.55,0.35,0.17,-0.21,-0.06,-0.12,0.0,0.0,0.0,-0.12,10241.54,0.11,,2026-08-18
707,2026-08-18 23:15:00+00:00,BTCUSDT,LONG,EXECUTED,MED_RISK__HIGH_QUAL__HIGH_PROFIT,None,TIME_CLOSE_EXIT,76.81,2.5,192.03,0.84,0.15,0.09,-0.04,-0.22,-0.42,0.0,0.0,0.0,-0.42,10241.12,0.11,,2026-08-18
708,2026-08-19 00:00:00+00:00,SOLUSDT,SHORT,EXECUTED,LOW_RISK__HIGH_QUAL__LOW_PROFIT,None,TAKE_PROFIT_HIT,153.62,5.0,768.08,0.31,0.51,0.33,-0.3,0.31,2.4,0.0,0.0,0.0,2.4,10243.52,0.09,,2026-08-19
709,2026-08-19 00:00:00+00:00,XRPUSDT,SHORT,EXECUTED,LOW_RISK__LOW_QUAL__LOW_PROFIT,None,TIME_CLOSE_EXIT,51.22,5.0,256.09,0.77,0.45,0.26,-0.36,-0.21,-0.54,0.0,0.0,0.0,-0.54,10242.98,0.09,,2026-08-19
710,2026-08-19 00:15:00+00:00,BTCUSDT,SHORT,EXECUTED,LOW_RISK__HIGH_QUAL__HIGH_PROFIT,None,TAKE_PROFIT_HIT,153.64,5.0,768.22,0.34,0.17,0.68,-0.1,0.34,2.61,0.0,0.0,0.0,2.61,10245.59,0.07,,2026-08-19
711,2026-08-19 01:45:00+00:00,ETHUSDT,SHORT,EXECUTED,LOW_RISK__HIGH_QUAL__HIGH_PROFIT,None,TIME_CLOSE_EXIT,153.68,5.0,768.42,0.44,0.14,0.4,-0.1,0.08,0.61,0.0,0.0,0.0,0.61,10246.21,0.06,,2026-08-19
712,2026-08-19 03:30:00+00:00,XRPUSDT,LONG,EXECUTED,MED_RISK__HIGH_QUAL__LOW_PROFIT,None,TAKE_PROFIT_HIT,76.85,2.5,192.12,0.38,0.29,13.54,-0.17,0.38,0.72,0.0,0.0,0.0,0.72,10246.93,0.05,,2026-08-19
713,2026-08-19 03:45:00+00:00,SOLUSDT,LONG,EXECUTED,MED_RISK__HIGH_QUAL__HIGH_PROFIT,None,TIME_CLOSE_EXIT,76.85,2.5,192.13,1.65,0.17,0.18,-0.06,-0.06,-0.12,0.0,0.0,0.0,-0.12,10246.82,0.05,,2026-08-19
714,2026-08-19 05:30:00+00:00,SOLUSDT,SHORT,EXECUTED,LOW_RISK__HIGH_QUAL__LOW_PROFIT,None,TAKE_PROFIT_HIT,153.7,5.0,768.51,0.05,0.29,0.34,-0.12,0.05,0.36,0.0,0.0,0.0,0.36,10247.18,0.05,,2026-08-19
715,2026-08-19 06:45:00+00:00,ETHUSDT,LONG,EXECUTED,LOW_RISK__LOW_QUAL__HIGH_PROFIT,None,TAKE_PROFIT_HIT,51.24,5.0,256.18,1.21,0.49,21.69,-0.29,1.21,3.1,0.0,0.0,0.0,3.1,10250.28,0.02,,2026-08-19
716,2026-08-19 06:45:00+00:00,SOLUSDT,LONG,EXECUTED,MED_RISK__HIGH_QUAL__HIGH_PROFIT,None,TAKE_PROFIT_HIT,76.88,2.5,192.19,1.91,0.35,13.16,-0.19,1.91,3.67,0.0,0.0,0.0,3.67,10253.94,0.0,,2026-08-19
717,2026-08-19 06:45:00+00:00,DOGEUSDT,LONG,EXECUTED,MED_RISK__HIGH_QUAL__LOW_PROFIT,None,TIME_CLOSE_EXIT,76.9,2.5,192.26,0.42,0.45,0.19,-0.09,-0.1,-0.19,0.0,0.0,0.0,-0.19,10253.75,0.0,,2026-08-19
718,2026-08-19 07:45:00+00:00,DOGEUSDT,SHORT,EXECUTED,MED_RISK__HIGH_QUAL__HIGH_PROFIT,None,TIME_CLOSE_EXIT,76.9,2.5,192.26,0.62,0.37,0.07,-0.21,-0.21,-0.4,0.0,0.0,0.0,-0.4,10253.35,0.01,,2026-08-19
719,2026-08-19 08:30:00+00:00,BTCUSDT,LONG,EXECUTED,MED_RISK__HIGH_QUAL__HIGH_PROFIT,None,TAKE_PROFIT_HIT,76.9,2.5,192.25,1.0,0.34,8.61,-0.25,1.0,1.92,0.0,0.0,0.0,1.92,10255.27,0.0,,2026-08-19
720,2026-08-19 08:30:00+00:00,DOGEUSDT,LONG,EXECUTED,MED_RISK__HIGH_QUAL__LOW_PROFIT,None,TIME_CLOSE_EXIT,76.91,2.5,192.29,0.65,0.67,0.13,-0.21,-0.26,-0.5,0.0,0.0,0.0,-0.5,10254.77,0.0,,2026-08-19
721,2026-08-20 02:45:00+00:00,SOLUSDT,SHORT,EXECUTED,MED_RISK__HIGH_QUAL__LOW_PROFIT,None,TAKE_PROFIT_HIT,76.91,2.5,192.28,0.31,0.85,0.91,-0.11,0.31,0.6,0.0,0.0,0.0,0.6,10255.37,0.0,,2026-08-20
722,2026-08-20 03:00:00+00:00,BTCUSDT,SHORT,EXECUTED,MED_RISK__HIGH_QUAL__LOW_PROFIT,None,TIME_CLOSE_EXIT,76.92,2.5,192.29,0.75,1.04,0.12,-0.46,-0.52,-1.0,0.0,0.0,0.0,-1.0,10254.37,0.01,,2026-08-20
723,2026-08-20 03:00:00+00:00,XRPUSDT,SHORT,EXECUTED,MED_RISK__LOW_QUAL__LOW_PROFIT,None,TIME_CLOSE_EXIT,25.64,2.5,64.09,1.38,1.65,0.18,-0.96,-1.46,-0.94,0.0,0.0,0.0,-0.94,10253.44,0.02,,2026-08-20
724,2026-08-20 03:45:00+00:00,DOGEUSDT,SHORT,EXECUTED,HIGH_RISK__LOW_QUAL__HIGH_PROFIT,None,TIME_CLOSE_EXIT,12.82,1.0,12.82,0.53,1.32,0.47,-0.28,-0.6,-0.08,0.0,0.0,0.0,-0.08,10253.36,0.02,,2026-08-20
725,2026-08-20 04:45:00+00:00,BTCUSDT,LONG,EXECUTED,MED_RISK__HIGH_QUAL__HIGH_PROFIT,None,TAKE_PROFIT_HIT,76.9,2.5,192.25,0.76,0.46,14.4,-0.22,0.76,1.45,0.0,0.0,0.0,1.45,10254.81,0.01,,2026-08-20
726,2026-08-20 05:30:00+00:00,XRPUSDT,LONG,EXECUTED,HIGH_RISK__HIGH_QUAL__LOW_PROFIT,None,TAKE_PROFIT_HIT,38.46,1.0,38.46,2.06,0.84,21.55,-0.5,2.06,0.79,0.0,0.0,0.0,0.79,10255.6,0.0,,2026-08-20
727,2026-08-20 05:30:00+00:00,SOLUSDT,LONG,EXECUTED,MED_RISK__HIGH_QUAL__HIGH_PROFIT,None,TAKE_PROFIT_HIT,76.92,2.5,192.29,2.17,0.44,3.65,-0.35,2.17,4.18,0.0,0.0,0.0,4.18,10259.78,0.0,,2026-08-20
728,2026-08-20 06:00:00+00:00,ETHUSDT,SHORT,EXECUTED,MED_RISK__HIGH_QUAL__HIGH_PROFIT,None,TIME_CLOSE_EXIT,76.95,2.5,192.37,0.44,0.75,0.21,-0.23,-0.35,-0.67,0.0,0.0,0.0,-0.67,10259.11,0.01,,2026-08-20
729,2026-08-20 06:30:00+00:00,ETHUSDT,LONG,EXECUTED,HIGH_RISK__LOW_QUAL__HIGH_PROFIT,None,TAKE_PROFIT_HIT,12.82,1.0,12.82,1.52,0.87,2.56,-0.8,1.52,0.19,0.0,0.0,0.0,0.19,10259.3,0.0,,2026-08-20
730,2026-08-20 06:45:00+00:00,DOGEUSDT,LONG,EXECUTED,HIGH_RISK__HIGH_QUAL__LOW_PROFIT,None,TAKE_PROFIT_HIT,38.47,1.0,38.47,2.05,0.8,10.97,-0.39,2.05,0.79,0.0,0.0,0.0,0.79,10260.09,0.0,,2026-08-20
731,2026-08-20 13:30:00+00:00,SOLUSDT,SHORT,EXECUTED,MED_RISK__HIGH_QUAL__LOW_PROFIT,None,TIME_CLOSE_EXIT,76.95,2.5,192.38,0.95,1.25,0.7,-0.31,-0.09,-0.17,0.0,0.0,0.0,-0.17,10259.92,0.0,,2026-08-20
732,2026-08-20 14:00:00+00:00,ETHUSDT,SHORT,EXECUTED,MED_RISK__HIGH_QUAL__HIGH_PROFIT,None,TAKE_PROFIT_HIT,76.95,2.5,192.37,0.32,0.79,0.43,-0.35,0.32,0.61,0.0,0.0,0.0,0.61,10260.53,0.0,,2026-08-20
733,2026-08-20 15:00:00+00:00,ETHUSDT,LONG,EXECUTED,HIGH_RISK__LOW_QUAL__HIGH_PROFIT,None,TAKE_PROFIT_HIT,12.83,1.0,12.83,1.62,1.32,2.71,-0.72,1.62,0.21,0.0,0.0,0.0,0.21,10260.74,0.0,,2026-08-20
734,2026-08-20 15:45:00+00:00,SOLUSDT,LONG,EXECUTED,HIGH_RISK__HIGH_QUAL__HIGH_PROFIT,None,TIME_CLOSE_EXIT,153.91,3.0,461.73,2.89,0.94,0.64,-0.68,-0.58,-2.68,0.0,0.0,0.0,-2.68,10258.06,0.03,,2026-08-20
735,2026-08-20 18:45:00+00:00,SOLUSDT,SHORT,EXECUTED,MED_RISK__HIGH_QUAL__LOW_PROFIT,None,TIME_CLOSE_EXIT,76.94,2.5,192.34,0.53,0.9,0.02,-0.6,-0.37,-0.71,0.0,0.0,0.0,-0.71,10257.35,0.03,,2026-08-20
736,2026-08-20 19:00:00+00:00,XRPUSDT,SHORT,EXECUTED,MED_RISK__LOW_QUAL__HIGH_PROFIT,None,TIME_CLOSE_EXIT,25.64,2.5,64.11,2.11,2.84,0.42,-1.18,-3.19,-2.05,0.0,0.0,0.0,-2.05,10255.3,0.05,,2026-08-20
737,2026-08-20 19:15:00+00:00,SOLUSDT,LONG,EXECUTED,MED_RISK__LOW_QUAL__HIGH_PROFIT,None,TAKE_PROFIT_HIT,25.64,2.5,64.1,2.32,0.42,6.96,-0.24,2.32,1.48,0.0,0.0,0.0,1.48,10256.79,0.04,,2026-08-20
738,2026-08-20 19:30:00+00:00,DOGEUSDT,SHORT,EXECUTED,HIGH_RISK__LOW_QUAL__HIGH_PROFIT,None,TAKE_PROFIT_HIT,12.82,1.0,12.82,0.83,1.66,1.1,-0.83,0.83,0.11,0.0,0.0,0.0,0.11,10256.89,0.04,,2026-08-20
739,2026-08-20 21:00:00+00:00,ETHUSDT,SHORT,EXECUTED,LOW_RISK__HIGH_QUAL__HIGH_PROFIT,None,TAKE_PROFIT_HIT,153.85,5.0,769.27,0.23,0.58,0.66,-0.16,0.23,1.76,0.0,0.0,0.0,1.76,10258.66,0.02,,2026-08-20
740,2026-08-20 21:45:00+00:00,XRPUSDT,LONG,REJECTED,HIGH_RISK__LOW_QUAL__LOW_PROFIT,Consensus Failure: HIGH_RISK + LOW_QUAL + LOW_PROFIT,SHADOW_TAKE_PROFIT_HIT,0.0,0.0,0.0,2.75,1.49,13.68,-0.34,2.75,0.0,0.0,0.0,0.0,0.0,10258.66,0.02,0.35,2026-08-20
741,2026-08-20 23:15:00+00:00,ETHUSDT,LONG,EXECUTED,HIGH_RISK__LOW_QUAL__HIGH_PROFIT,None,TAKE_PROFIT_HIT,12.82,1.0,12.82,1.54,0.87,5.0,-0.41,1.54,0.2,0.0,0.0,0.0,0.2,10258.86,0.02,,2026-08-20
742,2026-08-20 23:45:00+00:00,DOGEUSDT,LONG,EXECUTED,HIGH_RISK__HIGH_QUAL__LOW_PROFIT,None,TAKE_PROFIT_HIT,38.47,1.0,38.47,2.82,1.02,6.59,-0.35,2.82,1.08,0.0,0.0,0.0,1.08,10259.94,0.01,,2026-08-20
743,2026-08-21 11:30:00+00:00,ETHUSDT,SHORT,EXECUTED,MED_RISK__HIGH_QUAL__HIGH_PROFIT,None,TIME_CLOSE_EXIT,76.95,2.5,192.37,0.81,1.44,0.71,-0.53,-0.53,-1.02,0.0,0.0,0.0,-1.02,10258.92,0.02,,2026-08-21
744,2026-08-21 11:45:00+00:00,DOGEUSDT,SHORT,EXECUTED,HIGH_RISK__LOW_QUAL__HIGH_PROFIT,None,TIME_CLOSE_EXIT,12.82,1.0,12.82,0.66,1.94,0.52,-0.49,-0.59,-0.08,0.0,0.0,0.0,-0.08,10258.85,0.02,,2026-08-21
745,2026-08-21 11:45:00+00:00,SOLUSDT,SHORT,EXECUTED,MED_RISK__HIGH_QUAL__HIGH_PROFIT,None,TIME_CLOSE_EXIT,76.94,2.5,192.35,0.81,1.88,0.56,-0.95,-0.72,-1.38,0.0,0.0,0.0,-1.38,10257.46,0.03,,2026-08-21
746,2026-08-21 12:15:00+00:00,BTCUSDT,SHORT,EXECUTED,MED_RISK__HIGH_QUAL__LOW_PROFIT,None,TIME_CLOSE_EXIT,76.93,2.5,192.33,0.91,1.74,0.57,-1.04,-0.82,-1.58,0.0,0.0,0.0,-1.58,10255.88,0.05,,2026-08-21
747,2026-08-21 13:30:00+00:00,ETHUSDT,LONG,EXECUTED,HIGH_RISK__LOW_QUAL__HIGH_PROFIT,None,TIME_CLOSE_EXIT,12.82,1.0,12.82,1.78,0.91,0.46,-1.14,-0.32,-0.04,0.0,0.0,0.0,-0.04,10255.84,0.05,,2026-08-21
748,2026-08-21 13:30:00+00:00,DOGEUSDT,LONG,EXECUTED,HIGH_RISK__HIGH_QUAL__LOW_PROFIT,None,TIME_CLOSE_EXIT,38.46,1.0,38.46,2.43,1.29,0.4,-1.61,-0.06,-0.02,0.0,0.0,0.0,-0.02,10255.82,0.05,,2026-08-21
749,2026-08-21 13:45:00+00:00,BTCUSDT,LONG,EXECUTED,HIGH_RISK__HIGH_QUAL__HIGH_PROFIT,None,TIME_CLOSE_EXIT,153.84,3.0,461.51,0.86,0.81,0.56,-0.19,0.0,0.0,0.0,0.0,0.0,0.0,10255.82,0.05,,2026-08-21
750,2026-08-21 14:00:00+00:00,ETHUSDT,SHORT,EXECUTED,MED_RISK__HIGH_QUAL__HIGH_PROFIT,None,TIME_CLOSE_EXIT,76.92,2.5,192.3,0.54,1.14,0.22,-0.35,0.0,0.0,0.0,0.0,0.0,0.0,10255.82,0.05,,2026-08-21
751,2026-08-21 14:00:00+00:00,DOGEUSDT,SHORT,EXECUTED,HIGH_RISK__LOW_QUAL__HIGH_PROFIT,None,TAKE_PROFIT_HIT,12.82,1.0,12.82,0.45,1.67,0.65,-0.74,0.45,0.06,0.0,0.0,0.0,0.06,10255.88,0.05,,2026-08-21
752,2026-08-21 14:00:00+00:00,BTCUSDT,SHORT,EXECUTED,MED_RISK__HIGH_QUAL__LOW_PROFIT,None,TIME_CLOSE_EXIT,76.92,2.5,192.3,0.88,1.44,0.28,-0.66,-0.81,-1.56,0.0,0.0,0.0,-1.56,10254.32,0.06,,2026-08-21
753,2026-08-21 14:15:00+00:00,SOLUSDT,LONG,EXECUTED,HIGH_RISK__LOW_QUAL__HIGH_PROFIT,None,TIME_CLOSE_EXIT,12.82,1.0,12.82,2.82,0.88,0.92,-0.6,0.01,0.0,0.0,0.0,0.0,0.0,10254.32,0.06,,2026-08-21
754,2026-08-21 14:15:00+00:00,ETHUSDT,LONG,EXECUTED,MED_RISK__LOW_QUAL__HIGH_PROFIT,None,TIME_CLOSE_EXIT,25.64,2.5,64.09,1.73,0.75,0.0,-0.95,0.0,0.0,0.0,0.0,0.0,0.0,10254.32,0.06,,2026-08-21
755,2026-08-21 14:30:00+00:00,DOGEUSDT,LONG,EXECUTED,HIGH_RISK__HIGH_QUAL__LOW_PROFIT,None,TAKE_PROFIT_HIT,38.45,1.0,38.45,2.25,1.19,20.01,-0.67,2.25,0.87,0.0,0.0,0.0,0.87,10255.19,0.05,,2026-08-21
756,2026-08-21 14:30:00+00:00,ETHUSDT,SHORT,EXECUTED,MED_RISK__HIGH_QUAL__HIGH_PROFIT,None,TIME_CLOSE_EXIT,76.91,2.5,192.28,0.43,0.89,0.38,-0.49,0.0,0.0,0.0,0.0,0.0,0.0,10255.19,0.05,,2026-08-21
757,2026-08-21 14:45:00+00:00,ETHUSDT,LONG,EXECUTED,HIGH_RISK__LOW_QUAL__HIGH_PROFIT,None,TAKE_PROFIT_HIT,12.82,1.0,12.82,1.88,0.85,6.4,-0.4,1.88,0.24,0.0,0.0,0.0,0.24,10255.43,0.05,,2026-08-21
758,2026-08-21 15:00:00+00:00,BTCUSDT,LONG,EXECUTED,HIGH_RISK__HIGH_QUAL__HIGH_PROFIT,None,TIME_CLOSE_EXIT,153.83,3.0,461.49,1.09,1.41,0.22,-0.48,-0.41,-1.89,0.0,0.0,0.0,-1.89,10253.53,0.07,,2026-08-21
759,2026-08-21 17:30:00+00:00,XRPUSDT,SHORT,EXECUTED,MED_RISK__LOW_QUAL__HIGH_PROFIT,None,TAKE_PROFIT_HIT,25.63,2.5,64.08,1.25,2.03,1.36,-1.38,1.25,0.8,0.0,0.0,0.0,0.8,10254.34,0.06,,2026-08-21
760,2026-08-21 18:30:00+00:00,BTCUSDT,SHORT,EXECUTED,MED_RISK__HIGH_QUAL__LOW_PROFIT,None,TIME_CLOSE_EXIT,76.91,2.5,192.27,0.74,1.1,0.39,-0.67,-0.71,-1.37,0.0,0.0,0.0,-1.37,10252.97,0.08,,2026-08-21
761,2026-08-21 19:30:00+00:00,SOLUSDT,SHORT,EXECUTED,MED_RISK__HIGH_QUAL__HIGH_PROFIT,None,TIME_CLOSE_EXIT,76.9,2.5,192.24,0.62,1.66,0.29,-0.58,-1.06,-2.04,0.0,0.0,0.0,-2.04,10250.93,0.1,,2026-08-21
762,2026-08-21 20:30:00+00:00,BTCUSDT,LONG,EXECUTED,MED_RISK__HIGH_QUAL__HIGH_PROFIT,None,TAKE_PROFIT_HIT,76.88,2.5,192.2,1.08,0.68,1.66,-0.2,1.08,2.08,0.0,0.0,0.0,2.08,10253.01,0.08,,2026-08-21
763,2026-08-21 20:30:00+00:00,SOLUSDT,LONG,EXECUTED,MED_RISK__LOW_QUAL__HIGH_PROFIT,None,TAKE_PROFIT_HIT,25.63,2.5,64.08,3.16,0.73,11.84,-0.34,3.16,2.02,0.0,0.0,0.0,2.02,10255.04,0.06,,2026-08-21
764,2026-08-21 21:30:00+00:00,XRPUSDT,LONG,REJECTED,HIGH_RISK__LOW_QUAL__LOW_PROFIT,Consensus Failure: HIGH_RISK + LOW_QUAL + LOW_PROFIT,SHADOW_TAKE_PROFIT_HIT,0.0,0.0,0.0,3.84,1.97,20.92,-1.98,3.84,0.0,0.0,0.0,0.0,0.0,10255.04,0.06,0.49,2026-08-21
765,2026-08-22 01:30:00+00:00,BTCUSDT,SHORT,EXECUTED,LOW_RISK__HIGH_QUAL__LOW_PROFIT,None,TIME_CLOSE_EXIT,153.83,5.0,769.13,0.45,0.48,0.17,-0.4,-0.17,-1.31,0.0,0.0,0.0,-1.31,10253.73,0.07,,2026-08-22
766,2026-08-22 02:15:00+00:00,BTCUSDT,LONG,EXECUTED,MED_RISK__HIGH_QUAL__HIGH_PROFIT,None,TIME_CLOSE_EXIT,76.9,2.5,192.26,0.99,0.75,0.55,-0.45,0.09,0.17,0.0,0.0,0.0,0.17,10253.9,0.07,,2026-08-22
767,2026-08-22 05:00:00+00:00,BTCUSDT,SHORT,EXECUTED,MED_RISK__HIGH_QUAL__LOW_PROFIT,None,TAKE_PROFIT_HIT,76.9,2.5,192.26,0.99,2.03,1.08,-1.61,0.99,1.89,0.0,0.0,0.0,1.89,10255.8,0.05,,2026-08-22
768,2026-08-22 05:00:00+00:00,ETHUSDT,SHORT,EXECUTED,MED_RISK__HIGH_QUAL__HIGH_PROFIT,None,TAKE_PROFIT_HIT,76.92,2.5,192.3,1.55,2.7,2.46,-2.99,1.55,2.99,0.0,0.0,0.0,2.99,10258.79,0.02,,2026-08-22
769,2026-08-22 05:30:00+00:00,DOGEUSDT,SHORT,EXECUTED,HIGH_RISK__HIGH_QUAL__HIGH_PROFIT,None,TAKE_PROFIT_HIT,153.88,3.0,461.65,2.5,2.97,2.82,-4.09,2.5,11.56,0.0,0.0,0.0,11.56,10270.35,0.0,,2026-08-22
770,2026-08-22 05:45:00+00:00,SOLUSDT,SHORT,EXECUTED,MED_RISK__HIGH_QUAL__HIGH_PROFIT,None,TAKE_PROFIT_HIT,77.03,2.5,192.57,1.4,2.48,3.07,-1.37,1.4,2.69,0.0,0.0,0.0,2.69,10273.04,0.0,,2026-08-22
771,2026-08-22 08:30:00+00:00,XRPUSDT,SHORT,EXECUTED,MED_RISK__HIGH_QUAL__HIGH_PROFIT,None,TAKE_PROFIT_HIT,77.05,2.5,192.62,2.9,2.88,6.26,-1.33,2.9,5.58,0.0,0.0,0.0,5.58,10278.63,0.0,,2026-08-22
772,2026-08-22 12:45:00+00:00,ETHUSDT,LONG,EXECUTED,MED_RISK__LOW_QUAL__HIGH_PROFIT,None,TIME_CLOSE_EXIT,25.7,2.5,64.24,0.93,0.54,0.21,-0.26,0.08,0.05,0.0,0.0,0.0,0.05,10278.68,0.0,,2026-08-22
773,2026-08-22 12:45:00+00:00,BTCUSDT,LONG,EXECUTED,MED_RISK__HIGH_QUAL__HIGH_PROFIT,None,TIME_CLOSE_EXIT,77.09,2.5,192.73,0.82,0.52,0.11,-0.05,-0.17,-0.33,0.0,0.0,0.0,-0.33,10278.35,0.0,,2026-08-22
774,2026-08-22 12:45:00+00:00,SOLUSDT,LONG,EXECUTED,HIGH_RISK__LOW_QUAL__HIGH_PROFIT,None,TIME_CLOSE_EXIT,12.85,1.0,12.85,2.01,0.78,0.5,-0.31,0.04,0.01,0.0,0.0,0.0,0.01,10278.35,0.0,,2026-08-22
775,2026-08-22 13:00:00+00:00,DOGEUSDT,LONG,EXECUTED,HIGH_RISK__HIGH_QUAL__LOW_PROFIT,None,TIME_CLOSE_EXIT,38.54,1.0,38.54,2.25,1.44,0.62,-0.22,-0.78,-0.3,0.0,0.0,0.0,-0.3,10278.05,0.01,,2026-08-22
776,2026-08-22 13:30:00+00:00,BTCUSDT,SHORT,EXECUTED,LOW_RISK__HIGH_QUAL__LOW_PROFIT,None,TIME_CLOSE_EXIT,154.17,5.0,770.85,0.19,0.44,0.04,-0.05,0.0,0.0,0.0,0.0,0.0,0.0,10278.05,0.01,,2026-08-22
777,2026-08-22 13:45:00+00:00,BTCUSDT,LONG,EXECUTED,MED_RISK__HIGH_QUAL__HIGH_PROFIT,None,TIME_CLOSE_EXIT,77.09,2.5,192.71,0.79,0.49,0.09,-0.18,0.0,0.0,0.0,0.0,0.0,0.0,10278.05,0.01,,2026-08-22
778,2026-08-22 14:00:00+00:00,BTCUSDT,SHORT,EXECUTED,LOW_RISK__HIGH_QUAL__LOW_PROFIT,None,TIME_CLOSE_EXIT,154.17,5.0,770.85,0.33,0.68,0.19,-0.36,-0.22,-1.7,0.0,0.0,0.0,-1.7,10276.36,0.02,,2026-08-22
779,2026-08-22 14:00:00+00:00,ETHUSDT,SHORT,EXECUTED,MED_RISK__HIGH_QUAL__HIGH_PROFIT,None,TIME_CLOSE_EXIT,77.07,2.5,192.68,0.63,0.98,0.54,-0.53,-0.16,-0.31,0.0,0.0,0.0,-0.31,10276.05,0.03,,2026-08-22
780,2026-08-22 14:15:00+00:00,DOGEUSDT,SHORT,EXECUTED,HIGH_RISK__LOW_QUAL__HIGH_PROFIT,None,TAKE_PROFIT_HIT,12.85,1.0,12.85,0.72,1.27,1.39,-0.41,0.72,0.09,0.0,0.0,0.0,0.09,10276.14,0.02,,2026-08-22
781,2026-08-22 14:30:00+00:00,SOLUSDT,SHORT,EXECUTED,MED_RISK__HIGH_QUAL__HIGH_PROFIT,None,TIME_CLOSE_EXIT,77.07,2.5,192.68,1.08,1.41,0.5,-0.8,-0.63,-1.21,0.0,0.0,0.0,-1.21,10274.93,0.04,,2026-08-22
782,2026-08-22 16:30:00+00:00,SOLUSDT,LONG,EXECUTED,HIGH_RISK__LOW_QUAL__HIGH_PROFIT,None,TIME_CLOSE_EXIT,12.84,1.0,12.84,2.16,1.46,0.32,-0.77,-1.05,-0.13,0.0,0.0,0.0,-0.13,10274.79,0.04,,2026-08-22
783,2026-08-22 16:30:00+00:00,DOGEUSDT,LONG,EXECUTED,HIGH_RISK__HIGH_QUAL__LOW_PROFIT,None,TAKE_PROFIT_HIT,38.53,1.0,38.53,2.76,1.85,3.87,-0.71,2.76,1.06,0.0,0.0,0.0,1.06,10275.85,0.03,,2026-08-22
784,2026-08-22 16:30:00+00:00,BTCUSDT,LONG,EXECUTED,MED_RISK__HIGH_QUAL__HIGH_PROFIT,None,TIME_CLOSE_EXIT,77.07,2.5,192.67,0.77,0.76,0.2,-0.32,-0.45,-0.87,0.0,0.0,0.0,-0.87,10274.99,0.04,,2026-08-22
785,2026-08-22 17:00:00+00:00,ETHUSDT,LONG,EXECUTED,MED_RISK__LOW_QUAL__HIGH_PROFIT,None,TAKE_PROFIT_HIT,25.69,2.5,64.22,0.77,0.45,0.85,-0.28,0.77,0.5,0.0,0.0,0.0,0.5,10275.48,0.03,,2026-08-22
786,2026-08-22 18:00:00+00:00,XRPUSDT,LONG,REJECTED,HIGH_RISK__LOW_QUAL__LOW_PROFIT,Consensus Failure: HIGH_RISK + LOW_QUAL + LOW_PROFIT,SHADOW_TIME_CLOSE_EXIT,0.0,0.0,0.0,2.69,1.35,2.3,-0.26,0.14,0.0,0.0,0.0,0.0,0.0,10275.48,0.03,0.02,2026-08-22
787,2026-08-22 21:15:00+00:00,ETHUSDT,SHORT,EXECUTED,LOW_RISK__HIGH_QUAL__HIGH_PROFIT,None,TAKE_PROFIT_HIT,154.13,5.0,770.66,0.71,0.6,0.76,-0.04,0.71,5.49,0.0,0.0,0.0,5.49,10280.97,0.0,,2026-08-22
788,2026-08-22 21:15:00+00:00,BTCUSDT,SHORT,EXECUTED,LOW_RISK__HIGH_QUAL__LOW_PROFIT,None,TAKE_PROFIT_HIT,154.21,5.0,771.07,0.25,0.25,0.53,-0.03,0.25,1.94,0.0,0.0,0.0,1.94,10282.92,0.0,,2026-08-22
789,2026-08-22 21:15:00+00:00,SOLUSDT,SHORT,EXECUTED,MED_RISK__HIGH_QUAL__LOW_PROFIT,None,TAKE_PROFIT_HIT,77.12,2.5,192.8,0.78,0.99,1.33,-0.13,0.78,1.5,0.0,0.0,0.0,1.5,10284.42,0.0,,2026-08-22
790,2026-08-22 21:30:00+00:00,XRPUSDT,SHORT,EXECUTED,MED_RISK__LOW_QUAL__HIGH_PROFIT,None,TIME_CLOSE_EXIT,25.71,2.5,64.28,1.96,2.27,1.38,-1.25,-1.05,-0.67,0.0,0.0,0.0,-0.67,10283.74,0.01,,2026-08-22
791,2026-08-22 22:00:00+00:00,DOGEUSDT,SHORT,EXECUTED,HIGH_RISK__LOW_QUAL__HIGH_PROFIT,None,TAKE_PROFIT_HIT,12.85,1.0,12.85,1.37,1.49,1.44,-0.15,1.37,0.18,0.0,0.0,0.0,0.18,10283.92,0.0,,2026-08-22
792,2026-08-23 00:30:00+00:00,SOLUSDT,LONG,EXECUTED,HIGH_RISK__LOW_QUAL__HIGH_PROFIT,None,TIME_CLOSE_EXIT,12.85,1.0,12.85,2.17,2.26,0.89,-2.14,-2.22,-0.29,0.0,0.0,0.0,-0.29,10283.64,0.01,,2026-08-23
793,2026-08-23 00:30:00+00:00,BTCUSDT,LONG,EXECUTED,MED_RISK__HIGH_QUAL__HIGH_PROFIT,None,TIME_CLOSE_EXIT,77.13,2.5,192.82,1.04,0.3,0.15,-0.14,-0.14,-0.27,0.0,0.0,0.0,-0.27,10283.37,0.01,,2026-08-23
794,2026-08-23 00:30:00+00:00,ETHUSDT,LONG,EXECUTED,MED_RISK__LOW_QUAL__HIGH_PROFIT,None,TIME_CLOSE_EXIT,25.71,2.5,64.27,0.55,0.41,0.33,-0.05,-0.17,-0.11,0.0,0.0,0.0,-0.11,10283.26,0.01,,2026-08-23
795,2026-08-23 00:45:00+00:00,DOGEUSDT,LONG,EXECUTED,HIGH_RISK__HIGH_QUAL__LOW_PROFIT,None,TIME_CLOSE_EXIT,38.56,1.0,38.56,2.0,1.82,0.43,-0.51,-2.41,-0.93,0.0,0.0,0.0,-0.93,10282.33,0.02,,2026-08-23
796,2026-08-23 00:45:00+00:00,XRPUSDT,LONG,EXECUTED,HIGH_RISK__HIGH_QUAL__LOW_PROFIT,None,TIME_CLOSE_EXIT,38.56,1.0,38.56,2.02,2.47,0.39,-2.45,-2.13,-0.82,0.0,0.0,0.0,-0.82,10281.51,0.03,,2026-08-23
797,2026-08-23 02:00:00+00:00,ETHUSDT,SHORT,EXECUTED,MED_RISK__HIGH_QUAL__HIGH_PROFIT,None,TAKE_PROFIT_HIT,77.11,2.5,192.78,0.58,0.76,2.41,-0.44,0.58,1.12,0.0,0.0,0.0,1.12,10282.63,0.02,,2026-08-23
798,2026-08-23 02:15:00+00:00,DOGEUSDT,SHORT,EXECUTED,HIGH_RISK__LOW_QUAL__HIGH_PROFIT,None,TAKE_PROFIT_HIT,12.85,1.0,12.85,1.86,1.59,3.19,-1.08,1.86,0.24,0.0,0.0,0.0,0.24,10282.86,0.02,,2026-08-23
799,2026-08-23 02:45:00+00:00,BTCUSDT,SHORT,EXECUTED,LOW_RISK__HIGH_QUAL__LOW_PROFIT,None,TAKE_PROFIT_HIT,154.24,5.0,771.21,0.25,0.2,1.99,-0.2,0.25,1.91,0.0,0.0,0.0,1.91,10284.77,0.0,,2026-08-23
800,2026-08-23 03:15:00+00:00,XRPUSDT,SHORT,EXECUTED,MED_RISK__LOW_QUAL__HIGH_PROFIT,None,TAKE_PROFIT_HIT,25.71,2.5,64.28,1.95,1.25,2.77,-1.27,1.95,1.25,0.0,0.0,0.0,1.25,10286.03,0.0,,2026-08-23
801,2026-08-23 03:30:00+00:00,SOLUSDT,SHORT,EXECUTED,MED_RISK__HIGH_QUAL__HIGH_PROFIT,None,TAKE_PROFIT_HIT,77.15,2.5,192.86,1.23,1.8,2.06,-0.82,1.23,2.38,0.0,0.0,0.0,2.38,10288.41,0.0,,2026-08-23
802,2026-08-23 08:15:00+00:00,ETHUSDT,LONG,EXECUTED,MED_RISK__LOW_QUAL__HIGH_PROFIT,None,TAKE_PROFIT_HIT,25.72,2.5,64.3,1.14,0.66,3.23,-0.7,1.14,0.73,0.0,0.0,0.0,0.73,10289.14,0.0,,2026-08-23
803,2026-08-23 08:15:00+00:00,XRPUSDT,LONG,EXECUTED,HIGH_RISK__HIGH_QUAL__LOW_PROFIT,None,TAKE_PROFIT_HIT,38.58,1.0,38.58,2.59,1.75,4.91,-0.72,2.59,1.0,0.0,0.0,0.0,1.0,10290.14,0.0,,2026-08-23
804,2026-08-23 08:30:00+00:00,DOGEUSDT,LONG,EXECUTED,HIGH_RISK__HIGH_QUAL__LOW_PROFIT,None,TAKE_PROFIT_HIT,38.59,1.0,38.59,2.26,1.53,3.46,-1.04,2.26,0.87,0.0,0.0,0.0,0.87,10291.01,0.0,,2026-08-23
805,2026-08-23 09:00:00+00:00,SOLUSDT,LONG,EXECUTED,HIGH_RISK__LOW_QUAL__HIGH_PROFIT,None,TAKE_PROFIT_HIT,12.86,1.0,12.86,2.36,0.82,2.79,-0.43,2.36,0.3,0.0,0.0,0.0,0.3,10291.31,0.0,,2026-08-23
806,2026-08-23 09:15:00+00:00,BTCUSDT,LONG,EXECUTED,MED_RISK__HIGH_QUAL__HIGH_PROFIT,None,TAKE_PROFIT_HIT,77.18,2.5,192.96,0.77,0.56,1.96,-0.12,0.77,1.49,0.0,0.0,0.0,1.49,10292.8,0.0,,2026-08-23
807,2026-08-23 16:15:00+00:00,DOGEUSDT,SHORT,EXECUTED,HIGH_RISK__LOW_QUAL__HIGH_PROFIT,None,TIME_CLOSE_EXIT,12.87,1.0,12.87,1.19,1.28,0.24,-0.85,-0.49,-0.06,0.0,0.0,0.0,-0.06,10292.74,0.0,,2026-08-23
808,2026-08-23 17:15:00+00:00,DOGEUSDT,LONG,EXECUTED,HIGH_RISK__HIGH_QUAL__LOW_PROFIT,None,TIME_CLOSE_EXIT,38.6,1.0,38.6,2.14,0.88,0.41,-0.64,-0.15,-0.06,0.0,0.0,0.0,-0.06,10292.68,0.0,,2026-08-23
809,2026-08-23 18:00:00+00:00,DOGEUSDT,LONG,EXECUTED,HIGH_RISK__HIGH_QUAL__LOW_PROFIT,None,TIME_CLOSE_EXIT,38.6,1.0,38.6,2.34,1.3,0.21,-0.82,-0.83,-0.32,0.0,0.0,0.0,-0.32,10292.36,0.0,,2026-08-23
810,2026-08-23 19:15:00+00:00,DOGEUSDT,SHORT,EXECUTED,HIGH_RISK__LOW_QUAL__HIGH_PROFIT,None,TIME_CLOSE_EXIT,12.87,1.0,12.87,1.08,1.07,0.19,-0.13,0.0,0.0,0.0,0.0,0.0,0.0,10292.36,0.0,,2026-08-23
811,2026-08-23 19:15:00+00:00,XRPUSDT,SHORT,EXECUTED,MED_RISK__LOW_QUAL__HIGH_PROFIT,None,TIME_CLOSE_EXIT,25.73,2.5,64.33,1.49,1.37,0.67,-0.69,-0.19,-0.12,0.0,0.0,0.0,-0.12,10292.24,0.01,,2026-08-23
812,2026-08-23 19:15:00+00:00,SOLUSDT,SHORT,EXECUTED,LOW_RISK__HIGH_QUAL__LOW_PROFIT,None,TIME_CLOSE_EXIT,154.38,5.0,771.92,0.51,0.48,0.12,-0.07,0.0,0.0,0.0,0.0,0.0,0.0,10292.24,0.01,,2026-08-23
813,2026-08-23 19:30:00+00:00,DOGEUSDT,LONG,EXECUTED,HIGH_RISK__HIGH_QUAL__LOW_PROFIT,None,TIME_CLOSE_EXIT,38.6,1.0,38.6,1.8,0.92,0.0,-0.98,0.0,0.0,0.0,0.0,0.0,0.0,10292.24,0.01,,2026-08-23
814,2026-08-23 19:30:00+00:00,SOLUSDT,LONG,EXECUTED,MED_RISK__HIGH_QUAL__HIGH_PROFIT,None,TIME_CLOSE_EXIT,77.19,2.5,192.98,1.53,0.52,0.05,-0.49,0.0,0.0,0.0,0.0,0.0,0.0,10292.24,0.01,,2026-08-23
815,2026-08-23 19:45:00+00:00,DOGEUSDT,SHORT,EXECUTED,HIGH_RISK__LOW_QUAL__HIGH_PROFIT,None,TIME_CLOSE_EXIT,12.87,1.0,12.87,1.2,1.07,0.44,-0.71,-0.43,-0.06,0.0,0.0,0.0,-0.06,10292.18,0.01,,2026-08-23
816,2026-08-23 19:45:00+00:00,SOLUSDT,SHORT,EXECUTED,LOW_RISK__HIGH_QUAL__LOW_PROFIT,None,TIME_CLOSE_EXIT,154.38,5.0,771.91,0.55,0.64,0.33,-0.42,0.0,0.0,0.0,0.0,0.0,0.0,10292.18,0.01,,2026-08-23
817,2026-08-23 20:45:00+00:00,DOGEUSDT,LONG,EXECUTED,HIGH_RISK__HIGH_QUAL__LOW_PROFIT,None,TAKE_PROFIT_HIT,38.6,1.0,38.6,1.45,0.87,1.82,-0.15,1.45,0.56,0.0,0.0,0.0,0.56,10292.74,0.0,,2026-08-23
818,2026-08-23 21:00:00+00:00,XRPUSDT,LONG,EXECUTED,HIGH_RISK__HIGH_QUAL__LOW_PROFIT,None,TIME_CLOSE_EXIT,38.6,1.0,38.6,2.22,1.67,1.72,-1.28,-0.58,-0.22,0.0,0.0,0.0,-0.22,10292.52,0.0,,2026-08-23
819,2026-08-23 21:00:00+00:00,SOLUSDT,LONG,EXECUTED,HIGH_RISK__HIGH_QUAL__HIGH_PROFIT,None,TIME_CLOSE_EXIT,154.39,3.0,463.16,1.78,1.07,0.63,-0.61,-0.23,-1.07,0.0,0.0,0.0,-1.07,10291.45,0.01,,2026-08-23
820,2026-08-24 00:00:00+00:00,SOLUSDT,SHORT,EXECUTED,LOW_RISK__HIGH_QUAL__LOW_PROFIT,None,TAKE_PROFIT_HIT,154.37,5.0,771.86,0.78,0.6,1.83,-0.37,0.78,6.01,0.0,0.0,0.0,6.01,10297.46,0.0,,2026-08-24
821,2026-08-24 00:15:00+00:00,DOGEUSDT,SHORT,EXECUTED,HIGH_RISK__LOW_QUAL__HIGH_PROFIT,None,TAKE_PROFIT_HIT,12.87,1.0,12.87,1.75,1.51,2.12,-0.68,1.75,0.22,0.0,0.0,0.0,0.22,10297.69,0.0,,2026-08-24
822,2026-08-24 00:15:00+00:00,XRPUSDT,SHORT,EXECUTED,MED_RISK__LOW_QUAL__HIGH_PROFIT,None,TAKE_PROFIT_HIT,25.74,2.5,64.36,1.91,1.53,2.53,-0.8,1.91,1.23,0.0,0.0,0.0,1.23,10298.92,0.0,,2026-08-24
823,2026-08-24 00:30:00+00:00,ETHUSDT,SHORT,EXECUTED,MED_RISK__HIGH_QUAL__HIGH_PROFIT,None,TIME_CLOSE_EXIT,77.24,2.5,193.1,0.79,0.77,0.07,-0.59,0.0,0.0,0.0,0.0,0.0,0.0,10298.92,0.0,,2026-08-24
824,2026-08-24 00:30:00+00:00,BTCUSDT,SHORT,EXECUTED,LOW_RISK__HIGH_QUAL__LOW_PROFIT,None,TAKE_PROFIT_HIT,154.48,5.0,772.42,0.7,0.63,0.73,-0.62,0.7,5.39,0.0,0.0,0.0,5.39,10304.31,0.0,,2026-08-24
825,2026-08-24 00:45:00+00:00,ETHUSDT,LONG,EXECUTED,HIGH_RISK__LOW_QUAL__HIGH_PROFIT,None,TIME_CLOSE_EXIT,12.88,1.0,12.88,1.14,0.83,0.08,-0.92,-0.45,-0.06,0.0,0.0,0.0,-0.06,10304.25,0.0,,2026-08-24
826,2026-08-24 01:15:00+00:00,ETHUSDT,SHORT,EXECUTED,MED_RISK__HIGH_QUAL__HIGH_PROFIT,None,TIME_CLOSE_EXIT,77.28,2.5,193.2,0.84,0.83,0.81,-0.39,-0.54,-1.04,0.0,0.0,0.0,-1.04,10303.21,0.01,,2026-08-24
827,2026-08-24 05:00:00+00:00,DOGEUSDT,LONG,EXECUTED,HIGH_RISK__HIGH_QUAL__LOW_PROFIT,None,TIME_CLOSE_EXIT,38.64,1.0,38.64,1.94,1.42,0.15,-1.28,-1.26,-0.49,0.0,0.0,0.0,-0.49,10302.72,0.02,,2026-08-24
828,2026-08-24 05:15:00+00:00,ETHUSDT,LONG,EXECUTED,MED_RISK__LOW_QUAL__HIGH_PROFIT,None,TAKE_PROFIT_HIT,25.76,2.5,64.39,1.66,0.59,3.36,-0.58,1.66,1.07,0.0,0.0,0.0,1.07,10303.79,0.01,,2026-08-24
829,2026-08-24 06:15:00+00:00,BTCUSDT,LONG,EXECUTED,MED_RISK__HIGH_QUAL__HIGH_PROFIT,None,TIME_CLOSE_EXIT,77.28,2.5,193.2,1.13,0.44,0.55,-0.17,-0.14,-0.27,0.0,0.0,0.0,-0.27,10303.52,0.01,,2026-08-24
830,2026-08-24 06:30:00+00:00,DOGEUSDT,SHORT,EXECUTED,HIGH_RISK__LOW_QUAL__HIGH_PROFIT,None,TAKE_PROFIT_HIT,12.88,1.0,12.88,1.09,1.36,1.35,-1.38,1.09,0.14,0.0,0.0,0.0,0.14,10303.66,0.01,,2026-08-24
831,2026-08-24 07:00:00+00:00,SOLUSDT,LONG,EXECUTED,HIGH_RISK__HIGH_QUAL__HIGH_PROFIT,None,TIME_CLOSE_EXIT,154.55,3.0,463.66,1.82,1.17,0.13,-0.87,-1.35,-6.26,0.0,0.0,0.0,-6.26,10297.4,0.07,,2026-08-24
832,2026-08-24 07:00:00+00:00,XRPUSDT,LONG,EXECUTED,HIGH_RISK__HIGH_QUAL__LOW_PROFIT,None,TIME_CLOSE_EXIT,38.62,1.0,38.62,2.29,1.74,0.41,-1.12,-1.4,-0.54,0.0,0.0,0.0,-0.54,10296.86,0.07,,2026-08-24
833,2026-08-24 07:45:00+00:00,SOLUSDT,SHORT,EXECUTED,MED_RISK__HIGH_QUAL__LOW_PROFIT,None,TIME_CLOSE_EXIT,77.23,2.5,193.07,1.11,0.8,0.9,-0.35,-0.49,-0.95,0.0,0.0,0.0,-0.95,10295.91,0.08,,2026-08-24
834,2026-08-24 07:45:00+00:00,XRPUSDT,SHORT,EXECUTED,MED_RISK__LOW_QUAL__HIGH_PROFIT,None,TAKE_PROFIT_HIT,25.74,2.5,64.35,1.4,1.32,1.53,-0.59,1.4,0.9,0.0,0.0,0.0,0.9,10296.81,0.07,,2026-08-24
835,2026-08-24 08:15:00+00:00,BTCUSDT,SHORT,EXECUTED,MED_RISK__HIGH_QUAL__LOW_PROFIT,None,TIME_CLOSE_EXIT,77.23,2.5,193.07,0.77,0.86,0.11,-0.42,-0.64,-1.24,0.0,0.0,0.0,-1.24,10295.57,0.08,,2026-08-24
836,2026-08-24 09:15:00+00:00,SOLUSDT,LONG,EXECUTED,HIGH_RISK__HIGH_QUAL__HIGH_PROFIT,None,TAKE_PROFIT_HIT,154.43,3.0,463.3,2.29,0.87,3.14,-0.49,2.29,10.6,0.0,0.0,0.0,10.6,10306.17,0.0,,2026-08-24
837,2026-08-24 09:30:00+00:00,BTCUSDT,LONG,EXECUTED,MED_RISK__HIGH_QUAL__HIGH_PROFIT,None,TAKE_PROFIT_HIT,77.3,2.5,193.24,1.07,0.56,3.27,-0.09,1.07,2.07,0.0,0.0,0.0,2.07,10308.24,0.0,,2026-08-24
838,2026-08-24 10:00:00+00:00,XRPUSDT,LONG,EXECUTED,HIGH_RISK__HIGH_QUAL__LOW_PROFIT,None,TAKE_PROFIT_HIT,38.66,1.0,38.66,2.28,1.47,2.86,-1.1,2.28,0.88,0.0,0.0,0.0,0.88,10309.13,0.0,,2026-08-24
839,2026-08-24 11:30:00+00:00,DOGEUSDT,LONG,EXECUTED,HIGH_RISK__HIGH_QUAL__LOW_PROFIT,None,TIME_CLOSE_EXIT,38.66,1.0,38.66,2.2,1.92,0.74,-1.6,-1.95,-0.75,0.0,0.0,0.0,-0.75,10308.37,0.01,,2026-08-24
840,2026-08-24 14:00:00+00:00,DOGEUSDT,SHORT,EXECUTED,HIGH_RISK__LOW_QUAL__HIGH_PROFIT,None,TIME_CLOSE_EXIT,12.89,1.0,12.89,1.61,0.98,0.82,-0.11,-0.13,-0.02,0.0,0.0,0.0,-0.02,10308.35,0.01,,2026-08-24
841,2026-08-24 14:30:00+00:00,DOGEUSDT,LONG,EXECUTED,HIGH_RISK__HIGH_QUAL__LOW_PROFIT,None,TIME_CLOSE_EXIT,38.66,1.0,38.66,1.64,1.18,0.74,-0.85,-0.89,-0.34,0.0,0.0,0.0,-0.34,10308.01,0.01,,2026-08-24
842,2026-08-24 15:45:00+00:00,DOGEUSDT,SHORT,EXECUTED,HIGH_RISK__LOW_QUAL__HIGH_PROFIT,None,TAKE_PROFIT_HIT,12.89,1.0,12.89,1.89,1.37,3.55,-1.16,1.89,0.24,0.0,0.0,0.0,0.24,10308.25,0.01,,2026-08-24
843,2026-08-24 16:45:00+00:00,ETHUSDT,SHORT,EXECUTED,MED_RISK__HIGH_QUAL__HIGH_PROFIT,None,TIME_CLOSE_EXIT,77.31,2.5,193.28,1.03,1.27,0.95,-0.52,-0.13,-0.25,0.0,0.0,0.0,-0.25,10308.0,0.01,,2026-08-24
844,2026-08-24 17:15:00+00:00,SOLUSDT,SHORT,EXECUTED,MED_RISK__HIGH_QUAL__HIGH_PROFIT,None,TIME_CLOSE_EXIT,77.31,2.5,193.28,1.32,2.01,0.12,-1.24,-1.09,-2.11,0.0,0.0,0.0,-2.11,10305.9,0.03,,2026-08-24
845,2026-08-24 17:15:00+00:00,XRPUSDT,SHORT,EXECUTED,MED_RISK__LOW_QUAL__HIGH_PROFIT,None,TIME_CLOSE_EXIT,25.76,2.5,64.41,2.47,2.37,0.21,-1.83,-1.07,-0.69,0.0,0.0,0.0,-0.69,10305.21,0.04,,2026-08-24
846,2026-08-24 17:30:00+00:00,BTCUSDT,SHORT,EXECUTED,MED_RISK__HIGH_QUAL__LOW_PROFIT,None,TIME_CLOSE_EXIT,77.29,2.5,193.22,0.81,0.89,0.19,-0.27,-0.44,-0.85,0.0,0.0,0.0,-0.85,10304.36,0.05,,2026-08-24
847,2026-08-24 19:30:00+00:00,SOLUSDT,LONG,EXECUTED,HIGH_RISK__LOW_QUAL__HIGH_PROFIT,None,TAKE_PROFIT_HIT,12.88,1.0,12.88,2.35,0.89,7.06,-0.55,2.35,0.3,0.0,0.0,0.0,0.3,10304.66,0.04,,2026-08-24
848,2026-08-24 21:30:00+00:00,ETHUSDT,LONG,EXECUTED,MED_RISK__LOW_QUAL__HIGH_PROFIT,None,TIME_CLOSE_EXIT,25.76,2.5,64.4,0.9,0.45,0.25,-0.14,-0.26,-0.17,0.0,0.0,0.0,-0.17,10304.49,0.04,,2026-08-24
849,2026-08-24 21:45:00+00:00,BTCUSDT,LONG,EXECUTED,MED_RISK__HIGH_QUAL__HIGH_PROFIT,None,TIME_CLOSE_EXIT,77.28,2.5,193.21,0.67,0.34,0.08,-0.08,0.0,0.0,0.0,0.0,0.0,0.0,10304.49,0.04,,2026-08-24
850,2026-08-24 22:00:00+00:00,DOGEUSDT,LONG,EXECUTED,MED_RISK__HIGH_QUAL__LOW_PROFIT,None,TIME_CLOSE_EXIT,77.28,2.5,193.21,1.13,0.75,0.37,-0.12,-0.28,-0.54,0.0,0.0,0.0,-0.54,10303.95,0.05,,2026-08-24
851,2026-08-24 22:00:00+00:00,BTCUSDT,SHORT,EXECUTED,LOW_RISK__HIGH_QUAL__LOW_PROFIT,None,TIME_CLOSE_EXIT,154.56,5.0,772.8,0.42,0.32,0.31,-0.15,-0.11,-0.85,0.0,0.0,0.0,-0.85,10303.1,0.06,,2026-08-24
852,2026-08-24 22:45:00+00:00,DOGEUSDT,SHORT,EXECUTED,HIGH_RISK__LOW_QUAL__HIGH_PROFIT,None,TIME_CLOSE_EXIT,12.88,1.0,12.88,1.0,0.75,0.39,-0.33,-0.19,-0.02,0.0,0.0,0.0,-0.02,10303.08,0.06,,2026-08-24
853,2026-08-24 22:45:00+00:00,ETHUSDT,SHORT,EXECUTED,LOW_RISK__HIGH_QUAL__HIGH_PROFIT,None,TIME_CLOSE_EXIT,154.55,5.0,772.73,0.59,0.56,0.14,-0.24,-0.14,-1.08,0.0,0.0,0.0,-1.08,10301.99,0.07,,2026-08-24
854,2026-08-24 23:15:00+00:00,ETHUSDT,LONG,EXECUTED,MED_RISK__LOW_QUAL__HIGH_PROFIT,None,TAKE_PROFIT_HIT,25.75,2.5,64.39,0.72,0.49,1.99,-0.44,0.72,0.46,0.0,0.0,0.0,0.46,10302.46,0.06,,2026-08-24
855,2026-08-24 23:30:00+00:00,DOGEUSDT,LONG,EXECUTED,HIGH_RISK__HIGH_QUAL__LOW_PROFIT,None,TAKE_PROFIT_HIT,38.63,1.0,38.63,1.17,0.84,3.41,-0.34,1.17,0.45,0.0,0.0,0.0,0.45,10302.91,0.06,,2026-08-24
856,2026-08-24 23:45:00+00:00,BTCUSDT,LONG,EXECUTED,MED_RISK__HIGH_QUAL__HIGH_PROFIT,None,TIME_CLOSE_EXIT,77.27,2.5,193.18,1.08,0.42,0.11,-0.21,-0.04,-0.08,0.0,0.0,0.0,-0.08,10302.83,0.06,,2026-08-24
857,2026-08-25 00:00:00+00:00,XRPUSDT,LONG,EXECUTED,HIGH_RISK__HIGH_QUAL__LOW_PROFIT,None,TAKE_PROFIT_HIT,38.64,1.0,38.64,1.67,1.02,4.33,-0.75,1.67,0.64,0.0,0.0,0.0,0.64,10303.47,0.05,,2026-08-25
858,2026-08-25 00:15:00+00:00,BTCUSDT,SHORT,EXECUTED,LOW_RISK__HIGH_QUAL__LOW_PROFIT,None,TIME_CLOSE_EXIT,154.55,5.0,772.76,0.41,0.39,0.11,-0.21,0.0,0.0,0.0,0.0,0.0,0.0,10303.47,0.05,,2026-08-25
859,2026-08-25 00:30:00+00:00,BTCUSDT,LONG,EXECUTED,MED_RISK__HIGH_QUAL__HIGH_PROFIT,None,TAKE_PROFIT_HIT,77.28,2.5,193.19,1.39,0.74,2.39,-0.79,1.39,2.69,0.0,0.0,0.0,2.69,10306.17,0.03,,2026-08-25
860,2026-08-25 06:45:00+00:00,XRPUSDT,SHORT,EXECUTED,MED_RISK__LOW_QUAL__LOW_PROFIT,None,TAKE_PROFIT_HIT,25.77,2.5,64.41,1.63,1.06,3.95,-0.61,1.63,1.05,0.0,0.0,0.0,1.05,10307.22,0.02,,2026-08-25
861,2026-08-25 07:45:00+00:00,DOGEUSDT,SHORT,EXECUTED,HIGH_RISK__LOW_QUAL__HIGH_PROFIT,None,TAKE_PROFIT_HIT,12.88,1.0,12.88,1.72,1.7,6.6,-1.52,1.72,0.22,0.0,0.0,0.0,0.22,10307.44,0.02,,2026-08-25
862,2026-08-25 07:45:00+00:00,SOLUSDT,SHORT,EXECUTED,MED_RISK__HIGH_QUAL__HIGH_PROFIT,None,TAKE_PROFIT_HIT,77.31,2.5,193.26,1.75,1.92,4.01,-1.55,1.75,3.39,0.0,0.0,0.0,3.39,10310.83,0.0,,2026-08-25
863,2026-08-25 07:45:00+00:00,ETHUSDT,SHORT,EXECUTED,MED_RISK__HIGH_QUAL__HIGH_PROFIT,None,TAKE_PROFIT_HIT,77.33,2.5,193.33,0.79,1.35,1.57,-0.83,0.79,1.53,0.0,0.0,0.0,1.53,10312.36,0.0,,2026-08-25
864,2026-08-25 07:45:00+00:00,BTCUSDT,SHORT,EXECUTED,MED_RISK__HIGH_QUAL__LOW_PROFIT,None,TAKE_PROFIT_HIT,77.34,2.5,193.36,0.99,1.28,1.99,-1.03,0.99,1.91,0.0,0.0,0.0,1.91,10314.26,0.0,,2026-08-25
865,2026-08-25 15:30:00+00:00,BTCUSDT,LONG,EXECUTED,MED_RISK__HIGH_QUAL__HIGH_PROFIT,None,TIME_CLOSE_EXIT,77.36,2.5,193.39,1.12,0.71,0.21,-0.31,-0.31,-0.6,0.0,0.0,0.0,-0.6,10313.66,0.01,,2026-08-25
866,2026-08-25 15:45:00+00:00,ETHUSDT,LONG,EXECUTED,MED_RISK__LOW_QUAL__HIGH_PROFIT,None,TIME_CLOSE_EXIT,25.78,2.5,64.46,1.28,0.76,0.11,-0.42,-0.29,-0.19,0.0,0.0,0.0,-0.19,10313.48,0.01,,2026-08-25
867,2026-08-25 16:45:00+00:00,ETHUSDT,SHORT,EXECUTED,LOW_RISK__HIGH_QUAL__HIGH_PROFIT,None,TAKE_PROFIT_HIT,154.7,5.0,773.51,0.51,0.49,2.27,-0.36,0.51,3.97,0.0,0.0,0.0,3.97,10317.45,0.0,,2026-08-25
868,2026-08-25 17:00:00+00:00,BTCUSDT,SHORT,EXECUTED,LOW_RISK__HIGH_QUAL__LOW_PROFIT,None,TIME_CLOSE_EXIT,154.76,5.0,773.81,0.46,0.58,0.27,-0.24,-0.35,-2.71,0.0,0.0,0.0,-2.71,10314.74,0.03,,2026-08-25
869,2026-08-25 17:45:00+00:00,XRPUSDT,LONG,EXECUTED,HIGH_RISK__HIGH_QUAL__LOW_PROFIT,None,TIME_CLOSE_EXIT,38.68,1.0,38.68,1.22,0.91,0.42,-0.26,-0.4,-0.15,0.0,0.0,0.0,-0.15,10314.59,0.03,,2026-08-25
870,2026-08-25 18:00:00+00:00,BTCUSDT,LONG,EXECUTED,MED_RISK__HIGH_QUAL__HIGH_PROFIT,None,TIME_CLOSE_EXIT,77.36,2.5,193.4,0.58,0.49,0.08,-0.13,-0.2,-0.39,0.0,0.0,0.0,-0.39,10314.2,0.03,,2026-08-25
871,2026-08-25 18:15:00+00:00,SOLUSDT,LONG,EXECUTED,HIGH_RISK__HIGH_QUAL__HIGH_PROFIT,None,TIME_CLOSE_EXIT,154.71,3.0,464.14,1.53,1.08,0.11,-0.31,-0.85,-3.95,0.0,0.0,0.0,-3.95,10310.25,0.07,,2026-08-25
872,2026-08-25 19:15:00+00:00,BTCUSDT,SHORT,EXECUTED,LOW_RISK__HIGH_QUAL__LOW_PROFIT,None,TAKE_PROFIT_HIT,154.65,5.0,773.27,0.47,0.56,1.37,-0.38,0.47,3.66,0.0,0.0,0.0,3.66,10313.92,0.03,,2026-08-25
873,2026-08-25 19:30:00+00:00,XRPUSDT,SHORT,EXECUTED,MED_RISK__LOW_QUAL__LOW_PROFIT,None,TAKE_PROFIT_HIT,25.78,2.5,64.46,0.88,1.09,4.19,-0.55,0.88,0.57,0.0,0.0,0.0,0.57,10314.48,0.03,,2026-08-25
874,2026-08-25 19:30:00+00:00,SOLUSDT,SHORT,EXECUTED,MED_RISK__HIGH_QUAL__LOW_PROFIT,None,TAKE_PROFIT_HIT,77.36,2.5,193.4,1.15,1.35,2.28,-0.52,1.15,2.22,0.0,0.0,0.0,2.22,10316.7,0.01,,2026-08-25
875,2026-08-26 01:30:00+00:00,BTCUSDT,LONG,EXECUTED,MED_RISK__HIGH_QUAL__HIGH_PROFIT,None,TIME_CLOSE_EXIT,77.38,2.5,193.44,0.61,0.42,0.48,-0.2,0.16,0.31,0.0,0.0,0.0,0.31,10317.01,0.0,,2026-08-26
876,2026-08-26 01:30:00+00:00,ETHUSDT,LONG,EXECUTED,MED_RISK__LOW_QUAL__HIGH_PROFIT,None,TIME_CLOSE_EXIT,25.79,2.5,64.48,1.11,0.55,0.62,-0.18,0.27,0.17,0.0,0.0,0.0,0.17,10317.18,0.0,,2026-08-26
877,2026-08-26 02:15:00+00:00,SOLUSDT,LONG,EXECUTED,HIGH_RISK__HIGH_QUAL__HIGH_PROFIT,None,TIME_CLOSE_EXIT,154.76,3.0,464.27,1.26,0.91,0.01,-0.66,-0.43,-2.0,0.0,0.0,0.0,-2.0,10315.19,0.02,,2026-08-26
878,2026-08-26 02:30:00+00:00,DOGEUSDT,LONG,EXECUTED,HIGH_RISK__HIGH_QUAL__LOW_PROFIT,None,TIME_CLOSE_EXIT,38.68,1.0,38.68,0.95,0.91,0.1,-0.14,-0.7,-0.27,0.0,0.0,0.0,-0.27,10314.92,0.02,,2026-08-26
879,2026-08-26 02:30:00+00:00,XRPUSDT,LONG,EXECUTED,MED_RISK__HIGH_QUAL__LOW_PROFIT,None,TIME_CLOSE_EXIT,77.36,2.5,193.4,1.0,0.76,0.28,-0.06,-0.39,-0.75,0.0,0.0,0.0,-0.75,10314.16,0.03,,2026-08-26
880,2026-08-26 03:30:00+00:00,XRPUSDT,SHORT,EXECUTED,LOW_RISK__LOW_QUAL__LOW_PROFIT,None,TAKE_PROFIT_HIT,51.57,5.0,257.85,0.67,0.62,1.03,-0.8,0.67,1.74,0.0,0.0,0.0,1.74,10315.9,0.01,,2026-08-26
881,2026-08-26 04:45:00+00:00,SOLUSDT,SHORT,EXECUTED,MED_RISK__HIGH_QUAL__LOW_PROFIT,None,TIME_CLOSE_EXIT,77.37,2.5,193.42,1.41,0.79,0.39,-0.52,-0.33,-0.64,0.0,0.0,0.0,-0.64,10315.26,0.02,,2026-08-26
882,2026-08-26 05:00:00+00:00,DOGEUSDT,SHORT,EXECUTED,HIGH_RISK__LOW_QUAL__HIGH_PROFIT,None,TIME_CLOSE_EXIT,12.89,1.0,12.89,0.59,0.86,0.24,-0.2,-0.49,-0.06,0.0,0.0,0.0,-0.06,10315.2,0.02,,2026-08-26
883,2026-08-26 05:30:00+00:00,DOGEUSDT,LONG,EXECUTED,MED_RISK__HIGH_QUAL__LOW_PROFIT,None,TIME_CLOSE_EXIT,77.36,2.5,193.41,0.84,0.69,0.24,-0.32,-0.07,-0.14,0.0,0.0,0.0,-0.14,10315.07,0.02,,2026-08-26
884,2026-08-26 06:00:00+00:00,XRPUSDT,LONG,EXECUTED,MED_RISK__HIGH_QUAL__LOW_PROFIT,None,TIME_CLOSE_EXIT,77.36,2.5,193.41,1.06,0.61,0.35,-0.03,0.0,0.0,0.0,0.0,0.0,0.0,10315.07,0.02,,2026-08-26
885,2026-08-26 06:15:00+00:00,XRPUSDT,SHORT,EXECUTED,MED_RISK__LOW_QUAL__LOW_PROFIT,None,TAKE_PROFIT_HIT,25.79,2.5,64.47,0.88,0.86,5.46,-0.61,0.88,0.57,0.0,0.0,0.0,0.57,10315.63,0.02,,2026-08-26
886,2026-08-26 08:00:00+00:00,SOLUSDT,LONG,EXECUTED,MED_RISK__HIGH_QUAL__HIGH_PROFIT,None,TIME_CLOSE_EXIT,77.37,2.5,193.42,1.7,0.62,0.19,-0.32,-0.42,-0.81,0.0,0.0,0.0,-0.81,10314.82,0.03,,2026-08-26
887,2026-08-26 08:45:00+00:00,BTCUSDT,SHORT,EXECUTED,MED_RISK__HIGH_QUAL__LOW_PROFIT,None,TAKE_PROFIT_HIT,77.36,2.5,193.4,0.62,0.75,1.37,-0.39,0.62,1.19,0.0,0.0,0.0,1.19,10316.01,0.01,,2026-08-26
888,2026-08-26 08:45:00+00:00,ETHUSDT,SHORT,EXECUTED,LOW_RISK__HIGH_QUAL__HIGH_PROFIT,None,TIME_CLOSE_EXIT,154.74,5.0,773.7,0.64,0.59,0.55,-0.32,-0.36,-2.79,0.0,0.0,0.0,-2.79,10313.23,0.04,,2026-08-26
889,2026-08-26 09:00:00+00:00,SOLUSDT,SHORT,EXECUTED,LOW_RISK__HIGH_QUAL__LOW_PROFIT,None,TIME_CLOSE_EXIT,154.7,5.0,773.49,1.08,0.49,1.08,-0.2,-0.59,-4.56,0.0,0.0,0.0,-4.56,10308.66,0.09,,2026-08-26
890,2026-08-26 10:45:00+00:00,SOLUSDT,LONG,EXECUTED,HIGH_RISK__HIGH_QUAL__HIGH_PROFIT,None,TIME_CLOSE_EXIT,154.63,3.0,463.89,1.84,0.96,0.41,-0.12,-0.47,-2.18,0.0,0.0,0.0,-2.18,10306.48,0.11,,2026-08-26
891,2026-08-26 10:45:00+00:00,ETHUSDT,LONG,EXECUTED,MED_RISK__LOW_QUAL__HIGH_PROFIT,None,TIME_CLOSE_EXIT,25.77,2.5,64.42,1.1,0.74,0.27,-0.2,-0.57,-0.37,0.0,0.0,0.0,-0.37,10306.12,0.11,,2026-08-26
892,2026-08-26 11:00:00+00:00,DOGEUSDT,LONG,EXECUTED,HIGH_RISK__HIGH_QUAL__LOW_PROFIT,None,TIME_CLOSE_EXIT,38.65,1.0,38.65,0.91,1.23,0.08,-0.29,-0.85,-0.33,0.0,0.0,0.0,-0.33,10305.79,0.11,,2026-08-26
893,2026-08-26 11:45:00+00:00,DOGEUSDT,SHORT,EXECUTED,MED_RISK__LOW_QUAL__HIGH_PROFIT,None,TIME_CLOSE_EXIT,25.76,2.5,64.41,0.59,0.67,0.28,-0.15,0.08,0.05,0.0,0.0,0.0,0.05,10305.84,0.11,,2026-08-26
894,2026-08-26 12:15:00+00:00,DOGEUSDT,LONG,EXECUTED,HIGH_RISK__HIGH_QUAL__LOW_PROFIT,None,TIME_CLOSE_EXIT,38.65,1.0,38.65,0.9,1.08,0.03,-0.86,0.0,0.0,0.0,0.0,0.0,0.0,10305.84,0.11,,2026-08-26
895,2026-08-26 12:30:00+00:00,DOGEUSDT,SHORT,EXECUTED,HIGH_RISK__LOW_QUAL__HIGH_PROFIT,None,TAKE_PROFIT_HIT,12.88,1.0,12.88,1.43,0.95,2.7,-0.91,1.43,0.18,0.0,0.0,0.0,0.18,10306.02,0.11,,2026-08-26
896,2026-08-26 13:00:00+00:00,ETHUSDT,SHORT,EXECUTED,MED_RISK__HIGH_QUAL__HIGH_PROFIT,None,TIME_CLOSE_EXIT,77.3,2.5,193.24,0.73,1.0,0.56,-0.68,-0.7,-1.35,0.0,0.0,0.0,-1.35,10304.67,0.12,,2026-08-26
897,2026-08-26 13:00:00+00:00,SOLUSDT,SHORT,EXECUTED,MED_RISK__HIGH_QUAL__LOW_PROFIT,None,TAKE_PROFIT_HIT,77.29,2.5,193.21,1.54,1.02,1.62,-0.75,1.54,2.97,0.0,0.0,0.0,2.97,10307.64,0.1,,2026-08-26
898,2026-08-26 17:30:00+00:00,SOLUSDT,LONG,EXECUTED,HIGH_RISK__HIGH_QUAL__HIGH_PROFIT,None,TAKE_PROFIT_HIT,154.61,3.0,463.84,1.44,1.24,13.82,-0.9,1.44,6.7,0.0,0.0,0.0,6.7,10314.34,0.03,,2026-08-26
899,2026-08-26 17:30:00+00:00,ETHUSDT,LONG,EXECUTED,MED_RISK__LOW_QUAL__HIGH_PROFIT,None,TAKE_PROFIT_HIT,25.79,2.5,64.46,1.75,0.68,2.19,-0.23,1.75,1.13,0.0,0.0,0.0,1.13,10315.47,0.02,,2026-08-26
900,2026-08-26 17:30:00+00:00,BTCUSDT,LONG,EXECUTED,MED_RISK__HIGH_QUAL__HIGH_PROFIT,None,TAKE_PROFIT_HIT,77.37,2.5,193.42,0.7,0.66,0.84,-0.4,0.7,1.35,0.0,0.0,0.0,1.35,10316.82,0.01,,2026-08-26
901,2026-08-26 19:15:00+00:00,DOGEUSDT,LONG,EXECUTED,HIGH_RISK__HIGH_QUAL__LOW_PROFIT,None,TAKE_PROFIT_HIT,38.69,1.0,38.69,1.1,1.01,2.92,-1.08,1.1,0.43,0.0,0.0,0.0,0.43,10317.25,0.0,,2026-08-26
902,2026-08-26 21:00:00+00:00,XRPUSDT,LONG,EXECUTED,HIGH_RISK__HIGH_QUAL__LOW_PROFIT,None,TAKE_PROFIT_HIT,38.69,1.0,38.69,2.14,1.4,2.23,-1.3,2.14,0.83,0.0,0.0,0.0,0.83,10318.07,0.0,,2026-08-26
903,2026-08-27 03:00:00+00:00,BTCUSDT,SHORT,EXECUTED,LOW_RISK__HIGH_QUAL__LOW_PROFIT,None,TIME_CLOSE_EXIT,154.77,5.0,773.86,0.38,0.28,0.01,-0.13,0.0,0.0,0.0,0.0,0.0,0.0,10318.07,0.0,,2026-08-27
904,2026-08-27 03:15:00+00:00,BTCUSDT,LONG,EXECUTED,MED_RISK__HIGH_QUAL__HIGH_PROFIT,None,TIME_CLOSE_EXIT,77.39,2.5,193.46,0.42,0.34,0.12,-0.32,-0.14,-0.27,0.0,0.0,0.0,-0.27,10317.8,0.0,,2026-08-27
905,2026-08-27 03:30:00+00:00,ETHUSDT,SHORT,EXECUTED,LOW_RISK__HIGH_QUAL__HIGH_PROFIT,None,TIME_CLOSE_EXIT,154.77,5.0,773.84,0.55,0.35,0.43,-0.24,0.03,0.23,0.0,0.0,0.0,0.23,10318.03,0.0,,2026-08-27
906,2026-08-27 04:30:00+00:00,XRPUSDT,SHORT,EXECUTED,LOW_RISK__LOW_QUAL__LOW_PROFIT,None,TAKE_PROFIT_HIT,51.59,5.0,257.95,0.57,0.61,0.87,-0.12,0.57,1.46,0.0,0.0,0.0,1.46,10319.49,0.0,,2026-08-27
907,2026-08-27 05:00:00+00:00,BTCUSDT,SHORT,EXECUTED,LOW_RISK__HIGH_QUAL__LOW_PROFIT,None,TIME_CLOSE_EXIT,154.79,5.0,773.96,0.32,0.34,0.06,-0.2,-0.21,-1.63,0.0,0.0,0.0,-1.63,10317.87,0.02,,2026-08-27
908,2026-08-27 05:00:00+00:00,DOGEUSDT,SHORT,EXECUTED,HIGH_RISK__LOW_QUAL__HIGH_PROFIT,None,TIME_CLOSE_EXIT,12.9,1.0,12.9,0.46,0.73,0.4,-0.25,-0.38,-0.05,0.0,0.0,0.0,-0.05,10317.82,0.02,,2026-08-27
909,2026-08-27 06:45:00+00:00,DOGEUSDT,LONG,EXECUTED,MED_RISK__HIGH_QUAL__LOW_PROFIT,None,TAKE_PROFIT_HIT,77.38,2.5,193.46,0.89,0.65,3.45,-0.16,0.89,1.73,0.0,0.0,0.0,1.73,10319.55,0.0,,2026-08-27
910,2026-08-27 07:00:00+00:00,BTCUSDT,LONG,EXECUTED,MED_RISK__HIGH_QUAL__HIGH_PROFIT,None,TAKE_PROFIT_HIT,77.4,2.5,193.49,0.37,0.3,2.14,-0.1,0.37,0.71,0.0,0.0,0.0,0.71,10320.25,0.0,,2026-08-27
911,2026-08-27 07:30:00+00:00,XRPUSDT,LONG,EXECUTED,MED_RISK__HIGH_QUAL__LOW_PROFIT,None,TAKE_PROFIT_HIT,77.4,2.5,193.5,1.23,0.6,3.3,-0.18,1.23,2.38,0.0,0.0,0.0,2.38,10322.64,0.0,,2026-08-27
912,2026-08-27 07:45:00+00:00,ETHUSDT,LONG,EXECUTED,MED_RISK__LOW_QUAL__HIGH_PROFIT,None,TAKE_PROFIT_HIT,25.81,2.5,64.52,1.22,0.56,2.78,-0.24,1.22,0.78,0.0,0.0,0.0,0.78,10323.42,0.0,,2026-08-27
913,2026-08-27 11:15:00+00:00,ETHUSDT,SHORT,EXECUTED,MED_RISK__HIGH_QUAL__HIGH_PROFIT,None,TAKE_PROFIT_HIT,77.43,2.5,193.56,0.69,0.97,0.75,-0.36,0.69,1.33,0.0,0.0,0.0,1.33,10324.75,0.0,,2026-08-27
914,2026-08-27 12:30:00+00:00,BTCUSDT,SHORT,EXECUTED,LOW_RISK__HIGH_QUAL__LOW_PROFIT,None,TIME_CLOSE_EXIT,154.87,5.0,774.36,0.55,0.66,0.45,-0.37,-0.23,-1.78,0.0,0.0,0.0,-1.78,10322.97,0.02,,2026-08-27
915,2026-08-27 12:30:00+00:00,DOGEUSDT,SHORT,EXECUTED,HIGH_RISK__LOW_QUAL__HIGH_PROFIT,None,TIME_CLOSE_EXIT,12.9,1.0,12.9,1.05,1.4,0.34,-1.31,-1.34,-0.17,0.0,0.0,0.0,-0.17,10322.8,0.02,,2026-08-27
916,2026-08-27 12:45:00+00:00,XRPUSDT,SHORT,EXECUTED,MED_RISK__LOW_QUAL__LOW_PROFIT,None,TIME_CLOSE_EXIT,25.81,2.5,64.52,0.93,0.94,0.07,-0.35,-0.27,-0.17,0.0,0.0,0.0,-0.17,10322.62,0.02,,2026-08-27
917,2026-08-27 13:15:00+00:00,XRPUSDT,LONG,EXECUTED,MED_RISK__HIGH_QUAL__LOW_PROFIT,None,TAKE_PROFIT_HIT,77.42,2.5,193.55,2.02,0.72,3.1,-0.71,2.02,3.91,0.0,0.0,0.0,3.91,10326.54,0.0,,2026-08-27
918,2026-08-27 14:15:00+00:00,BTCUSDT,LONG,EXECUTED,HIGH_RISK__HIGH_QUAL__HIGH_PROFIT,None,TAKE_PROFIT_HIT,154.9,3.0,464.69,1.14,0.84,1.17,-0.65,1.14,5.29,0.0,0.0,0.0,5.29,10331.83,0.0,,2026-08-27
919,2026-08-27 14:30:00+00:00,DOGEUSDT,LONG,EXECUTED,HIGH_RISK__HIGH_QUAL__LOW_PROFIT,None,TIME_CLOSE_EXIT,38.74,1.0,38.74,2.04,1.63,0.71,-0.97,-1.02,-0.4,0.0,0.0,0.0,-0.4,10331.44,0.0,,2026-08-27
920,2026-08-27 14:45:00+00:00,ETHUSDT,LONG,EXECUTED,HIGH_RISK__LOW_QUAL__HIGH_PROFIT,None,TIME_CLOSE_EXIT,12.91,1.0,12.91,1.98,0.81,0.65,-0.24,0.03,0.0,0.0,0.0,0.0,0.0,10331.44,0.0,,2026-08-27
921,2026-08-27 18:00:00+00:00,ETHUSDT,SHORT,EXECUTED,MED_RISK__HIGH_QUAL__HIGH_PROFIT,None,TIME_CLOSE_EXIT,77.49,2.5,193.71,0.81,1.06,0.46,-0.72,-0.51,-0.99,0.0,0.0,0.0,-0.99,10330.45,0.01,,2026-08-27
922,2026-08-27 18:15:00+00:00,XRPUSDT,SHORT,EXECUTED,MED_RISK__LOW_QUAL__LOW_PROFIT,None,TIME_CLOSE_EXIT,25.83,2.5,64.57,1.46,1.6,0.44,-0.35,-0.65,-0.42,0.0,0.0,0.0,-0.42,10330.03,0.02,,2026-08-27
923,2026-08-27 18:15:00+00:00,DOGEUSDT,SHORT,EXECUTED,HIGH_RISK__LOW_QUAL__HIGH_PROFIT,None,TIME_CLOSE_EXIT,12.91,1.0,12.91,0.8,1.43,0.14,-0.66,-0.81,-0.1,0.0,0.0,0.0,-0.1,10329.93,0.02,,2026-08-27
924,2026-08-27 18:45:00+00:00,BTCUSDT,SHORT,EXECUTED,LOW_RISK__HIGH_QUAL__LOW_PROFIT,None,TIME_CLOSE_EXIT,154.95,5.0,774.74,0.41,0.29,0.33,-0.18,-0.04,-0.31,0.0,0.0,0.0,-0.31,10329.62,0.02,,2026-08-27
925,2026-08-27 22:00:00+00:00,BTCUSDT,LONG,EXECUTED,MED_RISK__HIGH_QUAL__HIGH_PROFIT,None,TAKE_PROFIT_HIT,77.47,2.5,193.68,0.49,0.37,1.53,-0.14,0.49,0.95,0.0,0.0,0.0,0.95,10330.56,0.01,,2026-08-27
926,2026-08-27 22:00:00+00:00,DOGEUSDT,LONG,EXECUTED,HIGH_RISK__HIGH_QUAL__LOW_PROFIT,None,TIME_CLOSE_EXIT,38.74,1.0,38.74,1.44,0.83,1.39,-0.65,-0.61,-0.24,0.0,0.0,0.0,-0.24,10330.33,0.01,,2026-08-27
927,2026-08-27 22:30:00+00:00,ETHUSDT,LONG,EXECUTED,MED_RISK__LOW_QUAL__HIGH_PROFIT,None,TAKE_PROFIT_HIT,25.83,2.5,64.56,0.63,0.46,0.88,-0.28,0.63,0.41,0.0,0.0,0.0,0.41,10330.74,0.01,,2026-08-27
928,2026-08-27 23:15:00+00:00,XRPUSDT,LONG,EXECUTED,MED_RISK__HIGH_QUAL__LOW_PROFIT,None,TIME_CLOSE_EXIT,77.48,2.5,193.7,1.28,0.65,0.17,-0.39,-0.19,-0.37,0.0,0.0,0.0,-0.37,10330.37,0.01,,2026-08-27
929,2026-08-28 00:00:00+00:00,XRPUSDT,SHORT,EXECUTED,MED_RISK__LOW_QUAL__LOW_PROFIT,None,TIME_CLOSE_EXIT,25.83,2.5,64.56,1.21,0.92,0.03,-0.84,-0.85,-0.55,0.0,0.0,0.0,-0.55,10329.82,0.02,,2026-08-28
930,2026-08-28 01:15:00+00:00,XRPUSDT,LONG,EXECUTED,HIGH_RISK__HIGH_QUAL__LOW_PROFIT,None,TIME_CLOSE_EXIT,38.74,1.0,38.74,1.21,1.41,0.32,-1.04,-1.19,-0.46,0.0,0.0,0.0,-0.46,10329.36,0.02,,2026-08-28
931,2026-08-28 01:45:00+00:00,SOLUSDT,SHORT,EXECUTED,MED_RISK__HIGH_QUAL__HIGH_PROFIT,None,TAKE_PROFIT_HIT,77.47,2.5,193.68,1.0,1.47,3.91,-0.64,1.0,1.94,0.0,0.0,0.0,1.94,10331.3,0.01,,2026-08-28
932,2026-08-28 02:00:00+00:00,XRPUSDT,SHORT,EXECUTED,MED_RISK__LOW_QUAL__LOW_PROFIT,None,TAKE_PROFIT_HIT,25.83,2.5,64.57,1.41,1.26,2.54,-0.84,1.41,0.91,0.0,0.0,0.0,0.91,10332.21,0.0,,2026-08-28
933,2026-08-28 02:15:00+00:00,DOGEUSDT,SHORT,EXECUTED,HIGH_RISK__LOW_QUAL__HIGH_PROFIT,None,TAKE_PROFIT_HIT,12.92,1.0,12.92,1.0,1.28,2.82,-0.78,1.0,0.13,0.0,0.0,0.0,0.13,10332.34,0.0,,2026-08-28
934,2026-08-28 02:15:00+00:00,ETHUSDT,SHORT,EXECUTED,MED_RISK__HIGH_QUAL__HIGH_PROFIT,None,TIME_CLOSE_EXIT,77.49,2.5,193.73,0.99,0.87,0.69,-0.41,-0.25,-0.48,0.0,0.0,0.0,-0.48,10331.86,0.0,,2026-08-28
935,2026-08-28 02:30:00+00:00,BTCUSDT,SHORT,EXECUTED,LOW_RISK__HIGH_QUAL__LOW_PROFIT,None,TAKE_PROFIT_HIT,154.98,5.0,774.89,0.72,0.6,3.94,-0.14,0.72,5.56,0.0,0.0,0.0,5.56,10337.41,0.0,,2026-08-28
936,2026-08-28 06:30:00+00:00,ETHUSDT,LONG,EXECUTED,MED_RISK__LOW_QUAL__HIGH_PROFIT,None,TIME_CLOSE_EXIT,25.84,2.5,64.61,0.78,0.33,0.16,-0.09,-0.14,-0.09,0.0,0.0,0.0,-0.09,10337.32,0.0,,2026-08-28
937,2026-08-28 08:30:00+00:00,ETHUSDT,SHORT,EXECUTED,LOW_RISK__HIGH_QUAL__HIGH_PROFIT,None,TAKE_PROFIT_HIT,155.06,5.0,775.3,0.36,0.34,0.48,-0.17,0.36,2.77,0.0,0.0,0.0,2.77,10340.09,0.0,,2026-08-28
938,2026-08-28 10:45:00+00:00,ETHUSDT,LONG,EXECUTED,HIGH_RISK__LOW_QUAL__HIGH_PROFIT,None,TIME_CLOSE_EXIT,12.93,1.0,12.93,1.1,0.79,0.47,-0.51,0.1,0.01,0.0,0.0,0.0,0.01,10340.1,0.0,,2026-08-28
939,2026-08-28 11:15:00+00:00,XRPUSDT,LONG,EXECUTED,HIGH_RISK__HIGH_QUAL__LOW_PROFIT,None,TIME_CLOSE_EXIT,38.78,1.0,38.78,0.91,0.85,0.3,-0.02,-0.55,-0.21,0.0,0.0,0.0,-0.21,10339.89,0.0,,2026-08-28
940,2026-08-28 12:15:00+00:00,XRPUSDT,SHORT,EXECUTED,LOW_RISK__LOW_QUAL__LOW_PROFIT,None,TIME_CLOSE_EXIT,51.7,5.0,258.5,0.56,0.56,0.32,-0.36,-0.04,-0.1,0.0,0.0,0.0,-0.1,10339.79,0.0,,2026-08-28
941,2026-08-28 12:45:00+00:00,XRPUSDT,LONG,EXECUTED,MED_RISK__HIGH_QUAL__LOW_PROFIT,None,TIME_CLOSE_EXIT,77.55,2.5,193.87,1.14,0.66,0.19,-0.42,-0.44,-0.85,0.0,0.0,0.0,-0.85,10338.93,0.01,,2026-08-28
942,2026-08-28 13:30:00+00:00,XRPUSDT,SHORT,EXECUTED,MED_RISK__LOW_QUAL__LOW_PROFIT,None,TAKE_PROFIT_HIT,25.85,2.5,64.62,0.76,0.8,2.03,-1.05,0.76,0.49,0.0,0.0,0.0,0.49,10339.43,0.01,,2026-08-28
943,2026-08-28 14:00:00+00:00,ETHUSDT,SHORT,EXECUTED,MED_RISK__HIGH_QUAL__HIGH_PROFIT,None,TIME_CLOSE_EXIT,77.55,2.5,193.86,0.69,1.52,0.4,-1.9,-0.57,-1.11,0.0,0.0,0.0,-1.11,10338.32,0.02,,2026-08-28
944,2026-08-28 14:30:00+00:00,ETHUSDT,LONG,EXECUTED,HIGH_RISK__LOW_QUAL__HIGH_PROFIT,None,TIME_CLOSE_EXIT,12.92,1.0,12.92,0.69,1.08,0.66,-0.93,-0.83,-0.11,0.0,0.0,0.0,-0.11,10338.21,0.02,,2026-08-28
945,2026-08-28 14:45:00+00:00,DOGEUSDT,LONG,EXECUTED,HIGH_RISK__HIGH_QUAL__LOW_PROFIT,None,TIME_CLOSE_EXIT,38.77,1.0,38.77,0.78,1.55,0.34,-1.01,-0.52,-0.2,0.0,0.0,0.0,-0.2,10338.01,0.02,,2026-08-28
946,2026-08-28 14:45:00+00:00,XRPUSDT,LONG,EXECUTED,HIGH_RISK__HIGH_QUAL__LOW_PROFIT,None,TIME_CLOSE_EXIT,38.77,1.0,38.77,1.25,1.55,0.45,-0.98,-1.32,-0.51,0.0,0.0,0.0,-0.51,10337.5,0.03,,2026-08-28
947,2026-08-28 15:15:00+00:00,SOLUSDT,LONG,EXECUTED,HIGH_RISK__LOW_QUAL__HIGH_PROFIT,None,TIME_CLOSE_EXIT,12.92,1.0,12.92,1.86,1.82,1.09,-1.39,-1.44,-0.19,0.0,0.0,0.0,-0.19,10337.31,0.03,,2026-08-28
948,2026-08-28 15:30:00+00:00,DOGEUSDT,SHORT,EXECUTED,HIGH_RISK__LOW_QUAL__HIGH_PROFIT,None,TAKE_PROFIT_HIT,12.92,1.0,12.92,1.58,1.16,2.99,-1.06,1.58,0.2,0.0,0.0,0.0,0.2,10337.52,0.03,,2026-08-28
949,2026-08-28 15:45:00+00:00,XRPUSDT,SHORT,EXECUTED,MED_RISK__LOW_QUAL__LOW_PROFIT,None,TAKE_PROFIT_HIT,25.84,2.5,64.61,1.78,1.56,2.86,-0.81,1.78,1.15,0.0,0.0,0.0,1.15,10338.67,0.01,,2026-08-28
950,2026-08-28 15:45:00+00:00,ETHUSDT,SHORT,EXECUTED,MED_RISK__HIGH_QUAL__HIGH_PROFIT,None,TAKE_PROFIT_HIT,77.54,2.5,193.85,1.47,1.35,2.67,-0.95,1.47,2.84,0.0,0.0,0.0,2.84,10341.51,0.0,,2026-08-28
951,2026-08-28 16:00:00+00:00,SOLUSDT,SHORT,EXECUTED,MED_RISK__HIGH_QUAL__HIGH_PROFIT,None,TAKE_PROFIT_HIT,77.56,2.5,193.9,1.87,1.77,1.99,-1.3,1.87,3.62,0.0,0.0,0.0,3.62,10345.13,0.0,,2026-08-28
952,2026-08-28 22:45:00+00:00,DOGEUSDT,LONG,EXECUTED,MED_RISK__HIGH_QUAL__LOW_PROFIT,None,TIME_CLOSE_EXIT,77.59,2.5,193.97,0.71,0.6,0.32,-0.15,-0.12,-0.23,0.0,0.0,0.0,-0.23,10344.9,0.0,,2026-08-28
953,2026-08-28 23:00:00+00:00,SOLUSDT,LONG,EXECUTED,HIGH_RISK__HIGH_QUAL__HIGH_PROFIT,None,TIME_CLOSE_EXIT,155.17,3.0,465.52,0.7,0.89,0.21,-0.37,-0.49,-2.28,0.0,0.0,0.0,-2.28,10342.62,0.02,,2026-08-28
954,2026-08-28 23:15:00+00:00,BTCUSDT,LONG,EXECUTED,MED_RISK__HIGH_QUAL__HIGH_PROFIT,None,TAKE_PROFIT_HIT,77.57,2.5,193.92,0.28,0.29,0.36,-0.06,0.28,0.55,0.0,0.0,0.0,0.55,10343.17,0.02,,2026-08-28
955,2026-08-28 23:15:00+00:00,ETHUSDT,LONG,EXECUTED,MED_RISK__LOW_QUAL__HIGH_PROFIT,None,TIME_CLOSE_EXIT,25.86,2.5,64.64,0.49,0.34,0.42,-0.06,0.03,0.02,0.0,0.0,0.0,0.02,10343.19,0.02,,2026-08-28
956,2026-08-28 23:45:00+00:00,XRPUSDT,LONG,EXECUTED,MED_RISK__HIGH_QUAL__LOW_PROFIT,None,TIME_CLOSE_EXIT,77.57,2.5,193.93,0.77,0.52,0.4,-0.18,-0.18,-0.35,0.0,0.0,0.0,-0.35,10342.84,0.02,,2026-08-28
957,2026-08-29 02:30:00+00:00,XRPUSDT,SHORT,EXECUTED,LOW_RISK__LOW_QUAL__LOW_PROFIT,None,TIME_CLOSE_EXIT,51.71,5.0,258.57,0.75,0.4,0.16,-0.14,-0.07,-0.18,0.0,0.0,0.0,-0.18,10342.66,0.02,,2026-08-29
958,2026-08-29 02:30:00+00:00,BTCUSDT,SHORT,EXECUTED,LOW_RISK__HIGH_QUAL__LOW_PROFIT,None,TIME_CLOSE_EXIT,155.14,5.0,775.7,0.55,0.21,0.3,-0.15,0.05,0.39,0.0,0.0,0.0,0.39,10343.05,0.02,,2026-08-29
959,2026-08-29 02:30:00+00:00,SOLUSDT,SHORT,EXECUTED,LOW_RISK__HIGH_QUAL__LOW_PROFIT,None,TIME_CLOSE_EXIT,155.15,5.0,775.73,0.64,0.44,0.21,-0.12,-0.19,-1.47,0.0,0.0,0.0,-1.47,10341.57,0.03,,2026-08-29
960,2026-08-29 02:45:00+00:00,DOGEUSDT,SHORT,EXECUTED,MED_RISK__HIGH_QUAL__HIGH_PROFIT,None,TIME_CLOSE_EXIT,77.56,2.5,193.9,0.6,0.43,0.26,-0.15,-0.18,-0.35,0.0,0.0,0.0,-0.35,10341.22,0.04,,2026-08-29
961,2026-08-29 03:00:00+00:00,ETHUSDT,SHORT,EXECUTED,LOW_RISK__HIGH_QUAL__HIGH_PROFIT,None,TIME_CLOSE_EXIT,155.12,5.0,775.59,0.27,0.18,0.18,-0.11,-0.1,-0.78,0.0,0.0,0.0,-0.78,10340.45,0.05,,2026-08-29
962,2026-08-29 03:30:00+00:00,XRPUSDT,SHORT,EXECUTED,LOW_RISK__LOW_QUAL__LOW_PROFIT,None,TIME_CLOSE_EXIT,51.7,5.0,258.51,0.8,0.5,0.2,-0.23,-0.01,-0.03,0.0,0.0,0.0,-0.03,10340.42,0.05,,2026-08-29
963,2026-08-29 03:30:00+00:00,SOLUSDT,LONG,EXECUTED,MED_RISK__HIGH_QUAL__HIGH_PROFIT,None,TIME_CLOSE_EXIT,77.55,2.5,193.88,0.52,0.35,0.12,-0.27,0.0,0.0,0.0,0.0,0.0,0.0,10340.42,0.05,,2026-08-29
964,2026-08-29 03:45:00+00:00,SOLUSDT,SHORT,EXECUTED,LOW_RISK__HIGH_QUAL__LOW_PROFIT,None,TIME_CLOSE_EXIT,155.11,5.0,775.53,0.64,0.43,0.39,-0.25,-0.19,-1.47,0.0,0.0,0.0,-1.47,10338.95,0.06,,2026-08-29
965,2026-08-29 04:45:00+00:00,XRPUSDT,LONG,EXECUTED,MED_RISK__HIGH_QUAL__LOW_PROFIT,None,TIME_CLOSE_EXIT,77.54,2.5,193.86,0.55,0.56,0.47,-0.48,-0.53,-1.03,0.0,0.0,0.0,-1.03,10337.92,0.07,,2026-08-29
966,2026-08-29 05:00:00+00:00,DOGEUSDT,LONG,EXECUTED,MED_RISK__HIGH_QUAL__LOW_PROFIT,None,TIME_CLOSE_EXIT,77.53,2.5,193.84,0.32,0.48,0.08,-0.11,-0.19,-0.37,0.0,0.0,0.0,-0.37,10337.55,0.07,,2026-08-29
967,2026-08-29 05:15:00+00:00,ETHUSDT,LONG,EXECUTED,LOW_RISK__LOW_QUAL__HIGH_PROFIT,None,TIME_CLOSE_EXIT,51.69,5.0,258.44,0.56,0.13,0.08,-0.04,-0.05,-0.13,0.0,0.0,0.0,-0.13,10337.42,0.07,,2026-08-29
968,2026-08-29 05:30:00+00:00,SOLUSDT,LONG,EXECUTED,MED_RISK__HIGH_QUAL__HIGH_PROFIT,None,TIME_CLOSE_EXIT,77.53,2.5,193.83,0.5,0.33,0.05,-0.2,-0.07,-0.14,0.0,0.0,0.0,-0.14,10337.29,0.08,,2026-08-29
969,2026-08-29 06:00:00+00:00,ETHUSDT,SHORT,EXECUTED,LOW_RISK__HIGH_QUAL__HIGH_PROFIT,None,TIME_CLOSE_EXIT,155.06,5.0,775.3,0.69,0.43,0.06,-0.3,-0.12,-0.93,0.0,0.0,0.0,-0.93,10336.36,0.08,,2026-08-29
970,2026-08-29 06:00:00+00:00,SOLUSDT,SHORT,EXECUTED,MED_RISK__HIGH_QUAL__LOW_PROFIT,None,TIME_CLOSE_EXIT,77.52,2.5,193.81,0.89,0.78,0.41,-0.55,-0.05,-0.1,0.0,0.0,0.0,-0.1,10336.26,0.09,,2026-08-29
971,2026-08-29 06:00:00+00:00,DOGEUSDT,SHORT,EXECUTED,HIGH_RISK__HIGH_QUAL__HIGH_PROFIT,None,TIME_CLOSE_EXIT,155.04,3.0,465.13,0.83,0.96,0.48,-0.6,0.0,0.0,0.0,0.0,0.0,0.0,10336.26,0.09,,2026-08-29
972,2026-08-29 06:30:00+00:00,XRPUSDT,SHORT,EXECUTED,LOW_RISK__LOW_QUAL__LOW_PROFIT,None,TIME_CLOSE_EXIT,51.68,5.0,258.41,0.67,0.44,0.21,-0.02,-0.2,-0.52,0.0,0.0,0.0,-0.52,10335.74,0.09,,2026-08-29
973,2026-08-29 08:45:00+00:00,BTCUSDT,LONG,EXECUTED,MED_RISK__HIGH_QUAL__HIGH_PROFIT,None,TIME_CLOSE_EXIT,77.52,2.5,193.8,0.21,0.13,0.15,-0.12,-0.05,-0.1,0.0,0.0,0.0,-0.1,10335.65,0.09,,2026-08-29
974,2026-08-29 09:15:00+00:00,XRPUSDT,LONG,EXECUTED,MED_RISK__HIGH_QUAL__LOW_PROFIT,None,TAKE_PROFIT_HIT,77.52,2.5,193.79,0.54,0.38,1.31,-0.41,0.54,1.05,0.0,0.0,0.0,1.05,10336.7,0.08,,2026-08-29
975,2026-08-29 11:00:00+00:00,ETHUSDT,LONG,EXECUTED,LOW_RISK__LOW_QUAL__LOW_PROFIT,None,TIME_CLOSE_EXIT,51.68,5.0,258.42,0.34,0.26,0.04,-0.18,-0.09,-0.23,0.0,0.0,0.0,-0.23,10336.46,0.08,,2026-08-29
976,2026-08-29 12:00:00+00:00,SOLUSDT,LONG,EXECUTED,MED_RISK__HIGH_QUAL__HIGH_PROFIT,None,TIME_CLOSE_EXIT,77.52,2.5,193.81,0.95,0.36,0.01,-0.24,0.0,0.0,0.0,0.0,0.0,0.0,10336.46,0.08,,2026-08-29
977,2026-08-29 12:15:00+00:00,SOLUSDT,SHORT,EXECUTED,LOW_RISK__HIGH_QUAL__LOW_PROFIT,None,TIME_CLOSE_EXIT,155.05,5.0,775.23,0.17,0.47,0.06,-0.49,0.0,0.0,0.0,0.0,0.0,0.0,10336.46,0.08,,2026-08-29
978,2026-08-29 12:15:00+00:00,BTCUSDT,SHORT,EXECUTED,LOW_RISK__HIGH_QUAL__LOW_PROFIT,None,TIME_CLOSE_EXIT,155.05,5.0,775.23,0.2,0.23,0.1,-0.1,-0.1,-0.78,0.0,0.0,0.0,-0.78,10335.69,0.09,,2026-08-29
979,2026-08-29 12:15:00+00:00,DOGEUSDT,LONG,EXECUTED,MED_RISK__HIGH_QUAL__LOW_PROFIT,None,TAKE_PROFIT_HIT,77.52,2.5,193.79,0.55,0.67,1.11,-0.21,0.55,1.06,0.0,0.0,0.0,1.06,10336.75,0.08,,2026-08-29
980,2026-08-29 12:30:00+00:00,ETHUSDT,SHORT,EXECUTED,LOW_RISK__LOW_QUAL__HIGH_PROFIT,None,TIME_CLOSE_EXIT,51.68,5.0,258.42,0.19,0.18,0.08,-0.07,-0.06,-0.16,0.0,0.0,0.0,-0.16,10336.6,0.08,,2026-08-29
981,2026-08-29 12:30:00+00:00,SOLUSDT,LONG,EXECUTED,MED_RISK__HIGH_QUAL__HIGH_PROFIT,None,TAKE_PROFIT_HIT,77.52,2.5,193.81,0.85,0.3,2.18,-0.21,0.85,1.66,0.0,0.0,0.0,1.66,10338.25,0.07,,2026-08-29
982,2026-08-29 13:15:00+00:00,BTCUSDT,LONG,EXECUTED,MED_RISK__HIGH_QUAL__HIGH_PROFIT,None,TAKE_PROFIT_HIT,77.54,2.5,193.84,0.41,0.07,0.86,-0.02,0.41,0.8,0.0,0.0,0.0,0.8,10339.05,0.06,,2026-08-29
983,2026-08-29 14:30:00+00:00,ETHUSDT,LONG,EXECUTED,MED_RISK__LOW_QUAL__LOW_PROFIT,None,TAKE_PROFIT_HIT,25.85,2.5,64.62,0.51,0.77,0.95,-0.36,0.51,0.33,0.0,0.0,0.0,0.33,10339.38,0.06,,2026-08-29
984,2026-08-29 21:30:00+00:00,DOGEUSDT,SHORT,EXECUTED,MED_RISK__HIGH_QUAL__HIGH_PROFIT,None,TIME_CLOSE_EXIT,77.55,2.5,193.86,0.52,0.27,0.21,-0.13,-0.02,-0.04,0.0,0.0,0.0,-0.04,10339.34,0.06,,2026-08-29
985,2026-08-29 22:00:00+00:00,SOLUSDT,SHORT,EXECUTED,LOW_RISK__HIGH_QUAL__LOW_PROFIT,None,TIME_CLOSE_EXIT,155.09,5.0,775.45,0.4,0.36,0.1,-0.09,0.0,0.0,0.0,0.0,0.0,0.0,10339.34,0.06,,2026-08-29
986,2026-08-29 22:00:00+00:00,XRPUSDT,SHORT,EXECUTED,LOW_RISK__LOW_QUAL__LOW_PROFIT,None,TIME_CLOSE_EXIT,51.7,5.0,258.48,0.7,0.49,0.05,-0.15,-0.27,-0.7,0.0,0.0,0.0,-0.7,10338.64,0.06,,2026-08-29
987,2026-08-29 22:15:00+00:00,SOLUSDT,LONG,EXECUTED,MED_RISK__HIGH_QUAL__HIGH_PROFIT,None,TAKE_PROFIT_HIT,77.54,2.5,193.85,0.43,0.33,0.6,-0.2,0.43,0.83,0.0,0.0,0.0,0.83,10339.47,0.05,,2026-08-29
988,2026-08-29 23:45:00+00:00,DOGEUSDT,LONG,EXECUTED,MED_RISK__HIGH_QUAL__LOW_PROFIT,None,TIME_CLOSE_EXIT,77.55,2.5,193.87,0.35,0.35,0.26,-0.18,-0.14,-0.27,0.0,0.0,0.0,-0.27,10339.2,0.06,,2026-08-29
989,2026-08-29 23:45:00+00:00,XRPUSDT,LONG,EXECUTED,MED_RISK__HIGH_QUAL__LOW_PROFIT,None,TIME_CLOSE_EXIT,77.54,2.5,193.86,0.48,0.34,0.21,-0.26,-0.06,-0.12,0.0,0.0,0.0,-0.12,10339.09,0.06,,2026-08-29
990,2026-08-30 01:00:00+00:00,DOGEUSDT,SHORT,EXECUTED,MED_RISK__HIGH_QUAL__HIGH_PROFIT,None,TAKE_PROFIT_HIT,77.54,2.5,193.86,0.38,0.41,0.55,-0.19,0.38,0.73,0.0,0.0,0.0,0.73,10339.82,0.05,,2026-08-30
991,2026-08-30 01:00:00+00:00,XRPUSDT,SHORT,EXECUTED,LOW_RISK__LOW_QUAL__LOW_PROFIT,None,TIME_CLOSE_EXIT,51.7,5.0,258.5,0.79,0.48,0.26,-0.4,-0.24,-0.62,0.0,0.0,0.0,-0.62,10339.2,0.06,,2026-08-30
992,2026-08-30 01:00:00+00:00,BTCUSDT,SHORT,EXECUTED,LOW_RISK__HIGH_QUAL__LOW_PROFIT,None,TIME_CLOSE_EXIT,155.09,5.0,775.44,0.33,0.22,0.1,-0.15,-0.15,-1.16,0.0,0.0,0.0,-1.16,10338.04,0.07,,2026-08-30
993,2026-08-30 01:15:00+00:00,SOLUSDT,SHORT,EXECUTED,LOW_RISK__HIGH_QUAL__LOW_PROFIT,None,TIME_CLOSE_EXIT,155.07,5.0,775.35,0.43,0.5,0.1,-0.26,-0.22,-1.71,0.0,0.0,0.0,-1.71,10336.33,0.09,,2026-08-30
994,2026-08-30 02:30:00+00:00,SOLUSDT,LONG,EXECUTED,MED_RISK__HIGH_QUAL__HIGH_PROFIT,None,TIME_CLOSE_EXIT,77.52,2.5,193.81,0.79,0.21,0.06,-0.12,0.0,0.0,0.0,0.0,0.0,0.0,10336.33,0.09,,2026-08-30
995,2026-08-30 02:45:00+00:00,SOLUSDT,SHORT,EXECUTED,LOW_RISK__HIGH_QUAL__LOW_PROFIT,None,TAKE_PROFIT_HIT,155.04,5.0,775.22,0.4,0.34,0.51,-0.24,0.4,3.12,0.0,0.0,0.0,3.12,10339.45,0.05,,2026-08-30
996,2026-08-30 03:45:00+00:00,BTCUSDT,LONG,EXECUTED,MED_RISK__HIGH_QUAL__HIGH_PROFIT,None,TIME_CLOSE_EXIT,77.55,2.5,193.86,0.34,0.01,0.1,0.0,-0.03,-0.06,0.0,0.0,0.0,-0.06,10339.4,0.06,,2026-08-30
997,2026-08-30 04:30:00+00:00,ETHUSDT,SHORT,EXECUTED,LOW_RISK__HIGH_QUAL__HIGH_PROFIT,None,TIME_CLOSE_EXIT,155.09,5.0,775.45,0.3,0.21,0.07,-0.11,-0.13,-1.01,0.0,0.0,0.0,-1.01,10338.39,0.07,,2026-08-30
998,2026-08-30 04:30:00+00:00,BTCUSDT,SHORT,EXECUTED,LOW_RISK__HIGH_QUAL__LOW_PROFIT,None,TIME_CLOSE_EXIT,155.08,5.0,775.38,0.33,0.23,0.04,-0.13,-0.13,-1.01,0.0,0.0,0.0,-1.01,10337.38,0.07,,2026-08-30
999,2026-08-30 06:30:00+00:00,DOGEUSDT,LONG,EXECUTED,MED_RISK__HIGH_QUAL__LOW_PROFIT,None,TIME_CLOSE_EXIT,77.53,2.5,193.83,0.3,0.34,0.13,-0.08,-0.21,-0.41,0.0,0.0,0.0,-0.41,10336.97,0.08,,2026-08-30
1000,2026-08-30 07:00:00+00:00,SOLUSDT,LONG,EXECUTED,MED_RISK__HIGH_QUAL__HIGH_PROFIT,None,TIME_CLOSE_EXIT,77.53,2.5,193.82,0.91,0.38,0.11,-0.11,-0.18,-0.35,0.0,0.0,0.0,-0.35,10336.62,0.08,,2026-08-30
